:020000040000FA
:20000000000102030405060708090A0B0C0D0E0F101112131415161718191A1B1C1D1E1FF0
:20002000202122232425262728292A2B2C2D2E2F303132333435363738393A3B3C3D3E3FD0
:20004000404142434445464748494A4B4C4D4E4F505152535455565758595A5B5C5D5E5FB0
:20006000606162636465666768696A6B6C6D6E6F707172737475767778797A7B7C7D7E7F90
:20008000808182838485868788898A8B8C8D8E8F909192939495969798999A9B9C9D9E9F70
:2000A000A0A1A2A3A4A5A6A7A8A9AAABACADAEAFB0B1B2B3B4B5B6B7B8B9BABBBCBDBEBF50
:2000C000C0C1C2C3C4C5C6C7C8C9CACBCCCDCECFD0D1D2D3D4D5D6D7D8D9DADBDCDDDEDF30
:2000E000E0E1E2E3E4E5E6E7E8E9EAEBECEDEEEFF0F1F2F3F4F5F6F7F8F9FAFBFCFDFEFF10
:20010000000102030405060708090A0B0C0D0E0F101112131415161718191A1B1C1D1E1FEF
:20012000202122232425262728292A2B2C2D2E2F303132333435363738393A3B3C3D3E3FCF
:20014000404142434445464748494A4B4C4D4E4F505152535455565758595A5B5C5D5E5FAF
:20016000606162636465666768696A6B6C6D6E6F707172737475767778797A7B7C7D7E7F8F
:20018000808182838485868788898A8B8C8D8E8F909192939495969798999A9B9C9D9E9F6F
:2001A000A0A1A2A3A4A5A6A7A8A9AAABACADAEAFB0B1B2B3B4B5B6B7B8B9BABBBCBDBEBF4F
:2001C000C0C1C2C3C4C5C6C7C8C9CACBCCCDCECFD0D1D2D3D4D5D6D7D8D9DADBDCDDDEDF2F
:2001E000E0E1E2E3E4E5E6E7E8E9EAEBECEDEEEFF0F1F2F3F4F5F6F7F8F9FAFBFCFDFEFF0F
:20020000000102030405060708090A0B0C0D0E0F101112131415161718191A1B1C1D1E1FEE
:20022000202122232425262728292A2B2C2D2E2F303132333435363738393A3B3C3D3E3FCE
:20024000404142434445464748494A4B4C4D4E4F505152535455565758595A5B5C5D5E5FAE
:20026000606162636465666768696A6B6C6D6E6F707172737475767778797A7B7C7D7E7F8E
:20028000808182838485868788898A8B8C8D8E8F909192939495969798999A9B9C9D9E9F6E
:2002A000A0A1A2A3A4A5A6A7A8A9AAABACADAEAFB0B1B2B3B4B5B6B7B8B9BABBBCBDBEBF4E
:2002C000C0C1C2C3C4C5C6C7C8C9CACBCCCDCECFD0D1D2D3D4D5D6D7D8D9DADBDCDDDEDF2E
:2002E000E0E1E2E3E4E5E6E7E8E9EAEBECEDEEEFF0F1F2F3F4F5F6F7F8F9FAFBFCFDFEFF0E
:20030000000102030405060708090A0B0C0D0E0F101112131415161718191A1B1C1D1E1FED
:20032000202122232425262728292A2B2C2D2E2F303132333435363738393A3B3C3D3E3FCD
:20034000404142434445464748494A4B4C4D4E4F505152535455565758595A5B5C5D5E5FAD
:20036000606162636465666768696A6B6C6D6E6F707172737475767778797A7B7C7D7E7F8D
:20038000808182838485868788898A8B8C8D8E8F909192939495969798999A9B9C9D9E9F6D
:2003A000A0A1A2A3A4A5A6A7A8A9AAABACADAEAFB0B1B2B3B4B5B6B7B8B9BABBBCBDBEBF4D
:2003C000C0C1C2C3C4C5C6C7C8C9CACBCCCDCECFD0D1D2D3D4D5D6D7D8D9DADBDCDDDEDF2D
:2003E000E0E1E2E3E4E5E6E7E8E9EAEBECEDEEEFF0F1F2F3F4F5F6F7F8F9FAFBFCFDFEFF0D
:20040000000102030405060708090A0B0C0D0E0F101112131415161718191A1B1C1D1E1FEC
:20042000202122232425262728292A2B2C2D2E2F303132333435363738393A3B3C3D3E3FCC
:20044000404142434445464748494A4B4C4D4E4F505152535455565758595A5B5C5D5E5FAC
:20046000606162636465666768696A6B6C6D6E6F707172737475767778797A7B7C7D7E7F8C
:20048000808182838485868788898A8B8C8D8E8F909192939495969798999A9B9C9D9E9F6C
:2004A000A0A1A2A3A4A5A6A7A8A9AAABACADAEAFB0B1B2B3B4B5B6B7B8B9BABBBCBDBEBF4C
:2004C000C0C1C2C3C4C5C6C7C8C9CACBCCCDCECFD0D1D2D3D4D5D6D7D8D9DADBDCDDDEDF2C
:2004E000E0E1E2E3E4E5E6E7E8E9EAEBECEDEEEFF0F1F2F3F4F5F6F7F8F9FAFBFCFDFEFF0C
:20050000000102030405060708090A0B0C0D0E0F101112131415161718191A1B1C1D1E1FEB
:20052000202122232425262728292A2B2C2D2E2F303132333435363738393A3B3C3D3E3FCB
:20054000404142434445464748494A4B4C4D4E4F505152535455565758595A5B5C5D5E5FAB
:20056000606162636465666768696A6B6C6D6E6F707172737475767778797A7B7C7D7E7F8B
:20058000808182838485868788898A8B8C8D8E8F909192939495969798999A9B9C9D9E9F6B
:2005A000A0A1A2A3A4A5A6A7A8A9AAABACADAEAFB0B1B2B3B4B5B6B7B8B9BABBBCBDBEBF4B
:2005C000C0C1C2C3C4C5C6C7C8C9CACBCCCDCECFD0D1D2D3D4D5D6D7D8D9DADBDCDDDEDF2B
:2005E000E0E1E2E3E4E5E6E7E8E9EAEBECEDEEEFF0F1F2F3F4F5F6F7F8F9FAFBFCFDFEFF0B
:20060000000102030405060708090A0B0C0D0E0F101112131415161718191A1B1C1D1E1FEA
:20062000202122232425262728292A2B2C2D2E2F303132333435363738393A3B3C3D3E3FCA
:20064000404142434445464748494A4B4C4D4E4F505152535455565758595A5B5C5D5E5FAA
:20066000606162636465666768696A6B6C6D6E6F707172737475767778797A7B7C7D7E7F8A
:20068000808182838485868788898A8B8C8D8E8F909192939495969798999A9B9C9D9E9F6A
:2006A000A0A1A2A3A4A5A6A7A8A9AAABACADAEAFB0B1B2B3B4B5B6B7B8B9BABBBCBDBEBF4A
:2006C000C0C1C2C3C4C5C6C7C8C9CACBCCCDCECFD0D1D2D3D4D5D6D7D8D9DADBDCDDDEDF2A
:2006E000E0E1E2E3E4E5E6E7E8E9EAEBECEDEEEFF0F1F2F3F4F5F6F7F8F9FAFBFCFDFEFF0A
:20070000000102030405060708090A0B0C0D0E0F101112131415161718191A1B1C1D1E1FE9
:20072000202122232425262728292A2B2C2D2E2F303132333435363738393A3B3C3D3E3FC9
:20074000404142434445464748494A4B4C4D4E4F505152535455565758595A5B5C5D5E5FA9
:20076000606162636465666768696A6B6C6D6E6F707172737475767778797A7B7C7D7E7F89
:20078000808182838485868788898A8B8C8D8E8F909192939495969798999A9B9C9D9E9F69
:2007A000A0A1A2A3A4A5A6A7A8A9AAABACADAEAFB0B1B2B3B4B5B6B7B8B9BABBBCBDBEBF49
:2007C000C0C1C2C3C4C5C6C7C8C9CACBCCCDCECFD0D1D2D3D4D5D6D7D8D9DADBDCDDDEDF29
:2007E000E0E1E2E3E4E5E6E7E8E9EAEBECEDEEEFF0F1F2F3F4F5F6F7F8F9FAFBFCFDFEFF09
:20080000000102030405060708090A0B0C0D0E0F101112131415161718191A1B1C1D1E1FE8
:20082000202122232425262728292A2B2C2D2E2F303132333435363738393A3B3C3D3E3FC8
:20084000404142434445464748494A4B4C4D4E4F505152535455565758595A5B5C5D5E5FA8
:20086000606162636465666768696A6B6C6D6E6F707172737475767778797A7B7C7D7E7F88
:20088000808182838485868788898A8B8C8D8E8F909192939495969798999A9B9C9D9E9F68
:2008A000A0A1A2A3A4A5A6A7A8A9AAABACADAEAFB0B1B2B3B4B5B6B7B8B9BABBBCBDBEBF48
:2008C000C0C1C2C3C4C5C6C7C8C9CACBCCCDCECFD0D1D2D3D4D5D6D7D8D9DADBDCDDDEDF28
:2008E000E0E1E2E3E4E5E6E7E8E9EAEBECEDEEEFF0F1F2F3F4F5F6F7F8F9FAFBFCFDFEFF08
:20090000000102030405060708090A0B0C0D0E0F101112131415161718191A1B1C1D1E1FE7
:20092000202122232425262728292A2B2C2D2E2F303132333435363738393A3B3C3D3E3FC7
:20094000404142434445464748494A4B4C4D4E4F505152535455565758595A5B5C5D5E5FA7
:20096000606162636465666768696A6B6C6D6E6F707172737475767778797A7B7C7D7E7F87
:20098000808182838485868788898A8B8C8D8E8F909192939495969798999A9B9C9D9E9F67
:2009A000A0A1A2A3A4A5A6A7A8A9AAABACADAEAFB0B1B2B3B4B5B6B7B8B9BABBBCBDBEBF47
:2009C000C0C1C2C3C4C5C6C7C8C9CACBCCCDCECFD0D1D2D3D4D5D6D7D8D9DADBDCDDDEDF27
:2009E000E0E1E2E3E4E5E6E7E8E9EAEBECEDEEEFF0F1F2F3F4F5F6F7F8F9FAFBFCFDFEFF07
:200A0000000102030405060708090A0B0C0D0E0F101112131415161718191A1B1C1D1E1FE6
:200A2000202122232425262728292A2B2C2D2E2F303132333435363738393A3B3C3D3E3FC6
:200A4000404142434445464748494A4B4C4D4E4F505152535455565758595A5B5C5D5E5FA6
:200A6000606162636465666768696A6B6C6D6E6F707172737475767778797A7B7C7D7E7F86
:200A8000808182838485868788898A8B8C8D8E8F909192939495969798999A9B9C9D9E9F66
:200AA000A0A1A2A3A4A5A6A7A8A9AAABACADAEAFB0B1B2B3B4B5B6B7B8B9BABBBCBDBEBF46
:200AC000C0C1C2C3C4C5C6C7C8C9CACBCCCDCECFD0D1D2D3D4D5D6D7D8D9DADBDCDDDEDF26
:200AE000E0E1E2E3E4E5E6E7E8E9EAEBECEDEEEFF0F1F2F3F4F5F6F7F8F9FAFBFCFDFEFF06
:200B0000000102030405060708090A0B0C0D0E0F101112131415161718191A1B1C1D1E1FE5
:200B2000202122232425262728292A2B2C2D2E2F303132333435363738393A3B3C3D3E3FC5
:200B4000404142434445464748494A4B4C4D4E4F505152535455565758595A5B5C5D5E5FA5
:200B6000606162636465666768696A6B6C6D6E6F707172737475767778797A7B7C7D7E7F85
:200B8000808182838485868788898A8B8C8D8E8F909192939495969798999A9B9C9D9E9F65
:200BA000A0A1A2A3A4A5A6A7A8A9AAABACADAEAFB0B1B2B3B4B5B6B7B8B9BABBBCBDBEBF45
:200BC000C0C1C2C3C4C5C6C7C8C9CACBCCCDCECFD0D1D2D3D4D5D6D7D8D9DADBDCDDDEDF25
:200BE000E0E1E2E3E4E5E6E7E8E9EAEBECEDEEEFF0F1F2F3F4F5F6F7F8F9FAFBFCFDFEFF05
:200C0000000102030405060708090A0B0C0D0E0F101112131415161718191A1B1C1D1E1FE4
:200C2000202122232425262728292A2B2C2D2E2F303132333435363738393A3B3C3D3E3FC4
:200C4000404142434445464748494A4B4C4D4E4F505152535455565758595A5B5C5D5E5FA4
:200C6000606162636465666768696A6B6C6D6E6F707172737475767778797A7B7C7D7E7F84
:200C8000808182838485868788898A8B8C8D8E8F909192939495969798999A9B9C9D9E9F64
:200CA000A0A1A2A3A4A5A6A7A8A9AAABACADAEAFB0B1B2B3B4B5B6B7B8B9BABBBCBDBEBF44
:200CC000C0C1C2C3C4C5C6C7C8C9CACBCCCDCECFD0D1D2D3D4D5D6D7D8D9DADBDCDDDEDF24
:200CE000E0E1E2E3E4E5E6E7E8E9EAEBECEDEEEFF0F1F2F3F4F5F6F7F8F9FAFBFCFDFEFF04
:200D0000000102030405060708090A0B0C0D0E0F101112131415161718191A1B1C1D1E1FE3
:200D2000202122232425262728292A2B2C2D2E2F303132333435363738393A3B3C3D3E3FC3
:200D4000404142434445464748494A4B4C4D4E4F505152535455565758595A5B5C5D5E5FA3
:200D6000606162636465666768696A6B6C6D6E6F707172737475767778797A7B7C7D7E7F83
:200D8000808182838485868788898A8B8C8D8E8F909192939495969798999A9B9C9D9E9F63
:200DA000A0A1A2A3A4A5A6A7A8A9AAABACADAEAFB0B1B2B3B4B5B6B7B8B9BABBBCBDBEBF43
:200DC000C0C1C2C3C4C5C6C7C8C9CACBCCCDCECFD0D1D2D3D4D5D6D7D8D9DADBDCDDDEDF23
:200DE000E0E1E2E3E4E5E6E7E8E9EAEBECEDEEEFF0F1F2F3F4F5F6F7F8F9FAFBFCFDFEFF03
:200E0000000102030405060708090A0B0C0D0E0F101112131415161718191A1B1C1D1E1FE2
:200E2000202122232425262728292A2B2C2D2E2F303132333435363738393A3B3C3D3E3FC2
:200E4000404142434445464748494A4B4C4D4E4F505152535455565758595A5B5C5D5E5FA2
:200E6000606162636465666768696A6B6C6D6E6F707172737475767778797A7B7C7D7E7F82
:200E8000808182838485868788898A8B8C8D8E8F909192939495969798999A9B9C9D9E9F62
:200EA000A0A1A2A3A4A5A6A7A8A9AAABACADAEAFB0B1B2B3B4B5B6B7B8B9BABBBCBDBEBF42
:200EC000C0C1C2C3C4C5C6C7C8C9CACBCCCDCECFD0D1D2D3D4D5D6D7D8D9DADBDCDDDEDF22
:200EE000E0E1E2E3E4E5E6E7E8E9EAEBECEDEEEFF0F1F2F3F4F5F6F7F8F9FAFBFCFDFEFF02
:200F0000000102030405060708090A0B0C0D0E0F101112131415161718191A1B1C1D1E1FE1
:200F2000202122232425262728292A2B2C2D2E2F303132333435363738393A3B3C3D3E3FC1
:200F4000404142434445464748494A4B4C4D4E4F505152535455565758595A5B5C5D5E5FA1
:200F6000606162636465666768696A6B6C6D6E6F707172737475767778797A7B7C7D7E7F81
:200F8000808182838485868788898A8B8C8D8E8F909192939495969798999A9B9C9D9E9F61
:200FA000A0A1A2A3A4A5A6A7A8A9AAABACADAEAFB0B1B2B3B4B5B6B7B8B9BABBBCBDBEBF41
:200FC000C0C1C2C3C4C5C6C7C8C9CACBCCCDCECFD0D1D2D3D4D5D6D7D8D9DADBDCDDDEDF21
:200FE000E0E1E2E3E4E5E6E7E8E9EAEBECEDEEEFF0F1F2F3F4F5F6F7F8F9FAFBFCFDFEFF01
:20100000000102030405060708090A0B0C0D0E0F101112131415161718191A1B1C1D1E1FE0
:20102000202122232425262728292A2B2C2D2E2F303132333435363738393A3B3C3D3E3FC0
:20104000404142434445464748494A4B4C4D4E4F505152535455565758595A5B5C5D5E5FA0
:20106000606162636465666768696A6B6C6D6E6F707172737475767778797A7B7C7D7E7F80
:20108000808182838485868788898A8B8C8D8E8F909192939495969798999A9B9C9D9E9F60
:2010A000A0A1A2A3A4A5A6A7A8A9AAABACADAEAFB0B1B2B3B4B5B6B7B8B9BABBBCBDBEBF40
:2010C000C0C1C2C3C4C5C6C7C8C9CACBCCCDCECFD0D1D2D3D4D5D6D7D8D9DADBDCDDDEDF20
:2010E000E0E1E2E3E4E5E6E7E8E9EAEBECEDEEEFF0F1F2F3F4F5F6F7F8F9FAFBFCFDFEFF00
:20110000000102030405060708090A0B0C0D0E0F101112131415161718191A1B1C1D1E1FDF
:20112000202122232425262728292A2B2C2D2E2F303132333435363738393A3B3C3D3E3FBF
:20114000404142434445464748494A4B4C4D4E4F505152535455565758595A5B5C5D5E5F9F
:20116000606162636465666768696A6B6C6D6E6F707172737475767778797A7B7C7D7E7F7F
:20118000808182838485868788898A8B8C8D8E8F909192939495969798999A9B9C9D9E9F5F
:2011A000A0A1A2A3A4A5A6A7A8A9AAABACADAEAFB0B1B2B3B4B5B6B7B8B9BABBBCBDBEBF3F
:2011C000C0C1C2C3C4C5C6C7C8C9CACBCCCDCECFD0D1D2D3D4D5D6D7D8D9DADBDCDDDEDF1F
:2011E000E0E1E2E3E4E5E6E7E8E9EAEBECEDEEEFF0F1F2F3F4F5F6F7F8F9FAFBFCFDFEFFFF
:20120000000102030405060708090A0B0C0D0E0F101112131415161718191A1B1C1D1E1FDE
:20122000202122232425262728292A2B2C2D2E2F303132333435363738393A3B3C3D3E3FBE
:20124000404142434445464748494A4B4C4D4E4F505152535455565758595A5B5C5D5E5F9E
:20126000606162636465666768696A6B6C6D6E6F707172737475767778797A7B7C7D7E7F7E
:20128000808182838485868788898A8B8C8D8E8F909192939495969798999A9B9C9D9E9F5E
:2012A000A0A1A2A3A4A5A6A7A8A9AAABACADAEAFB0B1B2B3B4B5B6B7B8B9BABBBCBDBEBF3E
:2012C000C0C1C2C3C4C5C6C7C8C9CACBCCCDCECFD0D1D2D3D4D5D6D7D8D9DADBDCDDDEDF1E
:2012E000E0E1E2E3E4E5E6E7E8E9EAEBECEDEEEFF0F1F2F3F4F5F6F7F8F9FAFBFCFDFEFFFE
:20130000000102030405060708090A0B0C0D0E0F101112131415161718191A1B1C1D1E1FDD
:20132000202122232425262728292A2B2C2D2E2F303132333435363738393A3B3C3D3E3FBD
:20134000404142434445464748494A4B4C4D4E4F505152535455565758595A5B5C5D5E5F9D
:20136000606162636465666768696A6B6C6D6E6F707172737475767778797A7B7C7D7E7F7D
:20138000808182838485868788898A8B8C8D8E8F909192939495969798999A9B9C9D9E9F5D
:2013A000A0A1A2A3A4A5A6A7A8A9AAABACADAEAFB0B1B2B3B4B5B6B7B8B9BABBBCBDBEBF3D
:2013C000C0C1C2C3C4C5C6C7C8C9CACBCCCDCECFD0D1D2D3D4D5D6D7D8D9DADBDCDDDEDF1D
:2013E000E0E1E2E3E4E5E6E7E8E9EAEBECEDEEEFF0F1F2F3F4F5F6F7F8F9FAFBFCFDFEFFFD
:20140000000102030405060708090A0B0C0D0E0F101112131415161718191A1B1C1D1E1FDC
:20142000202122232425262728292A2B2C2D2E2F303132333435363738393A3B3C3D3E3FBC
:20144000404142434445464748494A4B4C4D4E4F505152535455565758595A5B5C5D5E5F9C
:20146000606162636465666768696A6B6C6D6E6F707172737475767778797A7B7C7D7E7F7C
:20148000808182838485868788898A8B8C8D8E8F909192939495969798999A9B9C9D9E9F5C
:2014A000A0A1A2A3A4A5A6A7A8A9AAABACADAEAFB0B1B2B3B4B5B6B7B8B9BABBBCBDBEBF3C
:2014C000C0C1C2C3C4C5C6C7C8C9CACBCCCDCECFD0D1D2D3D4D5D6D7D8D9DADBDCDDDEDF1C
:2014E000E0E1E2E3E4E5E6E7E8E9EAEBECEDEEEFF0F1F2F3F4F5F6F7F8F9FAFBFCFDFEFFFC
:20150000000102030405060708090A0B0C0D0E0F101112131415161718191A1B1C1D1E1FDB
:20152000202122232425262728292A2B2C2D2E2F303132333435363738393A3B3C3D3E3FBB
:20154000404142434445464748494A4B4C4D4E4F505152535455565758595A5B5C5D5E5F9B
:20156000606162636465666768696A6B6C6D6E6F707172737475767778797A7B7C7D7E7F7B
:20158000808182838485868788898A8B8C8D8E8F909192939495969798999A9B9C9D9E9F5B
:2015A000A0A1A2A3A4A5A6A7A8A9AAABACADAEAFB0B1B2B3B4B5B6B7B8B9BABBBCBDBEBF3B
:2015C000C0C1C2C3C4C5C6C7C8C9CACBCCCDCECFD0D1D2D3D4D5D6D7D8D9DADBDCDDDEDF1B
:2015E000E0E1E2E3E4E5E6E7E8E9EAEBECEDEEEFF0F1F2F3F4F5F6F7F8F9FAFBFCFDFEFFFB
:20160000000102030405060708090A0B0C0D0E0F101112131415161718191A1B1C1D1E1FDA
:20162000202122232425262728292A2B2C2D2E2F303132333435363738393A3B3C3D3E3FBA
:20164000404142434445464748494A4B4C4D4E4F505152535455565758595A5B5C5D5E5F9A
:20166000606162636465666768696A6B6C6D6E6F707172737475767778797A7B7C7D7E7F7A
:20168000808182838485868788898A8B8C8D8E8F909192939495969798999A9B9C9D9E9F5A
:2016A000A0A1A2A3A4A5A6A7A8A9AAABACADAEAFB0B1B2B3B4B5B6B7B8B9BABBBCBDBEBF3A
:2016C000C0C1C2C3C4C5C6C7C8C9CACBCCCDCECFD0D1D2D3D4D5D6D7D8D9DADBDCDDDEDF1A
:2016E000E0E1E2E3E4E5E6E7E8E9EAEBECEDEEEFF0F1F2F3F4F5F6F7F8F9FAFBFCFDFEFFFA
:20170000000102030405060708090A0B0C0D0E0F101112131415161718191A1B1C1D1E1FD9
:20172000202122232425262728292A2B2C2D2E2F303132333435363738393A3B3C3D3E3FB9
:20174000404142434445464748494A4B4C4D4E4F505152535455565758595A5B5C5D5E5F99
:20176000606162636465666768696A6B6C6D6E6F707172737475767778797A7B7C7D7E7F79
:20178000808182838485868788898A8B8C8D8E8F909192939495969798999A9B9C9D9E9F59
:2017A000A0A1A2A3A4A5A6A7A8A9AAABACADAEAFB0B1B2B3B4B5B6B7B8B9BABBBCBDBEBF39
:2017C000C0C1C2C3C4C5C6C7C8C9CACBCCCDCECFD0D1D2D3D4D5D6D7D8D9DADBDCDDDEDF19
:2017E000E0E1E2E3E4E5E6E7E8E9EAEBECEDEEEFF0F1F2F3F4F5F6F7F8F9FAFBFCFDFEFFF9
:20180000000102030405060708090A0B0C0D0E0F101112131415161718191A1B1C1D1E1FD8
:20182000202122232425262728292A2B2C2D2E2F303132333435363738393A3B3C3D3E3FB8
:20184000404142434445464748494A4B4C4D4E4F505152535455565758595A5B5C5D5E5F98
:20186000606162636465666768696A6B6C6D6E6F707172737475767778797A7B7C7D7E7F78
:20188000808182838485868788898A8B8C8D8E8F909192939495969798999A9B9C9D9E9F58
:2018A000A0A1A2A3A4A5A6A7A8A9AAABACADAEAFB0B1B2B3B4B5B6B7B8B9BABBBCBDBEBF38
:2018C000C0C1C2C3C4C5C6C7C8C9CACBCCCDCECFD0D1D2D3D4D5D6D7D8D9DADBDCDDDEDF18
:2018E000E0E1E2E3E4E5E6E7E8E9EAEBECEDEEEFF0F1F2F3F4F5F6F7F8F9FAFBFCFDFEFFF8
:20190000000102030405060708090A0B0C0D0E0F101112131415161718191A1B1C1D1E1FD7
:20192000202122232425262728292A2B2C2D2E2F303132333435363738393A3B3C3D3E3FB7
:20194000404142434445464748494A4B4C4D4E4F505152535455565758595A5B5C5D5E5F97
:20196000606162636465666768696A6B6C6D6E6F707172737475767778797A7B7C7D7E7F77
:20198000808182838485868788898A8B8C8D8E8F909192939495969798999A9B9C9D9E9F57
:2019A000A0A1A2A3A4A5A6A7A8A9AAABACADAEAFB0B1B2B3B4B5B6B7B8B9BABBBCBDBEBF37
:2019C000C0C1C2C3C4C5C6C7C8C9CACBCCCDCECFD0D1D2D3D4D5D6D7D8D9DADBDCDDDEDF17
:2019E000E0E1E2E3E4E5E6E7E8E9EAEBECEDEEEFF0F1F2F3F4F5F6F7F8F9FAFBFCFDFEFFF7
:201A0000000102030405060708090A0B0C0D0E0F101112131415161718191A1B1C1D1E1FD6
:201A2000202122232425262728292A2B2C2D2E2F303132333435363738393A3B3C3D3E3FB6
:201A4000404142434445464748494A4B4C4D4E4F505152535455565758595A5B5C5D5E5F96
:201A6000606162636465666768696A6B6C6D6E6F707172737475767778797A7B7C7D7E7F76
:201A8000808182838485868788898A8B8C8D8E8F909192939495969798999A9B9C9D9E9F56
:201AA000A0A1A2A3A4A5A6A7A8A9AAABACADAEAFB0B1B2B3B4B5B6B7B8B9BABBBCBDBEBF36
:201AC000C0C1C2C3C4C5C6C7C8C9CACBCCCDCECFD0D1D2D3D4D5D6D7D8D9DADBDCDDDEDF16
:201AE000E0E1E2E3E4E5E6E7E8E9EAEBECEDEEEFF0F1F2F3F4F5F6F7F8F9FAFBFCFDFEFFF6
:201B0000000102030405060708090A0B0C0D0E0F101112131415161718191A1B1C1D1E1FD5
:201B2000202122232425262728292A2B2C2D2E2F303132333435363738393A3B3C3D3E3FB5
:201B4000404142434445464748494A4B4C4D4E4F505152535455565758595A5B5C5D5E5F95
:201B6000606162636465666768696A6B6C6D6E6F707172737475767778797A7B7C7D7E7F75
:201B8000808182838485868788898A8B8C8D8E8F909192939495969798999A9B9C9D9E9F55
:201BA000A0A1A2A3A4A5A6A7A8A9AAABACADAEAFB0B1B2B3B4B5B6B7B8B9BABBBCBDBEBF35
:201BC000C0C1C2C3C4C5C6C7C8C9CACBCCCDCECFD0D1D2D3D4D5D6D7D8D9DADBDCDDDEDF15
:201BE000E0E1E2E3E4E5E6E7E8E9EAEBECEDEEEFF0F1F2F3F4F5F6F7F8F9FAFBFCFDFEFFF5
:201C0000000102030405060708090A0B0C0D0E0F101112131415161718191A1B1C1D1E1FD4
:201C2000202122232425262728292A2B2C2D2E2F303132333435363738393A3B3C3D3E3FB4
:201C4000404142434445464748494A4B4C4D4E4F505152535455565758595A5B5C5D5E5F94
:201C6000606162636465666768696A6B6C6D6E6F707172737475767778797A7B7C7D7E7F74
:201C8000808182838485868788898A8B8C8D8E8F909192939495969798999A9B9C9D9E9F54
:201CA000A0A1A2A3A4A5A6A7A8A9AAABACADAEAFB0B1B2B3B4B5B6B7B8B9BABBBCBDBEBF34
:201CC000C0C1C2C3C4C5C6C7C8C9CACBCCCDCECFD0D1D2D3D4D5D6D7D8D9DADBDCDDDEDF14
:201CE000E0E1E2E3E4E5E6E7E8E9EAEBECEDEEEFF0F1F2F3F4F5F6F7F8F9FAFBFCFDFEFFF4
:201D0000000102030405060708090A0B0C0D0E0F101112131415161718191A1B1C1D1E1FD3
:201D2000202122232425262728292A2B2C2D2E2F303132333435363738393A3B3C3D3E3FB3
:201D4000404142434445464748494A4B4C4D4E4F505152535455565758595A5B5C5D5E5F93
:201D6000606162636465666768696A6B6C6D6E6F707172737475767778797A7B7C7D7E7F73
:201D8000808182838485868788898A8B8C8D8E8F909192939495969798999A9B9C9D9E9F53
:201DA000A0A1A2A3A4A5A6A7A8A9AAABACADAEAFB0B1B2B3B4B5B6B7B8B9BABBBCBDBEBF33
:201DC000C0C1C2C3C4C5C6C7C8C9CACBCCCDCECFD0D1D2D3D4D5D6D7D8D9DADBDCDDDEDF13
:201DE000E0E1E2E3E4E5E6E7E8E9EAEBECEDEEEFF0F1F2F3F4F5F6F7F8F9FAFBFCFDFEFFF3
:201E0000000102030405060708090A0B0C0D0E0F101112131415161718191A1B1C1D1E1FD2
:201E2000202122232425262728292A2B2C2D2E2F303132333435363738393A3B3C3D3E3FB2
:201E4000404142434445464748494A4B4C4D4E4F505152535455565758595A5B5C5D5E5F92
:201E6000606162636465666768696A6B6C6D6E6F707172737475767778797A7B7C7D7E7F72
:201E8000808182838485868788898A8B8C8D8E8F909192939495969798999A9B9C9D9E9F52
:201EA000A0A1A2A3A4A5A6A7A8A9AAABACADAEAFB0B1B2B3B4B5B6B7B8B9BABBBCBDBEBF32
:201EC000C0C1C2C3C4C5C6C7C8C9CACBCCCDCECFD0D1D2D3D4D5D6D7D8D9DADBDCDDDEDF12
:201EE000E0E1E2E3E4E5E6E7E8E9EAEBECEDEEEFF0F1F2F3F4F5F6F7F8F9FAFBFCFDFEFFF2
:201F0000000102030405060708090A0B0C0D0E0F101112131415161718191A1B1C1D1E1FD1
:201F2000202122232425262728292A2B2C2D2E2F303132333435363738393A3B3C3D3E3FB1
:201F4000404142434445464748494A4B4C4D4E4F505152535455565758595A5B5C5D5E5F91
:201F6000606162636465666768696A6B6C6D6E6F707172737475767778797A7B7C7D7E7F71
:201F8000808182838485868788898A8B8C8D8E8F909192939495969798999A9B9C9D9E9F51
:201FA000A0A1A2A3A4A5A6A7A8A9AAABACADAEAFB0B1B2B3B4B5B6B7B8B9BABBBCBDBEBF31
:201FC000C0C1C2C3C4C5C6C7C8C9CACBCCCDCECFD0D1D2D3D4D5D6D7D8D9DADBDCDDDEDF11
:201FE000E0E1E2E3E4E5E6E7E8E9EAEBECEDEEEFF0F1F2F3F4F5F6F7F8F9FAFBFCFDFEFFF1
:20200000000102030405060708090A0B0C0D0E0F101112131415161718191A1B1C1D1E1FD0
:20202000202122232425262728292A2B2C2D2E2F303132333435363738393A3B3C3D3E3FB0
:20204000404142434445464748494A4B4C4D4E4F505152535455565758595A5B5C5D5E5F90
:20206000606162636465666768696A6B6C6D6E6F707172737475767778797A7B7C7D7E7F70
:20208000808182838485868788898A8B8C8D8E8F909192939495969798999A9B9C9D9E9F50
:2020A000A0A1A2A3A4A5A6A7A8A9AAABACADAEAFB0B1B2B3B4B5B6B7B8B9BABBBCBDBEBF30
:2020C000C0C1C2C3C4C5C6C7C8C9CACBCCCDCECFD0D1D2D3D4D5D6D7D8D9DADBDCDDDEDF10
:2020E000E0E1E2E3E4E5E6E7E8E9EAEBECEDEEEFF0F1F2F3F4F5F6F7F8F9FAFBFCFDFEFFF0
:20210000000102030405060708090A0B0C0D0E0F101112131415161718191A1B1C1D1E1FCF
:20212000202122232425262728292A2B2C2D2E2F303132333435363738393A3B3C3D3E3FAF
:20214000404142434445464748494A4B4C4D4E4F505152535455565758595A5B5C5D5E5F8F
:20216000606162636465666768696A6B6C6D6E6F707172737475767778797A7B7C7D7E7F6F
:20218000808182838485868788898A8B8C8D8E8F909192939495969798999A9B9C9D9E9F4F
:2021A000A0A1A2A3A4A5A6A7A8A9AAABACADAEAFB0B1B2B3B4B5B6B7B8B9BABBBCBDBEBF2F
:2021C000C0C1C2C3C4C5C6C7C8C9CACBCCCDCECFD0D1D2D3D4D5D6D7D8D9DADBDCDDDEDF0F
:2021E000E0E1E2E3E4E5E6E7E8E9EAEBECEDEEEFF0F1F2F3F4F5F6F7F8F9FAFBFCFDFEFFEF
:20220000000102030405060708090A0B0C0D0E0F101112131415161718191A1B1C1D1E1FCE
:20222000202122232425262728292A2B2C2D2E2F303132333435363738393A3B3C3D3E3FAE
:20224000404142434445464748494A4B4C4D4E4F505152535455565758595A5B5C5D5E5F8E
:20226000606162636465666768696A6B6C6D6E6F707172737475767778797A7B7C7D7E7F6E
:20228000808182838485868788898A8B8C8D8E8F909192939495969798999A9B9C9D9E9F4E
:2022A000A0A1A2A3A4A5A6A7A8A9AAABACADAEAFB0B1B2B3B4B5B6B7B8B9BABBBCBDBEBF2E
:2022C000C0C1C2C3C4C5C6C7C8C9CACBCCCDCECFD0D1D2D3D4D5D6D7D8D9DADBDCDDDEDF0E
:2022E000E0E1E2E3E4E5E6E7E8E9EAEBECEDEEEFF0F1F2F3F4F5F6F7F8F9FAFBFCFDFEFFEE
:20230000000102030405060708090A0B0C0D0E0F101112131415161718191A1B1C1D1E1FCD
:20232000202122232425262728292A2B2C2D2E2F303132333435363738393A3B3C3D3E3FAD
:20234000404142434445464748494A4B4C4D4E4F505152535455565758595A5B5C5D5E5F8D
:20236000606162636465666768696A6B6C6D6E6F707172737475767778797A7B7C7D7E7F6D
:20238000808182838485868788898A8B8C8D8E8F909192939495969798999A9B9C9D9E9F4D
:2023A000A0A1A2A3A4A5A6A7A8A9AAABACADAEAFB0B1B2B3B4B5B6B7B8B9BABBBCBDBEBF2D
:2023C000C0C1C2C3C4C5C6C7C8C9CACBCCCDCECFD0D1D2D3D4D5D6D7D8D9DADBDCDDDEDF0D
:2023E000E0E1E2E3E4E5E6E7E8E9EAEBECEDEEEFF0F1F2F3F4F5F6F7F8F9FAFBFCFDFEFFED
:20240000000102030405060708090A0B0C0D0E0F101112131415161718191A1B1C1D1E1FCC
:20242000202122232425262728292A2B2C2D2E2F303132333435363738393A3B3C3D3E3FAC
:20244000404142434445464748494A4B4C4D4E4F505152535455565758595A5B5C5D5E5F8C
:20246000606162636465666768696A6B6C6D6E6F707172737475767778797A7B7C7D7E7F6C
:20248000808182838485868788898A8B8C8D8E8F909192939495969798999A9B9C9D9E9F4C
:2024A000A0A1A2A3A4A5A6A7A8A9AAABACADAEAFB0B1B2B3B4B5B6B7B8B9BABBBCBDBEBF2C
:2024C000C0C1C2C3C4C5C6C7C8C9CACBCCCDCECFD0D1D2D3D4D5D6D7D8D9DADBDCDDDEDF0C
:2024E000E0E1E2E3E4E5E6E7E8E9EAEBECEDEEEFF0F1F2F3F4F5F6F7F8F9FAFBFCFDFEFFEC
:20250000000102030405060708090A0B0C0D0E0F101112131415161718191A1B1C1D1E1FCB
:20252000202122232425262728292A2B2C2D2E2F303132333435363738393A3B3C3D3E3FAB
:20254000404142434445464748494A4B4C4D4E4F505152535455565758595A5B5C5D5E5F8B
:20256000606162636465666768696A6B6C6D6E6F707172737475767778797A7B7C7D7E7F6B
:20258000808182838485868788898A8B8C8D8E8F909192939495969798999A9B9C9D9E9F4B
:2025A000A0A1A2A3A4A5A6A7A8A9AAABACADAEAFB0B1B2B3B4B5B6B7B8B9BABBBCBDBEBF2B
:2025C000C0C1C2C3C4C5C6C7C8C9CACBCCCDCECFD0D1D2D3D4D5D6D7D8D9DADBDCDDDEDF0B
:2025E000E0E1E2E3E4E5E6E7E8E9EAEBECEDEEEFF0F1F2F3F4F5F6F7F8F9FAFBFCFDFEFFEB
:20260000000102030405060708090A0B0C0D0E0F101112131415161718191A1B1C1D1E1FCA
:20262000202122232425262728292A2B2C2D2E2F303132333435363738393A3B3C3D3E3FAA
:20264000404142434445464748494A4B4C4D4E4F505152535455565758595A5B5C5D5E5F8A
:20266000606162636465666768696A6B6C6D6E6F707172737475767778797A7B7C7D7E7F6A
:20268000808182838485868788898A8B8C8D8E8F909192939495969798999A9B9C9D9E9F4A
:2026A000A0A1A2A3A4A5A6A7A8A9AAABACADAEAFB0B1B2B3B4B5B6B7B8B9BABBBCBDBEBF2A
:2026C000C0C1C2C3C4C5C6C7C8C9CACBCCCDCECFD0D1D2D3D4D5D6D7D8D9DADBDCDDDEDF0A
:2026E000E0E1E2E3E4E5E6E7E8E9EAEBECEDEEEFF0F1F2F3F4F5F6F7F8F9FAFBFCFDFEFFEA
:20270000000102030405060708090A0B0C0D0E0F101112131415161718191A1B1C1D1E1FC9
:20272000202122232425262728292A2B2C2D2E2F303132333435363738393A3B3C3D3E3FA9
:20274000404142434445464748494A4B4C4D4E4F505152535455565758595A5B5C5D5E5F89
:20276000606162636465666768696A6B6C6D6E6F707172737475767778797A7B7C7D7E7F69
:20278000808182838485868788898A8B8C8D8E8F909192939495969798999A9B9C9D9E9F49
:2027A000A0A1A2A3A4A5A6A7A8A9AAABACADAEAFB0B1B2B3B4B5B6B7B8B9BABBBCBDBEBF29
:2027C000C0C1C2C3C4C5C6C7C8C9CACBCCCDCECFD0D1D2D3D4D5D6D7D8D9DADBDCDDDEDF09
:2027E000E0E1E2E3E4E5E6E7E8E9EAEBECEDEEEFF0F1F2F3F4F5F6F7F8F9FAFBFCFDFEFFE9
:20280000000102030405060708090A0B0C0D0E0F101112131415161718191A1B1C1D1E1FC8
:20282000202122232425262728292A2B2C2D2E2F303132333435363738393A3B3C3D3E3FA8
:20284000404142434445464748494A4B4C4D4E4F505152535455565758595A5B5C5D5E5F88
:20286000606162636465666768696A6B6C6D6E6F707172737475767778797A7B7C7D7E7F68
:20288000808182838485868788898A8B8C8D8E8F909192939495969798999A9B9C9D9E9F48
:2028A000A0A1A2A3A4A5A6A7A8A9AAABACADAEAFB0B1B2B3B4B5B6B7B8B9BABBBCBDBEBF28
:2028C000C0C1C2C3C4C5C6C7C8C9CACBCCCDCECFD0D1D2D3D4D5D6D7D8D9DADBDCDDDEDF08
:2028E000E0E1E2E3E4E5E6E7E8E9EAEBECEDEEEFF0F1F2F3F4F5F6F7F8F9FAFBFCFDFEFFE8
:20290000000102030405060708090A0B0C0D0E0F101112131415161718191A1B1C1D1E1FC7
:20292000202122232425262728292A2B2C2D2E2F303132333435363738393A3B3C3D3E3FA7
:20294000404142434445464748494A4B4C4D4E4F505152535455565758595A5B5C5D5E5F87
:20296000606162636465666768696A6B6C6D6E6F707172737475767778797A7B7C7D7E7F67
:20298000808182838485868788898A8B8C8D8E8F909192939495969798999A9B9C9D9E9F47
:2029A000A0A1A2A3A4A5A6A7A8A9AAABACADAEAFB0B1B2B3B4B5B6B7B8B9BABBBCBDBEBF27
:2029C000C0C1C2C3C4C5C6C7C8C9CACBCCCDCECFD0D1D2D3D4D5D6D7D8D9DADBDCDDDEDF07
:2029E000E0E1E2E3E4E5E6E7E8E9EAEBECEDEEEFF0F1F2F3F4F5F6F7F8F9FAFBFCFDFEFFE7
:202A0000000102030405060708090A0B0C0D0E0F101112131415161718191A1B1C1D1E1FC6
:202A2000202122232425262728292A2B2C2D2E2F303132333435363738393A3B3C3D3E3FA6
:202A4000404142434445464748494A4B4C4D4E4F505152535455565758595A5B5C5D5E5F86
:202A6000606162636465666768696A6B6C6D6E6F707172737475767778797A7B7C7D7E7F66
:202A8000808182838485868788898A8B8C8D8E8F909192939495969798999A9B9C9D9E9F46
:202AA000A0A1A2A3A4A5A6A7A8A9AAABACADAEAFB0B1B2B3B4B5B6B7B8B9BABBBCBDBEBF26
:202AC000C0C1C2C3C4C5C6C7C8C9CACBCCCDCECFD0D1D2D3D4D5D6D7D8D9DADBDCDDDEDF06
:202AE000E0E1E2E3E4E5E6E7E8E9EAEBECEDEEEFF0F1F2F3F4F5F6F7F8F9FAFBFCFDFEFFE6
:202B0000000102030405060708090A0B0C0D0E0F101112131415161718191A1B1C1D1E1FC5
:202B2000202122232425262728292A2B2C2D2E2F303132333435363738393A3B3C3D3E3FA5
:202B4000404142434445464748494A4B4C4D4E4F505152535455565758595A5B5C5D5E5F85
:202B6000606162636465666768696A6B6C6D6E6F707172737475767778797A7B7C7D7E7F65
:202B8000808182838485868788898A8B8C8D8E8F909192939495969798999A9B9C9D9E9F45
:202BA000A0A1A2A3A4A5A6A7A8A9AAABACADAEAFB0B1B2B3B4B5B6B7B8B9BABBBCBDBEBF25
:202BC000C0C1C2C3C4C5C6C7C8C9CACBCCCDCECFD0D1D2D3D4D5D6D7D8D9DADBDCDDDEDF05
:202BE000E0E1E2E3E4E5E6E7E8E9EAEBECEDEEEFF0F1F2F3F4F5F6F7F8F9FAFBFCFDFEFFE5
:202C0000000102030405060708090A0B0C0D0E0F101112131415161718191A1B1C1D1E1FC4
:202C2000202122232425262728292A2B2C2D2E2F303132333435363738393A3B3C3D3E3FA4
:202C4000404142434445464748494A4B4C4D4E4F505152535455565758595A5B5C5D5E5F84
:202C6000606162636465666768696A6B6C6D6E6F707172737475767778797A7B7C7D7E7F64
:202C8000808182838485868788898A8B8C8D8E8F909192939495969798999A9B9C9D9E9F44
:202CA000A0A1A2A3A4A5A6A7A8A9AAABACADAEAFB0B1B2B3B4B5B6B7B8B9BABBBCBDBEBF24
:202CC000C0C1C2C3C4C5C6C7C8C9CACBCCCDCECFD0D1D2D3D4D5D6D7D8D9DADBDCDDDEDF04
:202CE000E0E1E2E3E4E5E6E7E8E9EAEBECEDEEEFF0F1F2F3F4F5F6F7F8F9FAFBFCFDFEFFE4
:202D0000000102030405060708090A0B0C0D0E0F101112131415161718191A1B1C1D1E1FC3
:202D2000202122232425262728292A2B2C2D2E2F303132333435363738393A3B3C3D3E3FA3
:202D4000404142434445464748494A4B4C4D4E4F505152535455565758595A5B5C5D5E5F83
:202D6000606162636465666768696A6B6C6D6E6F707172737475767778797A7B7C7D7E7F63
:202D8000808182838485868788898A8B8C8D8E8F909192939495969798999A9B9C9D9E9F43
:202DA000A0A1A2A3A4A5A6A7A8A9AAABACADAEAFB0B1B2B3B4B5B6B7B8B9BABBBCBDBEBF23
:202DC000C0C1C2C3C4C5C6C7C8C9CACBCCCDCECFD0D1D2D3D4D5D6D7D8D9DADBDCDDDEDF03
:202DE000E0E1E2E3E4E5E6E7E8E9EAEBECEDEEEFF0F1F2F3F4F5F6F7F8F9FAFBFCFDFEFFE3
:202E0000000102030405060708090A0B0C0D0E0F101112131415161718191A1B1C1D1E1FC2
:202E2000202122232425262728292A2B2C2D2E2F303132333435363738393A3B3C3D3E3FA2
:202E4000404142434445464748494A4B4C4D4E4F505152535455565758595A5B5C5D5E5F82
:202E6000606162636465666768696A6B6C6D6E6F707172737475767778797A7B7C7D7E7F62
:202E8000808182838485868788898A8B8C8D8E8F909192939495969798999A9B9C9D9E9F42
:202EA000A0A1A2A3A4A5A6A7A8A9AAABACADAEAFB0B1B2B3B4B5B6B7B8B9BABBBCBDBEBF22
:202EC000C0C1C2C3C4C5C6C7C8C9CACBCCCDCECFD0D1D2D3D4D5D6D7D8D9DADBDCDDDEDF02
:202EE000E0E1E2E3E4E5E6E7E8E9EAEBECEDEEEFF0F1F2F3F4F5F6F7F8F9FAFBFCFDFEFFE2
:202F0000000102030405060708090A0B0C0D0E0F101112131415161718191A1B1C1D1E1FC1
:202F2000202122232425262728292A2B2C2D2E2F303132333435363738393A3B3C3D3E3FA1
:202F4000404142434445464748494A4B4C4D4E4F505152535455565758595A5B5C5D5E5F81
:202F6000606162636465666768696A6B6C6D6E6F707172737475767778797A7B7C7D7E7F61
:202F8000808182838485868788898A8B8C8D8E8F909192939495969798999A9B9C9D9E9F41
:202FA000A0A1A2A3A4A5A6A7A8A9AAABACADAEAFB0B1B2B3B4B5B6B7B8B9BABBBCBDBEBF21
:202FC000C0C1C2C3C4C5C6C7C8C9CACBCCCDCECFD0D1D2D3D4D5D6D7D8D9DADBDCDDDEDF01
:202FE000E0E1E2E3E4E5E6E7E8E9EAEBECEDEEEFF0F1F2F3F4F5F6F7F8F9FAFBFCFDFEFFE1
:20300000000102030405060708090A0B0C0D0E0F101112131415161718191A1B1C1D1E1FC0
:20302000202122232425262728292A2B2C2D2E2F303132333435363738393A3B3C3D3E3FA0
:20304000404142434445464748494A4B4C4D4E4F505152535455565758595A5B5C5D5E5F80
:20306000606162636465666768696A6B6C6D6E6F707172737475767778797A7B7C7D7E7F60
:20308000808182838485868788898A8B8C8D8E8F909192939495969798999A9B9C9D9E9F40
:2030A000A0A1A2A3A4A5A6A7A8A9AAABACADAEAFB0B1B2B3B4B5B6B7B8B9BABBBCBDBEBF20
:2030C000C0C1C2C3C4C5C6C7C8C9CACBCCCDCECFD0D1D2D3D4D5D6D7D8D9DADBDCDDDEDF00
:2030E000E0E1E2E3E4E5E6E7E8E9EAEBECEDEEEFF0F1F2F3F4F5F6F7F8F9FAFBFCFDFEFFE0
:20310000000102030405060708090A0B0C0D0E0F101112131415161718191A1B1C1D1E1FBF
:20312000202122232425262728292A2B2C2D2E2F303132333435363738393A3B3C3D3E3F9F
:20314000404142434445464748494A4B4C4D4E4F505152535455565758595A5B5C5D5E5F7F
:20316000606162636465666768696A6B6C6D6E6F707172737475767778797A7B7C7D7E7F5F
:20318000808182838485868788898A8B8C8D8E8F909192939495969798999A9B9C9D9E9F3F
:2031A000A0A1A2A3A4A5A6A7A8A9AAABACADAEAFB0B1B2B3B4B5B6B7B8B9BABBBCBDBEBF1F
:2031C000C0C1C2C3C4C5C6C7C8C9CACBCCCDCECFD0D1D2D3D4D5D6D7D8D9DADBDCDDDEDFFF
:2031E000E0E1E2E3E4E5E6E7E8E9EAEBECEDEEEFF0F1F2F3F4F5F6F7F8F9FAFBFCFDFEFFDF
:20320000000102030405060708090A0B0C0D0E0F101112131415161718191A1B1C1D1E1FBE
:20322000202122232425262728292A2B2C2D2E2F303132333435363738393A3B3C3D3E3F9E
:20324000404142434445464748494A4B4C4D4E4F505152535455565758595A5B5C5D5E5F7E
:20326000606162636465666768696A6B6C6D6E6F707172737475767778797A7B7C7D7E7F5E
:20328000808182838485868788898A8B8C8D8E8F909192939495969798999A9B9C9D9E9F3E
:2032A000A0A1A2A3A4A5A6A7A8A9AAABACADAEAFB0B1B2B3B4B5B6B7B8B9BABBBCBDBEBF1E
:2032C000C0C1C2C3C4C5C6C7C8C9CACBCCCDCECFD0D1D2D3D4D5D6D7D8D9DADBDCDDDEDFFE
:2032E000E0E1E2E3E4E5E6E7E8E9EAEBECEDEEEFF0F1F2F3F4F5F6F7F8F9FAFBFCFDFEFFDE
:20330000000102030405060708090A0B0C0D0E0F101112131415161718191A1B1C1D1E1FBD
:20332000202122232425262728292A2B2C2D2E2F303132333435363738393A3B3C3D3E3F9D
:20334000404142434445464748494A4B4C4D4E4F505152535455565758595A5B5C5D5E5F7D
:20336000606162636465666768696A6B6C6D6E6F707172737475767778797A7B7C7D7E7F5D
:20338000808182838485868788898A8B8C8D8E8F909192939495969798999A9B9C9D9E9F3D
:2033A000A0A1A2A3A4A5A6A7A8A9AAABACADAEAFB0B1B2B3B4B5B6B7B8B9BABBBCBDBEBF1D
:2033C000C0C1C2C3C4C5C6C7C8C9CACBCCCDCECFD0D1D2D3D4D5D6D7D8D9DADBDCDDDEDFFD
:2033E000E0E1E2E3E4E5E6E7E8E9EAEBECEDEEEFF0F1F2F3F4F5F6F7F8F9FAFBFCFDFEFFDD
:20340000000102030405060708090A0B0C0D0E0F101112131415161718191A1B1C1D1E1FBC
:20342000202122232425262728292A2B2C2D2E2F303132333435363738393A3B3C3D3E3F9C
:20344000404142434445464748494A4B4C4D4E4F505152535455565758595A5B5C5D5E5F7C
:20346000606162636465666768696A6B6C6D6E6F707172737475767778797A7B7C7D7E7F5C
:20348000808182838485868788898A8B8C8D8E8F909192939495969798999A9B9C9D9E9F3C
:2034A000A0A1A2A3A4A5A6A7A8A9AAABACADAEAFB0B1B2B3B4B5B6B7B8B9BABBBCBDBEBF1C
:2034C000C0C1C2C3C4C5C6C7C8C9CACBCCCDCECFD0D1D2D3D4D5D6D7D8D9DADBDCDDDEDFFC
:2034E000E0E1E2E3E4E5E6E7E8E9EAEBECEDEEEFF0F1F2F3F4F5F6F7F8F9FAFBFCFDFEFFDC
:20350000000102030405060708090A0B0C0D0E0F101112131415161718191A1B1C1D1E1FBB
:20352000202122232425262728292A2B2C2D2E2F303132333435363738393A3B3C3D3E3F9B
:20354000404142434445464748494A4B4C4D4E4F505152535455565758595A5B5C5D5E5F7B
:20356000606162636465666768696A6B6C6D6E6F707172737475767778797A7B7C7D7E7F5B
:20358000808182838485868788898A8B8C8D8E8F909192939495969798999A9B9C9D9E9F3B
:2035A000A0A1A2A3A4A5A6A7A8A9AAABACADAEAFB0B1B2B3B4B5B6B7B8B9BABBBCBDBEBF1B
:2035C000C0C1C2C3C4C5C6C7C8C9CACBCCCDCECFD0D1D2D3D4D5D6D7D8D9DADBDCDDDEDFFB
:2035E000E0E1E2E3E4E5E6E7E8E9EAEBECEDEEEFF0F1F2F3F4F5F6F7F8F9FAFBFCFDFEFFDB
:20360000000102030405060708090A0B0C0D0E0F101112131415161718191A1B1C1D1E1FBA
:20362000202122232425262728292A2B2C2D2E2F303132333435363738393A3B3C3D3E3F9A
:20364000404142434445464748494A4B4C4D4E4F505152535455565758595A5B5C5D5E5F7A
:20366000606162636465666768696A6B6C6D6E6F707172737475767778797A7B7C7D7E7F5A
:20368000808182838485868788898A8B8C8D8E8F909192939495969798999A9B9C9D9E9F3A
:2036A000A0A1A2A3A4A5A6A7A8A9AAABACADAEAFB0B1B2B3B4B5B6B7B8B9BABBBCBDBEBF1A
:2036C000C0C1C2C3C4C5C6C7C8C9CACBCCCDCECFD0D1D2D3D4D5D6D7D8D9DADBDCDDDEDFFA
:2036E000E0E1E2E3E4E5E6E7E8E9EAEBECEDEEEFF0F1F2F3F4F5F6F7F8F9FAFBFCFDFEFFDA
:20370000000102030405060708090A0B0C0D0E0F101112131415161718191A1B1C1D1E1FB9
:20372000202122232425262728292A2B2C2D2E2F303132333435363738393A3B3C3D3E3F99
:20374000404142434445464748494A4B4C4D4E4F505152535455565758595A5B5C5D5E5F79
:20376000606162636465666768696A6B6C6D6E6F707172737475767778797A7B7C7D7E7F59
:20378000808182838485868788898A8B8C8D8E8F909192939495969798999A9B9C9D9E9F39
:2037A000A0A1A2A3A4A5A6A7A8A9AAABACADAEAFB0B1B2B3B4B5B6B7B8B9BABBBCBDBEBF19
:2037C000C0C1C2C3C4C5C6C7C8C9CACBCCCDCECFD0D1D2D3D4D5D6D7D8D9DADBDCDDDEDFF9
:2037E000E0E1E2E3E4E5E6E7E8E9EAEBECEDEEEFF0F1F2F3F4F5F6F7F8F9FAFBFCFDFEFFD9
:20380000000102030405060708090A0B0C0D0E0F101112131415161718191A1B1C1D1E1FB8
:20382000202122232425262728292A2B2C2D2E2F303132333435363738393A3B3C3D3E3F98
:20384000404142434445464748494A4B4C4D4E4F505152535455565758595A5B5C5D5E5F78
:20386000606162636465666768696A6B6C6D6E6F707172737475767778797A7B7C7D7E7F58
:20388000808182838485868788898A8B8C8D8E8F909192939495969798999A9B9C9D9E9F38
:2038A000A0A1A2A3A4A5A6A7A8A9AAABACADAEAFB0B1B2B3B4B5B6B7B8B9BABBBCBDBEBF18
:2038C000C0C1C2C3C4C5C6C7C8C9CACBCCCDCECFD0D1D2D3D4D5D6D7D8D9DADBDCDDDEDFF8
:2038E000E0E1E2E3E4E5E6E7E8E9EAEBECEDEEEFF0F1F2F3F4F5F6F7F8F9FAFBFCFDFEFFD8
:20390000000102030405060708090A0B0C0D0E0F101112131415161718191A1B1C1D1E1FB7
:20392000202122232425262728292A2B2C2D2E2F303132333435363738393A3B3C3D3E3F97
:20394000404142434445464748494A4B4C4D4E4F505152535455565758595A5B5C5D5E5F77
:20396000606162636465666768696A6B6C6D6E6F707172737475767778797A7B7C7D7E7F57
:20398000808182838485868788898A8B8C8D8E8F909192939495969798999A9B9C9D9E9F37
:2039A000A0A1A2A3A4A5A6A7A8A9AAABACADAEAFB0B1B2B3B4B5B6B7B8B9BABBBCBDBEBF17
:2039C000C0C1C2C3C4C5C6C7C8C9CACBCCCDCECFD0D1D2D3D4D5D6D7D8D9DADBDCDDDEDFF7
:2039E000E0E1E2E3E4E5E6E7E8E9EAEBECEDEEEFF0F1F2F3F4F5F6F7F8F9FAFBFCFDFEFFD7
:203A0000000102030405060708090A0B0C0D0E0F101112131415161718191A1B1C1D1E1FB6
:203A2000202122232425262728292A2B2C2D2E2F303132333435363738393A3B3C3D3E3F96
:203A4000404142434445464748494A4B4C4D4E4F505152535455565758595A5B5C5D5E5F76
:203A6000606162636465666768696A6B6C6D6E6F707172737475767778797A7B7C7D7E7F56
:203A8000808182838485868788898A8B8C8D8E8F909192939495969798999A9B9C9D9E9F36
:203AA000A0A1A2A3A4A5A6A7A8A9AAABACADAEAFB0B1B2B3B4B5B6B7B8B9BABBBCBDBEBF16
:203AC000C0C1C2C3C4C5C6C7C8C9CACBCCCDCECFD0D1D2D3D4D5D6D7D8D9DADBDCDDDEDFF6
:203AE000E0E1E2E3E4E5E6E7E8E9EAEBECEDEEEFF0F1F2F3F4F5F6F7F8F9FAFBFCFDFEFFD6
:203B0000000102030405060708090A0B0C0D0E0F101112131415161718191A1B1C1D1E1FB5
:203B2000202122232425262728292A2B2C2D2E2F303132333435363738393A3B3C3D3E3F95
:203B4000404142434445464748494A4B4C4D4E4F505152535455565758595A5B5C5D5E5F75
:203B6000606162636465666768696A6B6C6D6E6F707172737475767778797A7B7C7D7E7F55
:203B8000808182838485868788898A8B8C8D8E8F909192939495969798999A9B9C9D9E9F35
:203BA000A0A1A2A3A4A5A6A7A8A9AAABACADAEAFB0B1B2B3B4B5B6B7B8B9BABBBCBDBEBF15
:203BC000C0C1C2C3C4C5C6C7C8C9CACBCCCDCECFD0D1D2D3D4D5D6D7D8D9DADBDCDDDEDFF5
:203BE000E0E1E2E3E4E5E6E7E8E9EAEBECEDEEEFF0F1F2F3F4F5F6F7F8F9FAFBFCFDFEFFD5
:203C0000000102030405060708090A0B0C0D0E0F101112131415161718191A1B1C1D1E1FB4
:203C2000202122232425262728292A2B2C2D2E2F303132333435363738393A3B3C3D3E3F94
:203C4000404142434445464748494A4B4C4D4E4F505152535455565758595A5B5C5D5E5F74
:203C6000606162636465666768696A6B6C6D6E6F707172737475767778797A7B7C7D7E7F54
:203C8000808182838485868788898A8B8C8D8E8F909192939495969798999A9B9C9D9E9F34
:203CA000A0A1A2A3A4A5A6A7A8A9AAABACADAEAFB0B1B2B3B4B5B6B7B8B9BABBBCBDBEBF14
:203CC000C0C1C2C3C4C5C6C7C8C9CACBCCCDCECFD0D1D2D3D4D5D6D7D8D9DADBDCDDDEDFF4
:203CE000E0E1E2E3E4E5E6E7E8E9EAEBECEDEEEFF0F1F2F3F4F5F6F7F8F9FAFBFCFDFEFFD4
:203D0000000102030405060708090A0B0C0D0E0F101112131415161718191A1B1C1D1E1FB3
:203D2000202122232425262728292A2B2C2D2E2F303132333435363738393A3B3C3D3E3F93
:203D4000404142434445464748494A4B4C4D4E4F505152535455565758595A5B5C5D5E5F73
:203D6000606162636465666768696A6B6C6D6E6F707172737475767778797A7B7C7D7E7F53
:203D8000808182838485868788898A8B8C8D8E8F909192939495969798999A9B9C9D9E9F33
:203DA000A0A1A2A3A4A5A6A7A8A9AAABACADAEAFB0B1B2B3B4B5B6B7B8B9BABBBCBDBEBF13
:203DC000C0C1C2C3C4C5C6C7C8C9CACBCCCDCECFD0D1D2D3D4D5D6D7D8D9DADBDCDDDEDFF3
:203DE000E0E1E2E3E4E5E6E7E8E9EAEBECEDEEEFF0F1F2F3F4F5F6F7F8F9FAFBFCFDFEFFD3
:203E0000000102030405060708090A0B0C0D0E0F101112131415161718191A1B1C1D1E1FB2
:203E2000202122232425262728292A2B2C2D2E2F303132333435363738393A3B3C3D3E3F92
:203E4000404142434445464748494A4B4C4D4E4F505152535455565758595A5B5C5D5E5F72
:203E6000606162636465666768696A6B6C6D6E6F707172737475767778797A7B7C7D7E7F52
:203E8000808182838485868788898A8B8C8D8E8F909192939495969798999A9B9C9D9E9F32
:203EA000A0A1A2A3A4A5A6A7A8A9AAABACADAEAFB0B1B2B3B4B5B6B7B8B9BABBBCBDBEBF12
:203EC000C0C1C2C3C4C5C6C7C8C9CACBCCCDCECFD0D1D2D3D4D5D6D7D8D9DADBDCDDDEDFF2
:203EE000E0E1E2E3E4E5E6E7E8E9EAEBECEDEEEFF0F1F2F3F4F5F6F7F8F9FAFBFCFDFEFFD2
:203F0000000102030405060708090A0B0C0D0E0F101112131415161718191A1B1C1D1E1FB1
:203F2000202122232425262728292A2B2C2D2E2F303132333435363738393A3B3C3D3E3F91
:203F4000404142434445464748494A4B4C4D4E4F505152535455565758595A5B5C5D5E5F71
:203F6000606162636465666768696A6B6C6D6E6F707172737475767778797A7B7C7D7E7F51
:203F8000808182838485868788898A8B8C8D8E8F909192939495969798999A9B9C9D9E9F31
:203FA000A0A1A2A3A4A5A6A7A8A9AAABACADAEAFB0B1B2B3B4B5B6B7B8B9BABBBCBDBEBF11
:203FC000C0C1C2C3C4C5C6C7C8C9CACBCCCDCECFD0D1D2D3D4D5D6D7D8D9DADBDCDDDEDFF1
:203FE000E0E1E2E3E4E5E6E7E8E9EAEBECEDEEEFF0F1F2F3F4F5F6F7F8F9FAFBFCFDFEFFD1
:20400000000102030405060708090A0B0C0D0E0F101112131415161718191A1B1C1D1E1FB0
:20402000202122232425262728292A2B2C2D2E2F303132333435363738393A3B3C3D3E3F90
:20404000404142434445464748494A4B4C4D4E4F505152535455565758595A5B5C5D5E5F70
:20406000606162636465666768696A6B6C6D6E6F707172737475767778797A7B7C7D7E7F50
:20408000808182838485868788898A8B8C8D8E8F909192939495969798999A9B9C9D9E9F30
:2040A000A0A1A2A3A4A5A6A7A8A9AAABACADAEAFB0B1B2B3B4B5B6B7B8B9BABBBCBDBEBF10
:2040C000C0C1C2C3C4C5C6C7C8C9CACBCCCDCECFD0D1D2D3D4D5D6D7D8D9DADBDCDDDEDFF0
:2040E000E0E1E2E3E4E5E6E7E8E9EAEBECEDEEEFF0F1F2F3F4F5F6F7F8F9FAFBFCFDFEFFD0
:20410000000102030405060708090A0B0C0D0E0F101112131415161718191A1B1C1D1E1FAF
:20412000202122232425262728292A2B2C2D2E2F303132333435363738393A3B3C3D3E3F8F
:20414000404142434445464748494A4B4C4D4E4F505152535455565758595A5B5C5D5E5F6F
:20416000606162636465666768696A6B6C6D6E6F707172737475767778797A7B7C7D7E7F4F
:20418000808182838485868788898A8B8C8D8E8F909192939495969798999A9B9C9D9E9F2F
:2041A000A0A1A2A3A4A5A6A7A8A9AAABACADAEAFB0B1B2B3B4B5B6B7B8B9BABBBCBDBEBF0F
:2041C000C0C1C2C3C4C5C6C7C8C9CACBCCCDCECFD0D1D2D3D4D5D6D7D8D9DADBDCDDDEDFEF
:2041E000E0E1E2E3E4E5E6E7E8E9EAEBECEDEEEFF0F1F2F3F4F5F6F7F8F9FAFBFCFDFEFFCF
:20420000000102030405060708090A0B0C0D0E0F101112131415161718191A1B1C1D1E1FAE
:20422000202122232425262728292A2B2C2D2E2F303132333435363738393A3B3C3D3E3F8E
:20424000404142434445464748494A4B4C4D4E4F505152535455565758595A5B5C5D5E5F6E
:20426000606162636465666768696A6B6C6D6E6F707172737475767778797A7B7C7D7E7F4E
:20428000808182838485868788898A8B8C8D8E8F909192939495969798999A9B9C9D9E9F2E
:2042A000A0A1A2A3A4A5A6A7A8A9AAABACADAEAFB0B1B2B3B4B5B6B7B8B9BABBBCBDBEBF0E
:2042C000C0C1C2C3C4C5C6C7C8C9CACBCCCDCECFD0D1D2D3D4D5D6D7D8D9DADBDCDDDEDFEE
:2042E000E0E1E2E3E4E5E6E7E8E9EAEBECEDEEEFF0F1F2F3F4F5F6F7F8F9FAFBFCFDFEFFCE
:20430000000102030405060708090A0B0C0D0E0F101112131415161718191A1B1C1D1E1FAD
:20432000202122232425262728292A2B2C2D2E2F303132333435363738393A3B3C3D3E3F8D
:20434000404142434445464748494A4B4C4D4E4F505152535455565758595A5B5C5D5E5F6D
:20436000606162636465666768696A6B6C6D6E6F707172737475767778797A7B7C7D7E7F4D
:20438000808182838485868788898A8B8C8D8E8F909192939495969798999A9B9C9D9E9F2D
:2043A000A0A1A2A3A4A5A6A7A8A9AAABACADAEAFB0B1B2B3B4B5B6B7B8B9BABBBCBDBEBF0D
:2043C000C0C1C2C3C4C5C6C7C8C9CACBCCCDCECFD0D1D2D3D4D5D6D7D8D9DADBDCDDDEDFED
:2043E000E0E1E2E3E4E5E6E7E8E9EAEBECEDEEEFF0F1F2F3F4F5F6F7F8F9FAFBFCFDFEFFCD
:20440000000102030405060708090A0B0C0D0E0F101112131415161718191A1B1C1D1E1FAC
:20442000202122232425262728292A2B2C2D2E2F303132333435363738393A3B3C3D3E3F8C
:20444000404142434445464748494A4B4C4D4E4F505152535455565758595A5B5C5D5E5F6C
:20446000606162636465666768696A6B6C6D6E6F707172737475767778797A7B7C7D7E7F4C
:20448000808182838485868788898A8B8C8D8E8F909192939495969798999A9B9C9D9E9F2C
:2044A000A0A1A2A3A4A5A6A7A8A9AAABACADAEAFB0B1B2B3B4B5B6B7B8B9BABBBCBDBEBF0C
:2044C000C0C1C2C3C4C5C6C7C8C9CACBCCCDCECFD0D1D2D3D4D5D6D7D8D9DADBDCDDDEDFEC
:2044E000E0E1E2E3E4E5E6E7E8E9EAEBECEDEEEFF0F1F2F3F4F5F6F7F8F9FAFBFCFDFEFFCC
:20450000000102030405060708090A0B0C0D0E0F101112131415161718191A1B1C1D1E1FAB
:20452000202122232425262728292A2B2C2D2E2F303132333435363738393A3B3C3D3E3F8B
:20454000404142434445464748494A4B4C4D4E4F505152535455565758595A5B5C5D5E5F6B
:20456000606162636465666768696A6B6C6D6E6F707172737475767778797A7B7C7D7E7F4B
:20458000808182838485868788898A8B8C8D8E8F909192939495969798999A9B9C9D9E9F2B
:2045A000A0A1A2A3A4A5A6A7A8A9AAABACADAEAFB0B1B2B3B4B5B6B7B8B9BABBBCBDBEBF0B
:2045C000C0C1C2C3C4C5C6C7C8C9CACBCCCDCECFD0D1D2D3D4D5D6D7D8D9DADBDCDDDEDFEB
:2045E000E0E1E2E3E4E5E6E7E8E9EAEBECEDEEEFF0F1F2F3F4F5F6F7F8F9FAFBFCFDFEFFCB
:20460000000102030405060708090A0B0C0D0E0F101112131415161718191A1B1C1D1E1FAA
:20462000202122232425262728292A2B2C2D2E2F303132333435363738393A3B3C3D3E3F8A
:20464000404142434445464748494A4B4C4D4E4F505152535455565758595A5B5C5D5E5F6A
:20466000606162636465666768696A6B6C6D6E6F707172737475767778797A7B7C7D7E7F4A
:20468000808182838485868788898A8B8C8D8E8F909192939495969798999A9B9C9D9E9F2A
:2046A000A0A1A2A3A4A5A6A7A8A9AAABACADAEAFB0B1B2B3B4B5B6B7B8B9BABBBCBDBEBF0A
:2046C000C0C1C2C3C4C5C6C7C8C9CACBCCCDCECFD0D1D2D3D4D5D6D7D8D9DADBDCDDDEDFEA
:2046E000E0E1E2E3E4E5E6E7E8E9EAEBECEDEEEFF0F1F2F3F4F5F6F7F8F9FAFBFCFDFEFFCA
:20470000000102030405060708090A0B0C0D0E0F101112131415161718191A1B1C1D1E1FA9
:20472000202122232425262728292A2B2C2D2E2F303132333435363738393A3B3C3D3E3F89
:20474000404142434445464748494A4B4C4D4E4F505152535455565758595A5B5C5D5E5F69
:20476000606162636465666768696A6B6C6D6E6F707172737475767778797A7B7C7D7E7F49
:20478000808182838485868788898A8B8C8D8E8F909192939495969798999A9B9C9D9E9F29
:2047A000A0A1A2A3A4A5A6A7A8A9AAABACADAEAFB0B1B2B3B4B5B6B7B8B9BABBBCBDBEBF09
:2047C000C0C1C2C3C4C5C6C7C8C9CACBCCCDCECFD0D1D2D3D4D5D6D7D8D9DADBDCDDDEDFE9
:2047E000E0E1E2E3E4E5E6E7E8E9EAEBECEDEEEFF0F1F2F3F4F5F6F7F8F9FAFBFCFDFEFFC9
:20480000000102030405060708090A0B0C0D0E0F101112131415161718191A1B1C1D1E1FA8
:20482000202122232425262728292A2B2C2D2E2F303132333435363738393A3B3C3D3E3F88
:20484000404142434445464748494A4B4C4D4E4F505152535455565758595A5B5C5D5E5F68
:20486000606162636465666768696A6B6C6D6E6F707172737475767778797A7B7C7D7E7F48
:20488000808182838485868788898A8B8C8D8E8F909192939495969798999A9B9C9D9E9F28
:2048A000A0A1A2A3A4A5A6A7A8A9AAABACADAEAFB0B1B2B3B4B5B6B7B8B9BABBBCBDBEBF08
:2048C000C0C1C2C3C4C5C6C7C8C9CACBCCCDCECFD0D1D2D3D4D5D6D7D8D9DADBDCDDDEDFE8
:2048E000E0E1E2E3E4E5E6E7E8E9EAEBECEDEEEFF0F1F2F3F4F5F6F7F8F9FAFBFCFDFEFFC8
:20490000000102030405060708090A0B0C0D0E0F101112131415161718191A1B1C1D1E1FA7
:20492000202122232425262728292A2B2C2D2E2F303132333435363738393A3B3C3D3E3F87
:20494000404142434445464748494A4B4C4D4E4F505152535455565758595A5B5C5D5E5F67
:20496000606162636465666768696A6B6C6D6E6F707172737475767778797A7B7C7D7E7F47
:20498000808182838485868788898A8B8C8D8E8F909192939495969798999A9B9C9D9E9F27
:2049A000A0A1A2A3A4A5A6A7A8A9AAABACADAEAFB0B1B2B3B4B5B6B7B8B9BABBBCBDBEBF07
:2049C000C0C1C2C3C4C5C6C7C8C9CACBCCCDCECFD0D1D2D3D4D5D6D7D8D9DADBDCDDDEDFE7
:2049E000E0E1E2E3E4E5E6E7E8E9EAEBECEDEEEFF0F1F2F3F4F5F6F7F8F9FAFBFCFDFEFFC7
:204A0000000102030405060708090A0B0C0D0E0F101112131415161718191A1B1C1D1E1FA6
:204A2000202122232425262728292A2B2C2D2E2F303132333435363738393A3B3C3D3E3F86
:204A4000404142434445464748494A4B4C4D4E4F505152535455565758595A5B5C5D5E5F66
:204A6000606162636465666768696A6B6C6D6E6F707172737475767778797A7B7C7D7E7F46
:204A8000808182838485868788898A8B8C8D8E8F909192939495969798999A9B9C9D9E9F26
:204AA000A0A1A2A3A4A5A6A7A8A9AAABACADAEAFB0B1B2B3B4B5B6B7B8B9BABBBCBDBEBF06
:204AC000C0C1C2C3C4C5C6C7C8C9CACBCCCDCECFD0D1D2D3D4D5D6D7D8D9DADBDCDDDEDFE6
:204AE000E0E1E2E3E4E5E6E7E8E9EAEBECEDEEEFF0F1F2F3F4F5F6F7F8F9FAFBFCFDFEFFC6
:204B0000000102030405060708090A0B0C0D0E0F101112131415161718191A1B1C1D1E1FA5
:204B2000202122232425262728292A2B2C2D2E2F303132333435363738393A3B3C3D3E3F85
:204B4000404142434445464748494A4B4C4D4E4F505152535455565758595A5B5C5D5E5F65
:204B6000606162636465666768696A6B6C6D6E6F707172737475767778797A7B7C7D7E7F45
:204B8000808182838485868788898A8B8C8D8E8F909192939495969798999A9B9C9D9E9F25
:204BA000A0A1A2A3A4A5A6A7A8A9AAABACADAEAFB0B1B2B3B4B5B6B7B8B9BABBBCBDBEBF05
:204BC000C0C1C2C3C4C5C6C7C8C9CACBCCCDCECFD0D1D2D3D4D5D6D7D8D9DADBDCDDDEDFE5
:204BE000E0E1E2E3E4E5E6E7E8E9EAEBECEDEEEFF0F1F2F3F4F5F6F7F8F9FAFBFCFDFEFFC5
:204C0000000102030405060708090A0B0C0D0E0F101112131415161718191A1B1C1D1E1FA4
:204C2000202122232425262728292A2B2C2D2E2F303132333435363738393A3B3C3D3E3F84
:204C4000404142434445464748494A4B4C4D4E4F505152535455565758595A5B5C5D5E5F64
:204C6000606162636465666768696A6B6C6D6E6F707172737475767778797A7B7C7D7E7F44
:204C8000808182838485868788898A8B8C8D8E8F909192939495969798999A9B9C9D9E9F24
:204CA000A0A1A2A3A4A5A6A7A8A9AAABACADAEAFB0B1B2B3B4B5B6B7B8B9BABBBCBDBEBF04
:204CC000C0C1C2C3C4C5C6C7C8C9CACBCCCDCECFD0D1D2D3D4D5D6D7D8D9DADBDCDDDEDFE4
:204CE000E0E1E2E3E4E5E6E7E8E9EAEBECEDEEEFF0F1F2F3F4F5F6F7F8F9FAFBFCFDFEFFC4
:204D0000000102030405060708090A0B0C0D0E0F101112131415161718191A1B1C1D1E1FA3
:204D2000202122232425262728292A2B2C2D2E2F303132333435363738393A3B3C3D3E3F83
:204D4000404142434445464748494A4B4C4D4E4F505152535455565758595A5B5C5D5E5F63
:204D6000606162636465666768696A6B6C6D6E6F707172737475767778797A7B7C7D7E7F43
:204D8000808182838485868788898A8B8C8D8E8F909192939495969798999A9B9C9D9E9F23
:204DA000A0A1A2A3A4A5A6A7A8A9AAABACADAEAFB0B1B2B3B4B5B6B7B8B9BABBBCBDBEBF03
:204DC000C0C1C2C3C4C5C6C7C8C9CACBCCCDCECFD0D1D2D3D4D5D6D7D8D9DADBDCDDDEDFE3
:204DE000E0E1E2E3E4E5E6E7E8E9EAEBECEDEEEFF0F1F2F3F4F5F6F7F8F9FAFBFCFDFEFFC3
:204E0000000102030405060708090A0B0C0D0E0F101112131415161718191A1B1C1D1E1FA2
:204E2000202122232425262728292A2B2C2D2E2F303132333435363738393A3B3C3D3E3F82
:204E4000404142434445464748494A4B4C4D4E4F505152535455565758595A5B5C5D5E5F62
:204E6000606162636465666768696A6B6C6D6E6F707172737475767778797A7B7C7D7E7F42
:204E8000808182838485868788898A8B8C8D8E8F909192939495969798999A9B9C9D9E9F22
:204EA000A0A1A2A3A4A5A6A7A8A9AAABACADAEAFB0B1B2B3B4B5B6B7B8B9BABBBCBDBEBF02
:204EC000C0C1C2C3C4C5C6C7C8C9CACBCCCDCECFD0D1D2D3D4D5D6D7D8D9DADBDCDDDEDFE2
:204EE000E0E1E2E3E4E5E6E7E8E9EAEBECEDEEEFF0F1F2F3F4F5F6F7F8F9FAFBFCFDFEFFC2
:204F0000000102030405060708090A0B0C0D0E0F101112131415161718191A1B1C1D1E1FA1
:204F2000202122232425262728292A2B2C2D2E2F303132333435363738393A3B3C3D3E3F81
:204F4000404142434445464748494A4B4C4D4E4F505152535455565758595A5B5C5D5E5F61
:204F6000606162636465666768696A6B6C6D6E6F707172737475767778797A7B7C7D7E7F41
:204F8000808182838485868788898A8B8C8D8E8F909192939495969798999A9B9C9D9E9F21
:204FA000A0A1A2A3A4A5A6A7A8A9AAABACADAEAFB0B1B2B3B4B5B6B7B8B9BABBBCBDBEBF01
:204FC000C0C1C2C3C4C5C6C7C8C9CACBCCCDCECFD0D1D2D3D4D5D6D7D8D9DADBDCDDDEDFE1
:204FE000E0E1E2E3E4E5E6E7E8E9EAEBECEDEEEFF0F1F2F3F4F5F6F7F8F9FAFBFCFDFEFFC1
:20500000000102030405060708090A0B0C0D0E0F101112131415161718191A1B1C1D1E1FA0
:20502000202122232425262728292A2B2C2D2E2F303132333435363738393A3B3C3D3E3F80
:20504000404142434445464748494A4B4C4D4E4F505152535455565758595A5B5C5D5E5F60
:20506000606162636465666768696A6B6C6D6E6F707172737475767778797A7B7C7D7E7F40
:20508000808182838485868788898A8B8C8D8E8F909192939495969798999A9B9C9D9E9F20
:2050A000A0A1A2A3A4A5A6A7A8A9AAABACADAEAFB0B1B2B3B4B5B6B7B8B9BABBBCBDBEBF00
:2050C000C0C1C2C3C4C5C6C7C8C9CACBCCCDCECFD0D1D2D3D4D5D6D7D8D9DADBDCDDDEDFE0
:2050E000E0E1E2E3E4E5E6E7E8E9EAEBECEDEEEFF0F1F2F3F4F5F6F7F8F9FAFBFCFDFEFFC0
:20510000000102030405060708090A0B0C0D0E0F101112131415161718191A1B1C1D1E1F9F
:20512000202122232425262728292A2B2C2D2E2F303132333435363738393A3B3C3D3E3F7F
:20514000404142434445464748494A4B4C4D4E4F505152535455565758595A5B5C5D5E5F5F
:20516000606162636465666768696A6B6C6D6E6F707172737475767778797A7B7C7D7E7F3F
:20518000808182838485868788898A8B8C8D8E8F909192939495969798999A9B9C9D9E9F1F
:2051A000A0A1A2A3A4A5A6A7A8A9AAABACADAEAFB0B1B2B3B4B5B6B7B8B9BABBBCBDBEBFFF
:2051C000C0C1C2C3C4C5C6C7C8C9CACBCCCDCECFD0D1D2D3D4D5D6D7D8D9DADBDCDDDEDFDF
:2051E000E0E1E2E3E4E5E6E7E8E9EAEBECEDEEEFF0F1F2F3F4F5F6F7F8F9FAFBFCFDFEFFBF
:20520000000102030405060708090A0B0C0D0E0F101112131415161718191A1B1C1D1E1F9E
:20522000202122232425262728292A2B2C2D2E2F303132333435363738393A3B3C3D3E3F7E
:20524000404142434445464748494A4B4C4D4E4F505152535455565758595A5B5C5D5E5F5E
:20526000606162636465666768696A6B6C6D6E6F707172737475767778797A7B7C7D7E7F3E
:20528000808182838485868788898A8B8C8D8E8F909192939495969798999A9B9C9D9E9F1E
:2052A000A0A1A2A3A4A5A6A7A8A9AAABACADAEAFB0B1B2B3B4B5B6B7B8B9BABBBCBDBEBFFE
:2052C000C0C1C2C3C4C5C6C7C8C9CACBCCCDCECFD0D1D2D3D4D5D6D7D8D9DADBDCDDDEDFDE
:2052E000E0E1E2E3E4E5E6E7E8E9EAEBECEDEEEFF0F1F2F3F4F5F6F7F8F9FAFBFCFDFEFFBE
:20530000000102030405060708090A0B0C0D0E0F101112131415161718191A1B1C1D1E1F9D
:20532000202122232425262728292A2B2C2D2E2F303132333435363738393A3B3C3D3E3F7D
:20534000404142434445464748494A4B4C4D4E4F505152535455565758595A5B5C5D5E5F5D
:20536000606162636465666768696A6B6C6D6E6F707172737475767778797A7B7C7D7E7F3D
:20538000808182838485868788898A8B8C8D8E8F909192939495969798999A9B9C9D9E9F1D
:2053A000A0A1A2A3A4A5A6A7A8A9AAABACADAEAFB0B1B2B3B4B5B6B7B8B9BABBBCBDBEBFFD
:2053C000C0C1C2C3C4C5C6C7C8C9CACBCCCDCECFD0D1D2D3D4D5D6D7D8D9DADBDCDDDEDFDD
:2053E000E0E1E2E3E4E5E6E7E8E9EAEBECEDEEEFF0F1F2F3F4F5F6F7F8F9FAFBFCFDFEFFBD
:20540000000102030405060708090A0B0C0D0E0F101112131415161718191A1B1C1D1E1F9C
:20542000202122232425262728292A2B2C2D2E2F303132333435363738393A3B3C3D3E3F7C
:20544000404142434445464748494A4B4C4D4E4F505152535455565758595A5B5C5D5E5F5C
:20546000606162636465666768696A6B6C6D6E6F707172737475767778797A7B7C7D7E7F3C
:20548000808182838485868788898A8B8C8D8E8F909192939495969798999A9B9C9D9E9F1C
:2054A000A0A1A2A3A4A5A6A7A8A9AAABACADAEAFB0B1B2B3B4B5B6B7B8B9BABBBCBDBEBFFC
:2054C000C0C1C2C3C4C5C6C7C8C9CACBCCCDCECFD0D1D2D3D4D5D6D7D8D9DADBDCDDDEDFDC
:2054E000E0E1E2E3E4E5E6E7E8E9EAEBECEDEEEFF0F1F2F3F4F5F6F7F8F9FAFBFCFDFEFFBC
:20550000000102030405060708090A0B0C0D0E0F101112131415161718191A1B1C1D1E1F9B
:20552000202122232425262728292A2B2C2D2E2F303132333435363738393A3B3C3D3E3F7B
:20554000404142434445464748494A4B4C4D4E4F505152535455565758595A5B5C5D5E5F5B
:20556000606162636465666768696A6B6C6D6E6F707172737475767778797A7B7C7D7E7F3B
:20558000808182838485868788898A8B8C8D8E8F909192939495969798999A9B9C9D9E9F1B
:2055A000A0A1A2A3A4A5A6A7A8A9AAABACADAEAFB0B1B2B3B4B5B6B7B8B9BABBBCBDBEBFFB
:2055C000C0C1C2C3C4C5C6C7C8C9CACBCCCDCECFD0D1D2D3D4D5D6D7D8D9DADBDCDDDEDFDB
:2055E000E0E1E2E3E4E5E6E7E8E9EAEBECEDEEEFF0F1F2F3F4F5F6F7F8F9FAFBFCFDFEFFBB
:20560000000102030405060708090A0B0C0D0E0F101112131415161718191A1B1C1D1E1F9A
:20562000202122232425262728292A2B2C2D2E2F303132333435363738393A3B3C3D3E3F7A
:20564000404142434445464748494A4B4C4D4E4F505152535455565758595A5B5C5D5E5F5A
:20566000606162636465666768696A6B6C6D6E6F707172737475767778797A7B7C7D7E7F3A
:20568000808182838485868788898A8B8C8D8E8F909192939495969798999A9B9C9D9E9F1A
:2056A000A0A1A2A3A4A5A6A7A8A9AAABACADAEAFB0B1B2B3B4B5B6B7B8B9BABBBCBDBEBFFA
:2056C000C0C1C2C3C4C5C6C7C8C9CACBCCCDCECFD0D1D2D3D4D5D6D7D8D9DADBDCDDDEDFDA
:2056E000E0E1E2E3E4E5E6E7E8E9EAEBECEDEEEFF0F1F2F3F4F5F6F7F8F9FAFBFCFDFEFFBA
:20570000000102030405060708090A0B0C0D0E0F101112131415161718191A1B1C1D1E1F99
:20572000202122232425262728292A2B2C2D2E2F303132333435363738393A3B3C3D3E3F79
:20574000404142434445464748494A4B4C4D4E4F505152535455565758595A5B5C5D5E5F59
:20576000606162636465666768696A6B6C6D6E6F707172737475767778797A7B7C7D7E7F39
:20578000808182838485868788898A8B8C8D8E8F909192939495969798999A9B9C9D9E9F19
:2057A000A0A1A2A3A4A5A6A7A8A9AAABACADAEAFB0B1B2B3B4B5B6B7B8B9BABBBCBDBEBFF9
:2057C000C0C1C2C3C4C5C6C7C8C9CACBCCCDCECFD0D1D2D3D4D5D6D7D8D9DADBDCDDDEDFD9
:2057E000E0E1E2E3E4E5E6E7E8E9EAEBECEDEEEFF0F1F2F3F4F5F6F7F8F9FAFBFCFDFEFFB9
:20580000000102030405060708090A0B0C0D0E0F101112131415161718191A1B1C1D1E1F98
:20582000202122232425262728292A2B2C2D2E2F303132333435363738393A3B3C3D3E3F78
:20584000404142434445464748494A4B4C4D4E4F505152535455565758595A5B5C5D5E5F58
:20586000606162636465666768696A6B6C6D6E6F707172737475767778797A7B7C7D7E7F38
:20588000808182838485868788898A8B8C8D8E8F909192939495969798999A9B9C9D9E9F18
:2058A000A0A1A2A3A4A5A6A7A8A9AAABACADAEAFB0B1B2B3B4B5B6B7B8B9BABBBCBDBEBFF8
:2058C000C0C1C2C3C4C5C6C7C8C9CACBCCCDCECFD0D1D2D3D4D5D6D7D8D9DADBDCDDDEDFD8
:2058E000E0E1E2E3E4E5E6E7E8E9EAEBECEDEEEFF0F1F2F3F4F5F6F7F8F9FAFBFCFDFEFFB8
:20590000000102030405060708090A0B0C0D0E0F101112131415161718191A1B1C1D1E1F97
:20592000202122232425262728292A2B2C2D2E2F303132333435363738393A3B3C3D3E3F77
:20594000404142434445464748494A4B4C4D4E4F505152535455565758595A5B5C5D5E5F57
:20596000606162636465666768696A6B6C6D6E6F707172737475767778797A7B7C7D7E7F37
:20598000808182838485868788898A8B8C8D8E8F909192939495969798999A9B9C9D9E9F17
:2059A000A0A1A2A3A4A5A6A7A8A9AAABACADAEAFB0B1B2B3B4B5B6B7B8B9BABBBCBDBEBFF7
:2059C000C0C1C2C3C4C5C6C7C8C9CACBCCCDCECFD0D1D2D3D4D5D6D7D8D9DADBDCDDDEDFD7
:2059E000E0E1E2E3E4E5E6E7E8E9EAEBECEDEEEFF0F1F2F3F4F5F6F7F8F9FAFBFCFDFEFFB7
:205A0000000102030405060708090A0B0C0D0E0F101112131415161718191A1B1C1D1E1F96
:205A2000202122232425262728292A2B2C2D2E2F303132333435363738393A3B3C3D3E3F76
:205A4000404142434445464748494A4B4C4D4E4F505152535455565758595A5B5C5D5E5F56
:205A6000606162636465666768696A6B6C6D6E6F707172737475767778797A7B7C7D7E7F36
:205A8000808182838485868788898A8B8C8D8E8F909192939495969798999A9B9C9D9E9F16
:205AA000A0A1A2A3A4A5A6A7A8A9AAABACADAEAFB0B1B2B3B4B5B6B7B8B9BABBBCBDBEBFF6
:205AC000C0C1C2C3C4C5C6C7C8C9CACBCCCDCECFD0D1D2D3D4D5D6D7D8D9DADBDCDDDEDFD6
:205AE000E0E1E2E3E4E5E6E7E8E9EAEBECEDEEEFF0F1F2F3F4F5F6F7F8F9FAFBFCFDFEFFB6
:205B0000000102030405060708090A0B0C0D0E0F101112131415161718191A1B1C1D1E1F95
:205B2000202122232425262728292A2B2C2D2E2F303132333435363738393A3B3C3D3E3F75
:205B4000404142434445464748494A4B4C4D4E4F505152535455565758595A5B5C5D5E5F55
:205B6000606162636465666768696A6B6C6D6E6F707172737475767778797A7B7C7D7E7F35
:205B8000808182838485868788898A8B8C8D8E8F909192939495969798999A9B9C9D9E9F15
:205BA000A0A1A2A3A4A5A6A7A8A9AAABACADAEAFB0B1B2B3B4B5B6B7B8B9BABBBCBDBEBFF5
:205BC000C0C1C2C3C4C5C6C7C8C9CACBCCCDCECFD0D1D2D3D4D5D6D7D8D9DADBDCDDDEDFD5
:205BE000E0E1E2E3E4E5E6E7E8E9EAEBECEDEEEFF0F1F2F3F4F5F6F7F8F9FAFBFCFDFEFFB5
:205C0000000102030405060708090A0B0C0D0E0F101112131415161718191A1B1C1D1E1F94
:205C2000202122232425262728292A2B2C2D2E2F303132333435363738393A3B3C3D3E3F74
:205C4000404142434445464748494A4B4C4D4E4F505152535455565758595A5B5C5D5E5F54
:205C6000606162636465666768696A6B6C6D6E6F707172737475767778797A7B7C7D7E7F34
:205C8000808182838485868788898A8B8C8D8E8F909192939495969798999A9B9C9D9E9F14
:205CA000A0A1A2A3A4A5A6A7A8A9AAABACADAEAFB0B1B2B3B4B5B6B7B8B9BABBBCBDBEBFF4
:205CC000C0C1C2C3C4C5C6C7C8C9CACBCCCDCECFD0D1D2D3D4D5D6D7D8D9DADBDCDDDEDFD4
:205CE000E0E1E2E3E4E5E6E7E8E9EAEBECEDEEEFF0F1F2F3F4F5F6F7F8F9FAFBFCFDFEFFB4
:205D0000000102030405060708090A0B0C0D0E0F101112131415161718191A1B1C1D1E1F93
:205D2000202122232425262728292A2B2C2D2E2F303132333435363738393A3B3C3D3E3F73
:205D4000404142434445464748494A4B4C4D4E4F505152535455565758595A5B5C5D5E5F53
:205D6000606162636465666768696A6B6C6D6E6F707172737475767778797A7B7C7D7E7F33
:205D8000808182838485868788898A8B8C8D8E8F909192939495969798999A9B9C9D9E9F13
:205DA000A0A1A2A3A4A5A6A7A8A9AAABACADAEAFB0B1B2B3B4B5B6B7B8B9BABBBCBDBEBFF3
:205DC000C0C1C2C3C4C5C6C7C8C9CACBCCCDCECFD0D1D2D3D4D5D6D7D8D9DADBDCDDDEDFD3
:205DE000E0E1E2E3E4E5E6E7E8E9EAEBECEDEEEFF0F1F2F3F4F5F6F7F8F9FAFBFCFDFEFFB3
:205E0000000102030405060708090A0B0C0D0E0F101112131415161718191A1B1C1D1E1F92
:205E2000202122232425262728292A2B2C2D2E2F303132333435363738393A3B3C3D3E3F72
:205E4000404142434445464748494A4B4C4D4E4F505152535455565758595A5B5C5D5E5F52
:205E6000606162636465666768696A6B6C6D6E6F707172737475767778797A7B7C7D7E7F32
:205E8000808182838485868788898A8B8C8D8E8F909192939495969798999A9B9C9D9E9F12
:205EA000A0A1A2A3A4A5A6A7A8A9AAABACADAEAFB0B1B2B3B4B5B6B7B8B9BABBBCBDBEBFF2
:205EC000C0C1C2C3C4C5C6C7C8C9CACBCCCDCECFD0D1D2D3D4D5D6D7D8D9DADBDCDDDEDFD2
:205EE000E0E1E2E3E4E5E6E7E8E9EAEBECEDEEEFF0F1F2F3F4F5F6F7F8F9FAFBFCFDFEFFB2
:205F0000000102030405060708090A0B0C0D0E0F101112131415161718191A1B1C1D1E1F91
:205F2000202122232425262728292A2B2C2D2E2F303132333435363738393A3B3C3D3E3F71
:205F4000404142434445464748494A4B4C4D4E4F505152535455565758595A5B5C5D5E5F51
:205F6000606162636465666768696A6B6C6D6E6F707172737475767778797A7B7C7D7E7F31
:205F8000808182838485868788898A8B8C8D8E8F909192939495969798999A9B9C9D9E9F11
:205FA000A0A1A2A3A4A5A6A7A8A9AAABACADAEAFB0B1B2B3B4B5B6B7B8B9BABBBCBDBEBFF1
:205FC000C0C1C2C3C4C5C6C7C8C9CACBCCCDCECFD0D1D2D3D4D5D6D7D8D9DADBDCDDDEDFD1
:205FE000E0E1E2E3E4E5E6E7E8E9EAEBECEDEEEFF0F1F2F3F4F5F6F7F8F9FAFBFCFDFEFFB1
:20600000000102030405060708090A0B0C0D0E0F101112131415161718191A1B1C1D1E1F90
:20602000202122232425262728292A2B2C2D2E2F303132333435363738393A3B3C3D3E3F70
:20604000404142434445464748494A4B4C4D4E4F505152535455565758595A5B5C5D5E5F50
:20606000606162636465666768696A6B6C6D6E6F707172737475767778797A7B7C7D7E7F30
:20608000808182838485868788898A8B8C8D8E8F909192939495969798999A9B9C9D9E9F10
:2060A000A0A1A2A3A4A5A6A7A8A9AAABACADAEAFB0B1B2B3B4B5B6B7B8B9BABBBCBDBEBFF0
:2060C000C0C1C2C3C4C5C6C7C8C9CACBCCCDCECFD0D1D2D3D4D5D6D7D8D9DADBDCDDDEDFD0
:2060E000E0E1E2E3E4E5E6E7E8E9EAEBECEDEEEFF0F1F2F3F4F5F6F7F8F9FAFBFCFDFEFFB0
:20610000000102030405060708090A0B0C0D0E0F101112131415161718191A1B1C1D1E1F8F
:20612000202122232425262728292A2B2C2D2E2F303132333435363738393A3B3C3D3E3F6F
:20614000404142434445464748494A4B4C4D4E4F505152535455565758595A5B5C5D5E5F4F
:20616000606162636465666768696A6B6C6D6E6F707172737475767778797A7B7C7D7E7F2F
:20618000808182838485868788898A8B8C8D8E8F909192939495969798999A9B9C9D9E9F0F
:2061A000A0A1A2A3A4A5A6A7A8A9AAABACADAEAFB0B1B2B3B4B5B6B7B8B9BABBBCBDBEBFEF
:2061C000C0C1C2C3C4C5C6C7C8C9CACBCCCDCECFD0D1D2D3D4D5D6D7D8D9DADBDCDDDEDFCF
:2061E000E0E1E2E3E4E5E6E7E8E9EAEBECEDEEEFF0F1F2F3F4F5F6F7F8F9FAFBFCFDFEFFAF
:20620000000102030405060708090A0B0C0D0E0F101112131415161718191A1B1C1D1E1F8E
:20622000202122232425262728292A2B2C2D2E2F303132333435363738393A3B3C3D3E3F6E
:20624000404142434445464748494A4B4C4D4E4F505152535455565758595A5B5C5D5E5F4E
:20626000606162636465666768696A6B6C6D6E6F707172737475767778797A7B7C7D7E7F2E
:20628000808182838485868788898A8B8C8D8E8F909192939495969798999A9B9C9D9E9F0E
:2062A000A0A1A2A3A4A5A6A7A8A9AAABACADAEAFB0B1B2B3B4B5B6B7B8B9BABBBCBDBEBFEE
:2062C000C0C1C2C3C4C5C6C7C8C9CACBCCCDCECFD0D1D2D3D4D5D6D7D8D9DADBDCDDDEDFCE
:2062E000E0E1E2E3E4E5E6E7E8E9EAEBECEDEEEFF0F1F2F3F4F5F6F7F8F9FAFBFCFDFEFFAE
:20630000000102030405060708090A0B0C0D0E0F101112131415161718191A1B1C1D1E1F8D
:20632000202122232425262728292A2B2C2D2E2F303132333435363738393A3B3C3D3E3F6D
:20634000404142434445464748494A4B4C4D4E4F505152535455565758595A5B5C5D5E5F4D
:20636000606162636465666768696A6B6C6D6E6F707172737475767778797A7B7C7D7E7F2D
:20638000808182838485868788898A8B8C8D8E8F909192939495969798999A9B9C9D9E9F0D
:2063A000A0A1A2A3A4A5A6A7A8A9AAABACADAEAFB0B1B2B3B4B5B6B7B8B9BABBBCBDBEBFED
:2063C000C0C1C2C3C4C5C6C7C8C9CACBCCCDCECFD0D1D2D3D4D5D6D7D8D9DADBDCDDDEDFCD
:2063E000E0E1E2E3E4E5E6E7E8E9EAEBECEDEEEFF0F1F2F3F4F5F6F7F8F9FAFBFCFDFEFFAD
:20640000000102030405060708090A0B0C0D0E0F101112131415161718191A1B1C1D1E1F8C
:20642000202122232425262728292A2B2C2D2E2F303132333435363738393A3B3C3D3E3F6C
:20644000404142434445464748494A4B4C4D4E4F505152535455565758595A5B5C5D5E5F4C
:20646000606162636465666768696A6B6C6D6E6F707172737475767778797A7B7C7D7E7F2C
:20648000808182838485868788898A8B8C8D8E8F909192939495969798999A9B9C9D9E9F0C
:2064A000A0A1A2A3A4A5A6A7A8A9AAABACADAEAFB0B1B2B3B4B5B6B7B8B9BABBBCBDBEBFEC
:2064C000C0C1C2C3C4C5C6C7C8C9CACBCCCDCECFD0D1D2D3D4D5D6D7D8D9DADBDCDDDEDFCC
:2064E000E0E1E2E3E4E5E6E7E8E9EAEBECEDEEEFF0F1F2F3F4F5F6F7F8F9FAFBFCFDFEFFAC
:20650000000102030405060708090A0B0C0D0E0F101112131415161718191A1B1C1D1E1F8B
:20652000202122232425262728292A2B2C2D2E2F303132333435363738393A3B3C3D3E3F6B
:20654000404142434445464748494A4B4C4D4E4F505152535455565758595A5B5C5D5E5F4B
:20656000606162636465666768696A6B6C6D6E6F707172737475767778797A7B7C7D7E7F2B
:20658000808182838485868788898A8B8C8D8E8F909192939495969798999A9B9C9D9E9F0B
:2065A000A0A1A2A3A4A5A6A7A8A9AAABACADAEAFB0B1B2B3B4B5B6B7B8B9BABBBCBDBEBFEB
:2065C000C0C1C2C3C4C5C6C7C8C9CACBCCCDCECFD0D1D2D3D4D5D6D7D8D9DADBDCDDDEDFCB
:2065E000E0E1E2E3E4E5E6E7E8E9EAEBECEDEEEFF0F1F2F3F4F5F6F7F8F9FAFBFCFDFEFFAB
:20660000000102030405060708090A0B0C0D0E0F101112131415161718191A1B1C1D1E1F8A
:20662000202122232425262728292A2B2C2D2E2F303132333435363738393A3B3C3D3E3F6A
:20664000404142434445464748494A4B4C4D4E4F505152535455565758595A5B5C5D5E5F4A
:20666000606162636465666768696A6B6C6D6E6F707172737475767778797A7B7C7D7E7F2A
:20668000808182838485868788898A8B8C8D8E8F909192939495969798999A9B9C9D9E9F0A
:2066A000A0A1A2A3A4A5A6A7A8A9AAABACADAEAFB0B1B2B3B4B5B6B7B8B9BABBBCBDBEBFEA
:2066C000C0C1C2C3C4C5C6C7C8C9CACBCCCDCECFD0D1D2D3D4D5D6D7D8D9DADBDCDDDEDFCA
:2066E000E0E1E2E3E4E5E6E7E8E9EAEBECEDEEEFF0F1F2F3F4F5F6F7F8F9FAFBFCFDFEFFAA
:20670000000102030405060708090A0B0C0D0E0F101112131415161718191A1B1C1D1E1F89
:20672000202122232425262728292A2B2C2D2E2F303132333435363738393A3B3C3D3E3F69
:20674000404142434445464748494A4B4C4D4E4F505152535455565758595A5B5C5D5E5F49
:20676000606162636465666768696A6B6C6D6E6F707172737475767778797A7B7C7D7E7F29
:20678000808182838485868788898A8B8C8D8E8F909192939495969798999A9B9C9D9E9F09
:2067A000A0A1A2A3A4A5A6A7A8A9AAABACADAEAFB0B1B2B3B4B5B6B7B8B9BABBBCBDBEBFE9
:2067C000C0C1C2C3C4C5C6C7C8C9CACBCCCDCECFD0D1D2D3D4D5D6D7D8D9DADBDCDDDEDFC9
:2067E000E0E1E2E3E4E5E6E7E8E9EAEBECEDEEEFF0F1F2F3F4F5F6F7F8F9FAFBFCFDFEFFA9
:20680000000102030405060708090A0B0C0D0E0F101112131415161718191A1B1C1D1E1F88
:20682000202122232425262728292A2B2C2D2E2F303132333435363738393A3B3C3D3E3F68
:20684000404142434445464748494A4B4C4D4E4F505152535455565758595A5B5C5D5E5F48
:20686000606162636465666768696A6B6C6D6E6F707172737475767778797A7B7C7D7E7F28
:20688000808182838485868788898A8B8C8D8E8F909192939495969798999A9B9C9D9E9F08
:2068A000A0A1A2A3A4A5A6A7A8A9AAABACADAEAFB0B1B2B3B4B5B6B7B8B9BABBBCBDBEBFE8
:2068C000C0C1C2C3C4C5C6C7C8C9CACBCCCDCECFD0D1D2D3D4D5D6D7D8D9DADBDCDDDEDFC8
:2068E000E0E1E2E3E4E5E6E7E8E9EAEBECEDEEEFF0F1F2F3F4F5F6F7F8F9FAFBFCFDFEFFA8
:20690000000102030405060708090A0B0C0D0E0F101112131415161718191A1B1C1D1E1F87
:20692000202122232425262728292A2B2C2D2E2F303132333435363738393A3B3C3D3E3F67
:20694000404142434445464748494A4B4C4D4E4F505152535455565758595A5B5C5D5E5F47
:20696000606162636465666768696A6B6C6D6E6F707172737475767778797A7B7C7D7E7F27
:20698000808182838485868788898A8B8C8D8E8F909192939495969798999A9B9C9D9E9F07
:2069A000A0A1A2A3A4A5A6A7A8A9AAABACADAEAFB0B1B2B3B4B5B6B7B8B9BABBBCBDBEBFE7
:2069C000C0C1C2C3C4C5C6C7C8C9CACBCCCDCECFD0D1D2D3D4D5D6D7D8D9DADBDCDDDEDFC7
:2069E000E0E1E2E3E4E5E6E7E8E9EAEBECEDEEEFF0F1F2F3F4F5F6F7F8F9FAFBFCFDFEFFA7
:206A0000000102030405060708090A0B0C0D0E0F101112131415161718191A1B1C1D1E1F86
:206A2000202122232425262728292A2B2C2D2E2F303132333435363738393A3B3C3D3E3F66
:206A4000404142434445464748494A4B4C4D4E4F505152535455565758595A5B5C5D5E5F46
:206A6000606162636465666768696A6B6C6D6E6F707172737475767778797A7B7C7D7E7F26
:206A8000808182838485868788898A8B8C8D8E8F909192939495969798999A9B9C9D9E9F06
:206AA000A0A1A2A3A4A5A6A7A8A9AAABACADAEAFB0B1B2B3B4B5B6B7B8B9BABBBCBDBEBFE6
:206AC000C0C1C2C3C4C5C6C7C8C9CACBCCCDCECFD0D1D2D3D4D5D6D7D8D9DADBDCDDDEDFC6
:206AE000E0E1E2E3E4E5E6E7E8E9EAEBECEDEEEFF0F1F2F3F4F5F6F7F8F9FAFBFCFDFEFFA6
:206B0000000102030405060708090A0B0C0D0E0F101112131415161718191A1B1C1D1E1F85
:206B2000202122232425262728292A2B2C2D2E2F303132333435363738393A3B3C3D3E3F65
:206B4000404142434445464748494A4B4C4D4E4F505152535455565758595A5B5C5D5E5F45
:206B6000606162636465666768696A6B6C6D6E6F707172737475767778797A7B7C7D7E7F25
:206B8000808182838485868788898A8B8C8D8E8F909192939495969798999A9B9C9D9E9F05
:206BA000A0A1A2A3A4A5A6A7A8A9AAABACADAEAFB0B1B2B3B4B5B6B7B8B9BABBBCBDBEBFE5
:206BC000C0C1C2C3C4C5C6C7C8C9CACBCCCDCECFD0D1D2D3D4D5D6D7D8D9DADBDCDDDEDFC5
:206BE000E0E1E2E3E4E5E6E7E8E9EAEBECEDEEEFF0F1F2F3F4F5F6F7F8F9FAFBFCFDFEFFA5
:206C0000000102030405060708090A0B0C0D0E0F101112131415161718191A1B1C1D1E1F84
:206C2000202122232425262728292A2B2C2D2E2F303132333435363738393A3B3C3D3E3F64
:206C4000404142434445464748494A4B4C4D4E4F505152535455565758595A5B5C5D5E5F44
:206C6000606162636465666768696A6B6C6D6E6F707172737475767778797A7B7C7D7E7F24
:206C8000808182838485868788898A8B8C8D8E8F909192939495969798999A9B9C9D9E9F04
:206CA000A0A1A2A3A4A5A6A7A8A9AAABACADAEAFB0B1B2B3B4B5B6B7B8B9BABBBCBDBEBFE4
:206CC000C0C1C2C3C4C5C6C7C8C9CACBCCCDCECFD0D1D2D3D4D5D6D7D8D9DADBDCDDDEDFC4
:206CE000E0E1E2E3E4E5E6E7E8E9EAEBECEDEEEFF0F1F2F3F4F5F6F7F8F9FAFBFCFDFEFFA4
:206D0000000102030405060708090A0B0C0D0E0F101112131415161718191A1B1C1D1E1F83
:206D2000202122232425262728292A2B2C2D2E2F303132333435363738393A3B3C3D3E3F63
:206D4000404142434445464748494A4B4C4D4E4F505152535455565758595A5B5C5D5E5F43
:206D6000606162636465666768696A6B6C6D6E6F707172737475767778797A7B7C7D7E7F23
:206D8000808182838485868788898A8B8C8D8E8F909192939495969798999A9B9C9D9E9F03
:206DA000A0A1A2A3A4A5A6A7A8A9AAABACADAEAFB0B1B2B3B4B5B6B7B8B9BABBBCBDBEBFE3
:206DC000C0C1C2C3C4C5C6C7C8C9CACBCCCDCECFD0D1D2D3D4D5D6D7D8D9DADBDCDDDEDFC3
:206DE000E0E1E2E3E4E5E6E7E8E9EAEBECEDEEEFF0F1F2F3F4F5F6F7F8F9FAFBFCFDFEFFA3
:206E0000000102030405060708090A0B0C0D0E0F101112131415161718191A1B1C1D1E1F82
:206E2000202122232425262728292A2B2C2D2E2F303132333435363738393A3B3C3D3E3F62
:206E4000404142434445464748494A4B4C4D4E4F505152535455565758595A5B5C5D5E5F42
:206E6000606162636465666768696A6B6C6D6E6F707172737475767778797A7B7C7D7E7F22
:206E8000808182838485868788898A8B8C8D8E8F909192939495969798999A9B9C9D9E9F02
:206EA000A0A1A2A3A4A5A6A7A8A9AAABACADAEAFB0B1B2B3B4B5B6B7B8B9BABBBCBDBEBFE2
:206EC000C0C1C2C3C4C5C6C7C8C9CACBCCCDCECFD0D1D2D3D4D5D6D7D8D9DADBDCDDDEDFC2
:206EE000E0E1E2E3E4E5E6E7E8E9EAEBECEDEEEFF0F1F2F3F4F5F6F7F8F9FAFBFCFDFEFFA2
:206F0000000102030405060708090A0B0C0D0E0F101112131415161718191A1B1C1D1E1F81
:206F2000202122232425262728292A2B2C2D2E2F303132333435363738393A3B3C3D3E3F61
:206F4000404142434445464748494A4B4C4D4E4F505152535455565758595A5B5C5D5E5F41
:206F6000606162636465666768696A6B6C6D6E6F707172737475767778797A7B7C7D7E7F21
:206F8000808182838485868788898A8B8C8D8E8F909192939495969798999A9B9C9D9E9F01
:206FA000A0A1A2A3A4A5A6A7A8A9AAABACADAEAFB0B1B2B3B4B5B6B7B8B9BABBBCBDBEBFE1
:206FC000C0C1C2C3C4C5C6C7C8C9CACBCCCDCECFD0D1D2D3D4D5D6D7D8D9DADBDCDDDEDFC1
:206FE000E0E1E2E3E4E5E6E7E8E9EAEBECEDEEEFF0F1F2F3F4F5F6F7F8F9FAFBFCFDFEFFA1
:20700000000102030405060708090A0B0C0D0E0F101112131415161718191A1B1C1D1E1F80
:20702000202122232425262728292A2B2C2D2E2F303132333435363738393A3B3C3D3E3F60
:20704000404142434445464748494A4B4C4D4E4F505152535455565758595A5B5C5D5E5F40
:20706000606162636465666768696A6B6C6D6E6F707172737475767778797A7B7C7D7E7F20
:20708000808182838485868788898A8B8C8D8E8F909192939495969798999A9B9C9D9E9F00
:2070A000A0A1A2A3A4A5A6A7A8A9AAABACADAEAFB0B1B2B3B4B5B6B7B8B9BABBBCBDBEBFE0
:2070C000C0C1C2C3C4C5C6C7C8C9CACBCCCDCECFD0D1D2D3D4D5D6D7D8D9DADBDCDDDEDFC0
:2070E000E0E1E2E3E4E5E6E7E8E9EAEBECEDEEEFF0F1F2F3F4F5F6F7F8F9FAFBFCFDFEFFA0
:20710000000102030405060708090A0B0C0D0E0F101112131415161718191A1B1C1D1E1F7F
:20712000202122232425262728292A2B2C2D2E2F303132333435363738393A3B3C3D3E3F5F
:20714000404142434445464748494A4B4C4D4E4F505152535455565758595A5B5C5D5E5F3F
:20716000606162636465666768696A6B6C6D6E6F707172737475767778797A7B7C7D7E7F1F
:20718000808182838485868788898A8B8C8D8E8F909192939495969798999A9B9C9D9E9FFF
:2071A000A0A1A2A3A4A5A6A7A8A9AAABACADAEAFB0B1B2B3B4B5B6B7B8B9BABBBCBDBEBFDF
:2071C000C0C1C2C3C4C5C6C7C8C9CACBCCCDCECFD0D1D2D3D4D5D6D7D8D9DADBDCDDDEDFBF
:2071E000E0E1E2E3E4E5E6E7E8E9EAEBECEDEEEFF0F1F2F3F4F5F6F7F8F9FAFBFCFDFEFF9F
:20720000000102030405060708090A0B0C0D0E0F101112131415161718191A1B1C1D1E1F7E
:20722000202122232425262728292A2B2C2D2E2F303132333435363738393A3B3C3D3E3F5E
:20724000404142434445464748494A4B4C4D4E4F505152535455565758595A5B5C5D5E5F3E
:20726000606162636465666768696A6B6C6D6E6F707172737475767778797A7B7C7D7E7F1E
:20728000808182838485868788898A8B8C8D8E8F909192939495969798999A9B9C9D9E9FFE
:2072A000A0A1A2A3A4A5A6A7A8A9AAABACADAEAFB0B1B2B3B4B5B6B7B8B9BABBBCBDBEBFDE
:2072C000C0C1C2C3C4C5C6C7C8C9CACBCCCDCECFD0D1D2D3D4D5D6D7D8D9DADBDCDDDEDFBE
:2072E000E0E1E2E3E4E5E6E7E8E9EAEBECEDEEEFF0F1F2F3F4F5F6F7F8F9FAFBFCFDFEFF9E
:20730000000102030405060708090A0B0C0D0E0F101112131415161718191A1B1C1D1E1F7D
:20732000202122232425262728292A2B2C2D2E2F303132333435363738393A3B3C3D3E3F5D
:20734000404142434445464748494A4B4C4D4E4F505152535455565758595A5B5C5D5E5F3D
:20736000606162636465666768696A6B6C6D6E6F707172737475767778797A7B7C7D7E7F1D
:20738000808182838485868788898A8B8C8D8E8F909192939495969798999A9B9C9D9E9FFD
:2073A000A0A1A2A3A4A5A6A7A8A9AAABACADAEAFB0B1B2B3B4B5B6B7B8B9BABBBCBDBEBFDD
:2073C000C0C1C2C3C4C5C6C7C8C9CACBCCCDCECFD0D1D2D3D4D5D6D7D8D9DADBDCDDDEDFBD
:2073E000E0E1E2E3E4E5E6E7E8E9EAEBECEDEEEFF0F1F2F3F4F5F6F7F8F9FAFBFCFDFEFF9D
:20740000000102030405060708090A0B0C0D0E0F101112131415161718191A1B1C1D1E1F7C
:20742000202122232425262728292A2B2C2D2E2F303132333435363738393A3B3C3D3E3F5C
:20744000404142434445464748494A4B4C4D4E4F505152535455565758595A5B5C5D5E5F3C
:20746000606162636465666768696A6B6C6D6E6F707172737475767778797A7B7C7D7E7F1C
:20748000808182838485868788898A8B8C8D8E8F909192939495969798999A9B9C9D9E9FFC
:2074A000A0A1A2A3A4A5A6A7A8A9AAABACADAEAFB0B1B2B3B4B5B6B7B8B9BABBBCBDBEBFDC
:2074C000C0C1C2C3C4C5C6C7C8C9CACBCCCDCECFD0D1D2D3D4D5D6D7D8D9DADBDCDDDEDFBC
:2074E000E0E1E2E3E4E5E6E7E8E9EAEBECEDEEEFF0F1F2F3F4F5F6F7F8F9FAFBFCFDFEFF9C
:20750000000102030405060708090A0B0C0D0E0F101112131415161718191A1B1C1D1E1F7B
:20752000202122232425262728292A2B2C2D2E2F303132333435363738393A3B3C3D3E3F5B
:20754000404142434445464748494A4B4C4D4E4F505152535455565758595A5B5C5D5E5F3B
:20756000606162636465666768696A6B6C6D6E6F707172737475767778797A7B7C7D7E7F1B
:20758000808182838485868788898A8B8C8D8E8F909192939495969798999A9B9C9D9E9FFB
:2075A000A0A1A2A3A4A5A6A7A8A9AAABACADAEAFB0B1B2B3B4B5B6B7B8B9BABBBCBDBEBFDB
:2075C000C0C1C2C3C4C5C6C7C8C9CACBCCCDCECFD0D1D2D3D4D5D6D7D8D9DADBDCDDDEDFBB
:2075E000E0E1E2E3E4E5E6E7E8E9EAEBECEDEEEFF0F1F2F3F4F5F6F7F8F9FAFBFCFDFEFF9B
:20760000000102030405060708090A0B0C0D0E0F101112131415161718191A1B1C1D1E1F7A
:20762000202122232425262728292A2B2C2D2E2F303132333435363738393A3B3C3D3E3F5A
:20764000404142434445464748494A4B4C4D4E4F505152535455565758595A5B5C5D5E5F3A
:20766000606162636465666768696A6B6C6D6E6F707172737475767778797A7B7C7D7E7F1A
:20768000808182838485868788898A8B8C8D8E8F909192939495969798999A9B9C9D9E9FFA
:2076A000A0A1A2A3A4A5A6A7A8A9AAABACADAEAFB0B1B2B3B4B5B6B7B8B9BABBBCBDBEBFDA
:2076C000C0C1C2C3C4C5C6C7C8C9CACBCCCDCECFD0D1D2D3D4D5D6D7D8D9DADBDCDDDEDFBA
:2076E000E0E1E2E3E4E5E6E7E8E9EAEBECEDEEEFF0F1F2F3F4F5F6F7F8F9FAFBFCFDFEFF9A
:20770000000102030405060708090A0B0C0D0E0F101112131415161718191A1B1C1D1E1F79
:20772000202122232425262728292A2B2C2D2E2F303132333435363738393A3B3C3D3E3F59
:20774000404142434445464748494A4B4C4D4E4F505152535455565758595A5B5C5D5E5F39
:20776000606162636465666768696A6B6C6D6E6F707172737475767778797A7B7C7D7E7F19
:20778000808182838485868788898A8B8C8D8E8F909192939495969798999A9B9C9D9E9FF9
:2077A000A0A1A2A3A4A5A6A7A8A9AAABACADAEAFB0B1B2B3B4B5B6B7B8B9BABBBCBDBEBFD9
:2077C000C0C1C2C3C4C5C6C7C8C9CACBCCCDCECFD0D1D2D3D4D5D6D7D8D9DADBDCDDDEDFB9
:2077E000E0E1E2E3E4E5E6E7E8E9EAEBECEDEEEFF0F1F2F3F4F5F6F7F8F9FAFBFCFDFEFF99
:20780000000102030405060708090A0B0C0D0E0F101112131415161718191A1B1C1D1E1F78
:20782000202122232425262728292A2B2C2D2E2F303132333435363738393A3B3C3D3E3F58
:20784000404142434445464748494A4B4C4D4E4F505152535455565758595A5B5C5D5E5F38
:20786000606162636465666768696A6B6C6D6E6F707172737475767778797A7B7C7D7E7F18
:20788000808182838485868788898A8B8C8D8E8F909192939495969798999A9B9C9D9E9FF8
:2078A000A0A1A2A3A4A5A6A7A8A9AAABACADAEAFB0B1B2B3B4B5B6B7B8B9BABBBCBDBEBFD8
:2078C000C0C1C2C3C4C5C6C7C8C9CACBCCCDCECFD0D1D2D3D4D5D6D7D8D9DADBDCDDDEDFB8
:2078E000E0E1E2E3E4E5E6E7E8E9EAEBECEDEEEFF0F1F2F3F4F5F6F7F8F9FAFBFCFDFEFF98
:20790000000102030405060708090A0B0C0D0E0F101112131415161718191A1B1C1D1E1F77
:20792000202122232425262728292A2B2C2D2E2F303132333435363738393A3B3C3D3E3F57
:20794000404142434445464748494A4B4C4D4E4F505152535455565758595A5B5C5D5E5F37
:20796000606162636465666768696A6B6C6D6E6F707172737475767778797A7B7C7D7E7F17
:20798000808182838485868788898A8B8C8D8E8F909192939495969798999A9B9C9D9E9FF7
:2079A000A0A1A2A3A4A5A6A7A8A9AAABACADAEAFB0B1B2B3B4B5B6B7B8B9BABBBCBDBEBFD7
:2079C000C0C1C2C3C4C5C6C7C8C9CACBCCCDCECFD0D1D2D3D4D5D6D7D8D9DADBDCDDDEDFB7
:2079E000E0E1E2E3E4E5E6E7E8E9EAEBECEDEEEFF0F1F2F3F4F5F6F7F8F9FAFBFCFDFEFF97
:207A0000000102030405060708090A0B0C0D0E0F101112131415161718191A1B1C1D1E1F76
:207A2000202122232425262728292A2B2C2D2E2F303132333435363738393A3B3C3D3E3F56
:207A4000404142434445464748494A4B4C4D4E4F505152535455565758595A5B5C5D5E5F36
:207A6000606162636465666768696A6B6C6D6E6F707172737475767778797A7B7C7D7E7F16
:207A8000808182838485868788898A8B8C8D8E8F909192939495969798999A9B9C9D9E9FF6
:207AA000A0A1A2A3A4A5A6A7A8A9AAABACADAEAFB0B1B2B3B4B5B6B7B8B9BABBBCBDBEBFD6
:207AC000C0C1C2C3C4C5C6C7C8C9CACBCCCDCECFD0D1D2D3D4D5D6D7D8D9DADBDCDDDEDFB6
:207AE000E0E1E2E3E4E5E6E7E8E9EAEBECEDEEEFF0F1F2F3F4F5F6F7F8F9FAFBFCFDFEFF96
:207B0000000102030405060708090A0B0C0D0E0F101112131415161718191A1B1C1D1E1F75
:207B2000202122232425262728292A2B2C2D2E2F303132333435363738393A3B3C3D3E3F55
:207B4000404142434445464748494A4B4C4D4E4F505152535455565758595A5B5C5D5E5F35
:207B6000606162636465666768696A6B6C6D6E6F707172737475767778797A7B7C7D7E7F15
:207B8000808182838485868788898A8B8C8D8E8F909192939495969798999A9B9C9D9E9FF5
:207BA000A0A1A2A3A4A5A6A7A8A9AAABACADAEAFB0B1B2B3B4B5B6B7B8B9BABBBCBDBEBFD5
:207BC000C0C1C2C3C4C5C6C7C8C9CACBCCCDCECFD0D1D2D3D4D5D6D7D8D9DADBDCDDDEDFB5
:207BE000E0E1E2E3E4E5E6E7E8E9EAEBECEDEEEFF0F1F2F3F4F5F6F7F8F9FAFBFCFDFEFF95
:207C0000000102030405060708090A0B0C0D0E0F101112131415161718191A1B1C1D1E1F74
:207C2000202122232425262728292A2B2C2D2E2F303132333435363738393A3B3C3D3E3F54
:207C4000404142434445464748494A4B4C4D4E4F505152535455565758595A5B5C5D5E5F34
:207C6000606162636465666768696A6B6C6D6E6F707172737475767778797A7B7C7D7E7F14
:207C8000808182838485868788898A8B8C8D8E8F909192939495969798999A9B9C9D9E9FF4
:207CA000A0A1A2A3A4A5A6A7A8A9AAABACADAEAFB0B1B2B3B4B5B6B7B8B9BABBBCBDBEBFD4
:207CC000C0C1C2C3C4C5C6C7C8C9CACBCCCDCECFD0D1D2D3D4D5D6D7D8D9DADBDCDDDEDFB4
:207CE000E0E1E2E3E4E5E6E7E8E9EAEBECEDEEEFF0F1F2F3F4F5F6F7F8F9FAFBFCFDFEFF94
:207D0000000102030405060708090A0B0C0D0E0F101112131415161718191A1B1C1D1E1F73
:207D2000202122232425262728292A2B2C2D2E2F303132333435363738393A3B3C3D3E3F53
:207D4000404142434445464748494A4B4C4D4E4F505152535455565758595A5B5C5D5E5F33
:207D6000606162636465666768696A6B6C6D6E6F707172737475767778797A7B7C7D7E7F13
:207D8000808182838485868788898A8B8C8D8E8F909192939495969798999A9B9C9D9E9FF3
:207DA000A0A1A2A3A4A5A6A7A8A9AAABACADAEAFB0B1B2B3B4B5B6B7B8B9BABBBCBDBEBFD3
:207DC000C0C1C2C3C4C5C6C7C8C9CACBCCCDCECFD0D1D2D3D4D5D6D7D8D9DADBDCDDDEDFB3
:207DE000E0E1E2E3E4E5E6E7E8E9EAEBECEDEEEFF0F1F2F3F4F5F6F7F8F9FAFBFCFDFEFF93
:207E0000000102030405060708090A0B0C0D0E0F101112131415161718191A1B1C1D1E1F72
:207E2000202122232425262728292A2B2C2D2E2F303132333435363738393A3B3C3D3E3F52
:207E4000404142434445464748494A4B4C4D4E4F505152535455565758595A5B5C5D5E5F32
:207E6000606162636465666768696A6B6C6D6E6F707172737475767778797A7B7C7D7E7F12
:207E8000808182838485868788898A8B8C8D8E8F909192939495969798999A9B9C9D9E9FF2
:207EA000A0A1A2A3A4A5A6A7A8A9AAABACADAEAFB0B1B2B3B4B5B6B7B8B9BABBBCBDBEBFD2
:207EC000C0C1C2C3C4C5C6C7C8C9CACBCCCDCECFD0D1D2D3D4D5D6D7D8D9DADBDCDDDEDFB2
:207EE000E0E1E2E3E4E5E6E7E8E9EAEBECEDEEEFF0F1F2F3F4F5F6F7F8F9FAFBFCFDFEFF92
:207F0000000102030405060708090A0B0C0D0E0F101112131415161718191A1B1C1D1E1F71
:207F2000202122232425262728292A2B2C2D2E2F303132333435363738393A3B3C3D3E3F51
:207F4000404142434445464748494A4B4C4D4E4F505152535455565758595A5B5C5D5E5F31
:207F6000606162636465666768696A6B6C6D6E6F707172737475767778797A7B7C7D7E7F11
:207F8000808182838485868788898A8B8C8D8E8F909192939495969798999A9B9C9D9E9FF1
:207FA000A0A1A2A3A4A5A6A7A8A9AAABACADAEAFB0B1B2B3B4B5B6B7B8B9BABBBCBDBEBFD1
:207FC000C0C1C2C3C4C5C6C7C8C9CACBCCCDCECFD0D1D2D3D4D5D6D7D8D9DADBDCDDDEDFB1
:207FE000E0E1E2E3E4E5E6E7E8E9EAEBECEDEEEFF0F1F2F3F4F5F6F7F8F9FAFBFCFDFEFF91
:20800000000102030405060708090A0B0C0D0E0F101112131415161718191A1B1C1D1E1F70
:20802000202122232425262728292A2B2C2D2E2F303132333435363738393A3B3C3D3E3F50
:20804000404142434445464748494A4B4C4D4E4F505152535455565758595A5B5C5D5E5F30
:20806000606162636465666768696A6B6C6D6E6F707172737475767778797A7B7C7D7E7F10
:20808000808182838485868788898A8B8C8D8E8F909192939495969798999A9B9C9D9E9FF0
:2080A000A0A1A2A3A4A5A6A7A8A9AAABACADAEAFB0B1B2B3B4B5B6B7B8B9BABBBCBDBEBFD0
:2080C000C0C1C2C3C4C5C6C7C8C9CACBCCCDCECFD0D1D2D3D4D5D6D7D8D9DADBDCDDDEDFB0
:2080E000E0E1E2E3E4E5E6E7E8E9EAEBECEDEEEFF0F1F2F3F4F5F6F7F8F9FAFBFCFDFEFF90
:20810000000102030405060708090A0B0C0D0E0F101112131415161718191A1B1C1D1E1F6F
:20812000202122232425262728292A2B2C2D2E2F303132333435363738393A3B3C3D3E3F4F
:20814000404142434445464748494A4B4C4D4E4F505152535455565758595A5B5C5D5E5F2F
:20816000606162636465666768696A6B6C6D6E6F707172737475767778797A7B7C7D7E7F0F
:20818000808182838485868788898A8B8C8D8E8F909192939495969798999A9B9C9D9E9FEF
:2081A000A0A1A2A3A4A5A6A7A8A9AAABACADAEAFB0B1B2B3B4B5B6B7B8B9BABBBCBDBEBFCF
:2081C000C0C1C2C3C4C5C6C7C8C9CACBCCCDCECFD0D1D2D3D4D5D6D7D8D9DADBDCDDDEDFAF
:2081E000E0E1E2E3E4E5E6E7E8E9EAEBECEDEEEFF0F1F2F3F4F5F6F7F8F9FAFBFCFDFEFF8F
:20820000000102030405060708090A0B0C0D0E0F101112131415161718191A1B1C1D1E1F6E
:20822000202122232425262728292A2B2C2D2E2F303132333435363738393A3B3C3D3E3F4E
:20824000404142434445464748494A4B4C4D4E4F505152535455565758595A5B5C5D5E5F2E
:20826000606162636465666768696A6B6C6D6E6F707172737475767778797A7B7C7D7E7F0E
:20828000808182838485868788898A8B8C8D8E8F909192939495969798999A9B9C9D9E9FEE
:2082A000A0A1A2A3A4A5A6A7A8A9AAABACADAEAFB0B1B2B3B4B5B6B7B8B9BABBBCBDBEBFCE
:2082C000C0C1C2C3C4C5C6C7C8C9CACBCCCDCECFD0D1D2D3D4D5D6D7D8D9DADBDCDDDEDFAE
:2082E000E0E1E2E3E4E5E6E7E8E9EAEBECEDEEEFF0F1F2F3F4F5F6F7F8F9FAFBFCFDFEFF8E
:20830000000102030405060708090A0B0C0D0E0F101112131415161718191A1B1C1D1E1F6D
:20832000202122232425262728292A2B2C2D2E2F303132333435363738393A3B3C3D3E3F4D
:20834000404142434445464748494A4B4C4D4E4F505152535455565758595A5B5C5D5E5F2D
:20836000606162636465666768696A6B6C6D6E6F707172737475767778797A7B7C7D7E7F0D
:20838000808182838485868788898A8B8C8D8E8F909192939495969798999A9B9C9D9E9FED
:2083A000A0A1A2A3A4A5A6A7A8A9AAABACADAEAFB0B1B2B3B4B5B6B7B8B9BABBBCBDBEBFCD
:2083C000C0C1C2C3C4C5C6C7C8C9CACBCCCDCECFD0D1D2D3D4D5D6D7D8D9DADBDCDDDEDFAD
:2083E000E0E1E2E3E4E5E6E7E8E9EAEBECEDEEEFF0F1F2F3F4F5F6F7F8F9FAFBFCFDFEFF8D
:20840000000102030405060708090A0B0C0D0E0F101112131415161718191A1B1C1D1E1F6C
:20842000202122232425262728292A2B2C2D2E2F303132333435363738393A3B3C3D3E3F4C
:20844000404142434445464748494A4B4C4D4E4F505152535455565758595A5B5C5D5E5F2C
:20846000606162636465666768696A6B6C6D6E6F707172737475767778797A7B7C7D7E7F0C
:20848000808182838485868788898A8B8C8D8E8F909192939495969798999A9B9C9D9E9FEC
:2084A000A0A1A2A3A4A5A6A7A8A9AAABACADAEAFB0B1B2B3B4B5B6B7B8B9BABBBCBDBEBFCC
:2084C000C0C1C2C3C4C5C6C7C8C9CACBCCCDCECFD0D1D2D3D4D5D6D7D8D9DADBDCDDDEDFAC
:2084E000E0E1E2E3E4E5E6E7E8E9EAEBECEDEEEFF0F1F2F3F4F5F6F7F8F9FAFBFCFDFEFF8C
:20850000000102030405060708090A0B0C0D0E0F101112131415161718191A1B1C1D1E1F6B
:20852000202122232425262728292A2B2C2D2E2F303132333435363738393A3B3C3D3E3F4B
:20854000404142434445464748494A4B4C4D4E4F505152535455565758595A5B5C5D5E5F2B
:20856000606162636465666768696A6B6C6D6E6F707172737475767778797A7B7C7D7E7F0B
:20858000808182838485868788898A8B8C8D8E8F909192939495969798999A9B9C9D9E9FEB
:2085A000A0A1A2A3A4A5A6A7A8A9AAABACADAEAFB0B1B2B3B4B5B6B7B8B9BABBBCBDBEBFCB
:2085C000C0C1C2C3C4C5C6C7C8C9CACBCCCDCECFD0D1D2D3D4D5D6D7D8D9DADBDCDDDEDFAB
:2085E000E0E1E2E3E4E5E6E7E8E9EAEBECEDEEEFF0F1F2F3F4F5F6F7F8F9FAFBFCFDFEFF8B
:20860000000102030405060708090A0B0C0D0E0F101112131415161718191A1B1C1D1E1F6A
:20862000202122232425262728292A2B2C2D2E2F303132333435363738393A3B3C3D3E3F4A
:20864000404142434445464748494A4B4C4D4E4F505152535455565758595A5B5C5D5E5F2A
:20866000606162636465666768696A6B6C6D6E6F707172737475767778797A7B7C7D7E7F0A
:20868000808182838485868788898A8B8C8D8E8F909192939495969798999A9B9C9D9E9FEA
:2086A000A0A1A2A3A4A5A6A7A8A9AAABACADAEAFB0B1B2B3B4B5B6B7B8B9BABBBCBDBEBFCA
:2086C000C0C1C2C3C4C5C6C7C8C9CACBCCCDCECFD0D1D2D3D4D5D6D7D8D9DADBDCDDDEDFAA
:2086E000E0E1E2E3E4E5E6E7E8E9EAEBECEDEEEFF0F1F2F3F4F5F6F7F8F9FAFBFCFDFEFF8A
:20870000000102030405060708090A0B0C0D0E0F101112131415161718191A1B1C1D1E1F69
:20872000202122232425262728292A2B2C2D2E2F303132333435363738393A3B3C3D3E3F49
:20874000404142434445464748494A4B4C4D4E4F505152535455565758595A5B5C5D5E5F29
:20876000606162636465666768696A6B6C6D6E6F707172737475767778797A7B7C7D7E7F09
:20878000808182838485868788898A8B8C8D8E8F909192939495969798999A9B9C9D9E9FE9
:2087A000A0A1A2A3A4A5A6A7A8A9AAABACADAEAFB0B1B2B3B4B5B6B7B8B9BABBBCBDBEBFC9
:2087C000C0C1C2C3C4C5C6C7C8C9CACBCCCDCECFD0D1D2D3D4D5D6D7D8D9DADBDCDDDEDFA9
:2087E000E0E1E2E3E4E5E6E7E8E9EAEBECEDEEEFF0F1F2F3F4F5F6F7F8F9FAFBFCFDFEFF89
:20880000000102030405060708090A0B0C0D0E0F101112131415161718191A1B1C1D1E1F68
:20882000202122232425262728292A2B2C2D2E2F303132333435363738393A3B3C3D3E3F48
:20884000404142434445464748494A4B4C4D4E4F505152535455565758595A5B5C5D5E5F28
:20886000606162636465666768696A6B6C6D6E6F707172737475767778797A7B7C7D7E7F08
:20888000808182838485868788898A8B8C8D8E8F909192939495969798999A9B9C9D9E9FE8
:2088A000A0A1A2A3A4A5A6A7A8A9AAABACADAEAFB0B1B2B3B4B5B6B7B8B9BABBBCBDBEBFC8
:2088C000C0C1C2C3C4C5C6C7C8C9CACBCCCDCECFD0D1D2D3D4D5D6D7D8D9DADBDCDDDEDFA8
:2088E000E0E1E2E3E4E5E6E7E8E9EAEBECEDEEEFF0F1F2F3F4F5F6F7F8F9FAFBFCFDFEFF88
:20890000000102030405060708090A0B0C0D0E0F101112131415161718191A1B1C1D1E1F67
:20892000202122232425262728292A2B2C2D2E2F303132333435363738393A3B3C3D3E3F47
:20894000404142434445464748494A4B4C4D4E4F505152535455565758595A5B5C5D5E5F27
:20896000606162636465666768696A6B6C6D6E6F707172737475767778797A7B7C7D7E7F07
:20898000808182838485868788898A8B8C8D8E8F909192939495969798999A9B9C9D9E9FE7
:2089A000A0A1A2A3A4A5A6A7A8A9AAABACADAEAFB0B1B2B3B4B5B6B7B8B9BABBBCBDBEBFC7
:2089C000C0C1C2C3C4C5C6C7C8C9CACBCCCDCECFD0D1D2D3D4D5D6D7D8D9DADBDCDDDEDFA7
:2089E000E0E1E2E3E4E5E6E7E8E9EAEBECEDEEEFF0F1F2F3F4F5F6F7F8F9FAFBFCFDFEFF87
:208A0000000102030405060708090A0B0C0D0E0F101112131415161718191A1B1C1D1E1F66
:208A2000202122232425262728292A2B2C2D2E2F303132333435363738393A3B3C3D3E3F46
:208A4000404142434445464748494A4B4C4D4E4F505152535455565758595A5B5C5D5E5F26
:208A6000606162636465666768696A6B6C6D6E6F707172737475767778797A7B7C7D7E7F06
:208A8000808182838485868788898A8B8C8D8E8F909192939495969798999A9B9C9D9E9FE6
:208AA000A0A1A2A3A4A5A6A7A8A9AAABACADAEAFB0B1B2B3B4B5B6B7B8B9BABBBCBDBEBFC6
:208AC000C0C1C2C3C4C5C6C7C8C9CACBCCCDCECFD0D1D2D3D4D5D6D7D8D9DADBDCDDDEDFA6
:208AE000E0E1E2E3E4E5E6E7E8E9EAEBECEDEEEFF0F1F2F3F4F5F6F7F8F9FAFBFCFDFEFF86
:208B0000000102030405060708090A0B0C0D0E0F101112131415161718191A1B1C1D1E1F65
:208B2000202122232425262728292A2B2C2D2E2F303132333435363738393A3B3C3D3E3F45
:208B4000404142434445464748494A4B4C4D4E4F505152535455565758595A5B5C5D5E5F25
:208B6000606162636465666768696A6B6C6D6E6F707172737475767778797A7B7C7D7E7F05
:208B8000808182838485868788898A8B8C8D8E8F909192939495969798999A9B9C9D9E9FE5
:208BA000A0A1A2A3A4A5A6A7A8A9AAABACADAEAFB0B1B2B3B4B5B6B7B8B9BABBBCBDBEBFC5
:208BC000C0C1C2C3C4C5C6C7C8C9CACBCCCDCECFD0D1D2D3D4D5D6D7D8D9DADBDCDDDEDFA5
:208BE000E0E1E2E3E4E5E6E7E8E9EAEBECEDEEEFF0F1F2F3F4F5F6F7F8F9FAFBFCFDFEFF85
:208C0000000102030405060708090A0B0C0D0E0F101112131415161718191A1B1C1D1E1F64
:208C2000202122232425262728292A2B2C2D2E2F303132333435363738393A3B3C3D3E3F44
:208C4000404142434445464748494A4B4C4D4E4F505152535455565758595A5B5C5D5E5F24
:208C6000606162636465666768696A6B6C6D6E6F707172737475767778797A7B7C7D7E7F04
:208C8000808182838485868788898A8B8C8D8E8F909192939495969798999A9B9C9D9E9FE4
:208CA000A0A1A2A3A4A5A6A7A8A9AAABACADAEAFB0B1B2B3B4B5B6B7B8B9BABBBCBDBEBFC4
:208CC000C0C1C2C3C4C5C6C7C8C9CACBCCCDCECFD0D1D2D3D4D5D6D7D8D9DADBDCDDDEDFA4
:208CE000E0E1E2E3E4E5E6E7E8E9EAEBECEDEEEFF0F1F2F3F4F5F6F7F8F9FAFBFCFDFEFF84
:208D0000000102030405060708090A0B0C0D0E0F101112131415161718191A1B1C1D1E1F63
:208D2000202122232425262728292A2B2C2D2E2F303132333435363738393A3B3C3D3E3F43
:208D4000404142434445464748494A4B4C4D4E4F505152535455565758595A5B5C5D5E5F23
:208D6000606162636465666768696A6B6C6D6E6F707172737475767778797A7B7C7D7E7F03
:208D8000808182838485868788898A8B8C8D8E8F909192939495969798999A9B9C9D9E9FE3
:208DA000A0A1A2A3A4A5A6A7A8A9AAABACADAEAFB0B1B2B3B4B5B6B7B8B9BABBBCBDBEBFC3
:208DC000C0C1C2C3C4C5C6C7C8C9CACBCCCDCECFD0D1D2D3D4D5D6D7D8D9DADBDCDDDEDFA3
:208DE000E0E1E2E3E4E5E6E7E8E9EAEBECEDEEEFF0F1F2F3F4F5F6F7F8F9FAFBFCFDFEFF83
:208E0000000102030405060708090A0B0C0D0E0F101112131415161718191A1B1C1D1E1F62
:208E2000202122232425262728292A2B2C2D2E2F303132333435363738393A3B3C3D3E3F42
:208E4000404142434445464748494A4B4C4D4E4F505152535455565758595A5B5C5D5E5F22
:208E6000606162636465666768696A6B6C6D6E6F707172737475767778797A7B7C7D7E7F02
:208E8000808182838485868788898A8B8C8D8E8F909192939495969798999A9B9C9D9E9FE2
:208EA000A0A1A2A3A4A5A6A7A8A9AAABACADAEAFB0B1B2B3B4B5B6B7B8B9BABBBCBDBEBFC2
:208EC000C0C1C2C3C4C5C6C7C8C9CACBCCCDCECFD0D1D2D3D4D5D6D7D8D9DADBDCDDDEDFA2
:208EE000E0E1E2E3E4E5E6E7E8E9EAEBECEDEEEFF0F1F2F3F4F5F6F7F8F9FAFBFCFDFEFF82
:208F0000000102030405060708090A0B0C0D0E0F101112131415161718191A1B1C1D1E1F61
:208F2000202122232425262728292A2B2C2D2E2F303132333435363738393A3B3C3D3E3F41
:208F4000404142434445464748494A4B4C4D4E4F505152535455565758595A5B5C5D5E5F21
:208F6000606162636465666768696A6B6C6D6E6F707172737475767778797A7B7C7D7E7F01
:208F8000808182838485868788898A8B8C8D8E8F909192939495969798999A9B9C9D9E9FE1
:208FA000A0A1A2A3A4A5A6A7A8A9AAABACADAEAFB0B1B2B3B4B5B6B7B8B9BABBBCBDBEBFC1
:208FC000C0C1C2C3C4C5C6C7C8C9CACBCCCDCECFD0D1D2D3D4D5D6D7D8D9DADBDCDDDEDFA1
:208FE000E0E1E2E3E4E5E6E7E8E9EAEBECEDEEEFF0F1F2F3F4F5F6F7F8F9FAFBFCFDFEFF81
:20900000000102030405060708090A0B0C0D0E0F101112131415161718191A1B1C1D1E1F60
:20902000202122232425262728292A2B2C2D2E2F303132333435363738393A3B3C3D3E3F40
:20904000404142434445464748494A4B4C4D4E4F505152535455565758595A5B5C5D5E5F20
:20906000606162636465666768696A6B6C6D6E6F707172737475767778797A7B7C7D7E7F00
:20908000808182838485868788898A8B8C8D8E8F909192939495969798999A9B9C9D9E9FE0
:2090A000A0A1A2A3A4A5A6A7A8A9AAABACADAEAFB0B1B2B3B4B5B6B7B8B9BABBBCBDBEBFC0
:2090C000C0C1C2C3C4C5C6C7C8C9CACBCCCDCECFD0D1D2D3D4D5D6D7D8D9DADBDCDDDEDFA0
:2090E000E0E1E2E3E4E5E6E7E8E9EAEBECEDEEEFF0F1F2F3F4F5F6F7F8F9FAFBFCFDFEFF80
:20910000000102030405060708090A0B0C0D0E0F101112131415161718191A1B1C1D1E1F5F
:20912000202122232425262728292A2B2C2D2E2F303132333435363738393A3B3C3D3E3F3F
:20914000404142434445464748494A4B4C4D4E4F505152535455565758595A5B5C5D5E5F1F
:20916000606162636465666768696A6B6C6D6E6F707172737475767778797A7B7C7D7E7FFF
:20918000808182838485868788898A8B8C8D8E8F909192939495969798999A9B9C9D9E9FDF
:2091A000A0A1A2A3A4A5A6A7A8A9AAABACADAEAFB0B1B2B3B4B5B6B7B8B9BABBBCBDBEBFBF
:2091C000C0C1C2C3C4C5C6C7C8C9CACBCCCDCECFD0D1D2D3D4D5D6D7D8D9DADBDCDDDEDF9F
:2091E000E0E1E2E3E4E5E6E7E8E9EAEBECEDEEEFF0F1F2F3F4F5F6F7F8F9FAFBFCFDFEFF7F
:20920000000102030405060708090A0B0C0D0E0F101112131415161718191A1B1C1D1E1F5E
:20922000202122232425262728292A2B2C2D2E2F303132333435363738393A3B3C3D3E3F3E
:20924000404142434445464748494A4B4C4D4E4F505152535455565758595A5B5C5D5E5F1E
:20926000606162636465666768696A6B6C6D6E6F707172737475767778797A7B7C7D7E7FFE
:20928000808182838485868788898A8B8C8D8E8F909192939495969798999A9B9C9D9E9FDE
:2092A000A0A1A2A3A4A5A6A7A8A9AAABACADAEAFB0B1B2B3B4B5B6B7B8B9BABBBCBDBEBFBE
:2092C000C0C1C2C3C4C5C6C7C8C9CACBCCCDCECFD0D1D2D3D4D5D6D7D8D9DADBDCDDDEDF9E
:2092E000E0E1E2E3E4E5E6E7E8E9EAEBECEDEEEFF0F1F2F3F4F5F6F7F8F9FAFBFCFDFEFF7E
:20930000000102030405060708090A0B0C0D0E0F101112131415161718191A1B1C1D1E1F5D
:20932000202122232425262728292A2B2C2D2E2F303132333435363738393A3B3C3D3E3F3D
:20934000404142434445464748494A4B4C4D4E4F505152535455565758595A5B5C5D5E5F1D
:20936000606162636465666768696A6B6C6D6E6F707172737475767778797A7B7C7D7E7FFD
:20938000808182838485868788898A8B8C8D8E8F909192939495969798999A9B9C9D9E9FDD
:2093A000A0A1A2A3A4A5A6A7A8A9AAABACADAEAFB0B1B2B3B4B5B6B7B8B9BABBBCBDBEBFBD
:2093C000C0C1C2C3C4C5C6C7C8C9CACBCCCDCECFD0D1D2D3D4D5D6D7D8D9DADBDCDDDEDF9D
:2093E000E0E1E2E3E4E5E6E7E8E9EAEBECEDEEEFF0F1F2F3F4F5F6F7F8F9FAFBFCFDFEFF7D
:20940000000102030405060708090A0B0C0D0E0F101112131415161718191A1B1C1D1E1F5C
:20942000202122232425262728292A2B2C2D2E2F303132333435363738393A3B3C3D3E3F3C
:20944000404142434445464748494A4B4C4D4E4F505152535455565758595A5B5C5D5E5F1C
:20946000606162636465666768696A6B6C6D6E6F707172737475767778797A7B7C7D7E7FFC
:20948000808182838485868788898A8B8C8D8E8F909192939495969798999A9B9C9D9E9FDC
:2094A000A0A1A2A3A4A5A6A7A8A9AAABACADAEAFB0B1B2B3B4B5B6B7B8B9BABBBCBDBEBFBC
:2094C000C0C1C2C3C4C5C6C7C8C9CACBCCCDCECFD0D1D2D3D4D5D6D7D8D9DADBDCDDDEDF9C
:2094E000E0E1E2E3E4E5E6E7E8E9EAEBECEDEEEFF0F1F2F3F4F5F6F7F8F9FAFBFCFDFEFF7C
:20950000000102030405060708090A0B0C0D0E0F101112131415161718191A1B1C1D1E1F5B
:20952000202122232425262728292A2B2C2D2E2F303132333435363738393A3B3C3D3E3F3B
:20954000404142434445464748494A4B4C4D4E4F505152535455565758595A5B5C5D5E5F1B
:20956000606162636465666768696A6B6C6D6E6F707172737475767778797A7B7C7D7E7FFB
:20958000808182838485868788898A8B8C8D8E8F909192939495969798999A9B9C9D9E9FDB
:2095A000A0A1A2A3A4A5A6A7A8A9AAABACADAEAFB0B1B2B3B4B5B6B7B8B9BABBBCBDBEBFBB
:2095C000C0C1C2C3C4C5C6C7C8C9CACBCCCDCECFD0D1D2D3D4D5D6D7D8D9DADBDCDDDEDF9B
:2095E000E0E1E2E3E4E5E6E7E8E9EAEBECEDEEEFF0F1F2F3F4F5F6F7F8F9FAFBFCFDFEFF7B
:20960000000102030405060708090A0B0C0D0E0F101112131415161718191A1B1C1D1E1F5A
:20962000202122232425262728292A2B2C2D2E2F303132333435363738393A3B3C3D3E3F3A
:20964000404142434445464748494A4B4C4D4E4F505152535455565758595A5B5C5D5E5F1A
:20966000606162636465666768696A6B6C6D6E6F707172737475767778797A7B7C7D7E7FFA
:20968000808182838485868788898A8B8C8D8E8F909192939495969798999A9B9C9D9E9FDA
:2096A000A0A1A2A3A4A5A6A7A8A9AAABACADAEAFB0B1B2B3B4B5B6B7B8B9BABBBCBDBEBFBA
:2096C000C0C1C2C3C4C5C6C7C8C9CACBCCCDCECFD0D1D2D3D4D5D6D7D8D9DADBDCDDDEDF9A
:2096E000E0E1E2E3E4E5E6E7E8E9EAEBECEDEEEFF0F1F2F3F4F5F6F7F8F9FAFBFCFDFEFF7A
:20970000000102030405060708090A0B0C0D0E0F101112131415161718191A1B1C1D1E1F59
:20972000202122232425262728292A2B2C2D2E2F303132333435363738393A3B3C3D3E3F39
:20974000404142434445464748494A4B4C4D4E4F505152535455565758595A5B5C5D5E5F19
:20976000606162636465666768696A6B6C6D6E6F707172737475767778797A7B7C7D7E7FF9
:20978000808182838485868788898A8B8C8D8E8F909192939495969798999A9B9C9D9E9FD9
:2097A000A0A1A2A3A4A5A6A7A8A9AAABACADAEAFB0B1B2B3B4B5B6B7B8B9BABBBCBDBEBFB9
:2097C000C0C1C2C3C4C5C6C7C8C9CACBCCCDCECFD0D1D2D3D4D5D6D7D8D9DADBDCDDDEDF99
:2097E000E0E1E2E3E4E5E6E7E8E9EAEBECEDEEEFF0F1F2F3F4F5F6F7F8F9FAFBFCFDFEFF79
:20980000000102030405060708090A0B0C0D0E0F101112131415161718191A1B1C1D1E1F58
:20982000202122232425262728292A2B2C2D2E2F303132333435363738393A3B3C3D3E3F38
:20984000404142434445464748494A4B4C4D4E4F505152535455565758595A5B5C5D5E5F18
:20986000606162636465666768696A6B6C6D6E6F707172737475767778797A7B7C7D7E7FF8
:20988000808182838485868788898A8B8C8D8E8F909192939495969798999A9B9C9D9E9FD8
:2098A000A0A1A2A3A4A5A6A7A8A9AAABACADAEAFB0B1B2B3B4B5B6B7B8B9BABBBCBDBEBFB8
:2098C000C0C1C2C3C4C5C6C7C8C9CACBCCCDCECFD0D1D2D3D4D5D6D7D8D9DADBDCDDDEDF98
:2098E000E0E1E2E3E4E5E6E7E8E9EAEBECEDEEEFF0F1F2F3F4F5F6F7F8F9FAFBFCFDFEFF78
:20990000000102030405060708090A0B0C0D0E0F101112131415161718191A1B1C1D1E1F57
:20992000202122232425262728292A2B2C2D2E2F303132333435363738393A3B3C3D3E3F37
:20994000404142434445464748494A4B4C4D4E4F505152535455565758595A5B5C5D5E5F17
:20996000606162636465666768696A6B6C6D6E6F707172737475767778797A7B7C7D7E7FF7
:20998000808182838485868788898A8B8C8D8E8F909192939495969798999A9B9C9D9E9FD7
:2099A000A0A1A2A3A4A5A6A7A8A9AAABACADAEAFB0B1B2B3B4B5B6B7B8B9BABBBCBDBEBFB7
:2099C000C0C1C2C3C4C5C6C7C8C9CACBCCCDCECFD0D1D2D3D4D5D6D7D8D9DADBDCDDDEDF97
:2099E000E0E1E2E3E4E5E6E7E8E9EAEBECEDEEEFF0F1F2F3F4F5F6F7F8F9FAFBFCFDFEFF77
:209A0000000102030405060708090A0B0C0D0E0F101112131415161718191A1B1C1D1E1F56
:209A2000202122232425262728292A2B2C2D2E2F303132333435363738393A3B3C3D3E3F36
:209A4000404142434445464748494A4B4C4D4E4F505152535455565758595A5B5C5D5E5F16
:209A6000606162636465666768696A6B6C6D6E6F707172737475767778797A7B7C7D7E7FF6
:209A8000808182838485868788898A8B8C8D8E8F909192939495969798999A9B9C9D9E9FD6
:209AA000A0A1A2A3A4A5A6A7A8A9AAABACADAEAFB0B1B2B3B4B5B6B7B8B9BABBBCBDBEBFB6
:209AC000C0C1C2C3C4C5C6C7C8C9CACBCCCDCECFD0D1D2D3D4D5D6D7D8D9DADBDCDDDEDF96
:209AE000E0E1E2E3E4E5E6E7E8E9EAEBECEDEEEFF0F1F2F3F4F5F6F7F8F9FAFBFCFDFEFF76
:209B0000000102030405060708090A0B0C0D0E0F101112131415161718191A1B1C1D1E1F55
:209B2000202122232425262728292A2B2C2D2E2F303132333435363738393A3B3C3D3E3F35
:209B4000404142434445464748494A4B4C4D4E4F505152535455565758595A5B5C5D5E5F15
:209B6000606162636465666768696A6B6C6D6E6F707172737475767778797A7B7C7D7E7FF5
:209B8000808182838485868788898A8B8C8D8E8F909192939495969798999A9B9C9D9E9FD5
:209BA000A0A1A2A3A4A5A6A7A8A9AAABACADAEAFB0B1B2B3B4B5B6B7B8B9BABBBCBDBEBFB5
:209BC000C0C1C2C3C4C5C6C7C8C9CACBCCCDCECFD0D1D2D3D4D5D6D7D8D9DADBDCDDDEDF95
:209BE000E0E1E2E3E4E5E6E7E8E9EAEBECEDEEEFF0F1F2F3F4F5F6F7F8F9FAFBFCFDFEFF75
:209C0000000102030405060708090A0B0C0D0E0F101112131415161718191A1B1C1D1E1F54
:209C2000202122232425262728292A2B2C2D2E2F303132333435363738393A3B3C3D3E3F34
:209C4000404142434445464748494A4B4C4D4E4F505152535455565758595A5B5C5D5E5F14
:209C6000606162636465666768696A6B6C6D6E6F707172737475767778797A7B7C7D7E7FF4
:209C8000808182838485868788898A8B8C8D8E8F909192939495969798999A9B9C9D9E9FD4
:209CA000A0A1A2A3A4A5A6A7A8A9AAABACADAEAFB0B1B2B3B4B5B6B7B8B9BABBBCBDBEBFB4
:209CC000C0C1C2C3C4C5C6C7C8C9CACBCCCDCECFD0D1D2D3D4D5D6D7D8D9DADBDCDDDEDF94
:209CE000E0E1E2E3E4E5E6E7E8E9EAEBECEDEEEFF0F1F2F3F4F5F6F7F8F9FAFBFCFDFEFF74
:209D0000000102030405060708090A0B0C0D0E0F101112131415161718191A1B1C1D1E1F53
:209D2000202122232425262728292A2B2C2D2E2F303132333435363738393A3B3C3D3E3F33
:209D4000404142434445464748494A4B4C4D4E4F505152535455565758595A5B5C5D5E5F13
:209D6000606162636465666768696A6B6C6D6E6F707172737475767778797A7B7C7D7E7FF3
:209D8000808182838485868788898A8B8C8D8E8F909192939495969798999A9B9C9D9E9FD3
:209DA000A0A1A2A3A4A5A6A7A8A9AAABACADAEAFB0B1B2B3B4B5B6B7B8B9BABBBCBDBEBFB3
:209DC000C0C1C2C3C4C5C6C7C8C9CACBCCCDCECFD0D1D2D3D4D5D6D7D8D9DADBDCDDDEDF93
:209DE000E0E1E2E3E4E5E6E7E8E9EAEBECEDEEEFF0F1F2F3F4F5F6F7F8F9FAFBFCFDFEFF73
:209E0000000102030405060708090A0B0C0D0E0F101112131415161718191A1B1C1D1E1F52
:209E2000202122232425262728292A2B2C2D2E2F303132333435363738393A3B3C3D3E3F32
:209E4000404142434445464748494A4B4C4D4E4F505152535455565758595A5B5C5D5E5F12
:209E6000606162636465666768696A6B6C6D6E6F707172737475767778797A7B7C7D7E7FF2
:209E8000808182838485868788898A8B8C8D8E8F909192939495969798999A9B9C9D9E9FD2
:209EA000A0A1A2A3A4A5A6A7A8A9AAABACADAEAFB0B1B2B3B4B5B6B7B8B9BABBBCBDBEBFB2
:209EC000C0C1C2C3C4C5C6C7C8C9CACBCCCDCECFD0D1D2D3D4D5D6D7D8D9DADBDCDDDEDF92
:209EE000E0E1E2E3E4E5E6E7E8E9EAEBECEDEEEFF0F1F2F3F4F5F6F7F8F9FAFBFCFDFEFF72
:209F0000000102030405060708090A0B0C0D0E0F101112131415161718191A1B1C1D1E1F51
:209F2000202122232425262728292A2B2C2D2E2F303132333435363738393A3B3C3D3E3F31
:209F4000404142434445464748494A4B4C4D4E4F505152535455565758595A5B5C5D5E5F11
:209F6000606162636465666768696A6B6C6D6E6F707172737475767778797A7B7C7D7E7FF1
:209F8000808182838485868788898A8B8C8D8E8F909192939495969798999A9B9C9D9E9FD1
:209FA000A0A1A2A3A4A5A6A7A8A9AAABACADAEAFB0B1B2B3B4B5B6B7B8B9BABBBCBDBEBFB1
:209FC000C0C1C2C3C4C5C6C7C8C9CACBCCCDCECFD0D1D2D3D4D5D6D7D8D9DADBDCDDDEDF91
:209FE000E0E1E2E3E4E5E6E7E8E9EAEBECEDEEEFF0F1F2F3F4F5F6F7F8F9FAFBFCFDFEFF71
:20A00000000102030405060708090A0B0C0D0E0F101112131415161718191A1B1C1D1E1F50
:20A02000202122232425262728292A2B2C2D2E2F303132333435363738393A3B3C3D3E3F30
:20A04000404142434445464748494A4B4C4D4E4F505152535455565758595A5B5C5D5E5F10
:20A06000606162636465666768696A6B6C6D6E6F707172737475767778797A7B7C7D7E7FF0
:20A08000808182838485868788898A8B8C8D8E8F909192939495969798999A9B9C9D9E9FD0
:20A0A000A0A1A2A3A4A5A6A7A8A9AAABACADAEAFB0B1B2B3B4B5B6B7B8B9BABBBCBDBEBFB0
:20A0C000C0C1C2C3C4C5C6C7C8C9CACBCCCDCECFD0D1D2D3D4D5D6D7D8D9DADBDCDDDEDF90
:20A0E000E0E1E2E3E4E5E6E7E8E9EAEBECEDEEEFF0F1F2F3F4F5F6F7F8F9FAFBFCFDFEFF70
:20A10000000102030405060708090A0B0C0D0E0F101112131415161718191A1B1C1D1E1F4F
:20A12000202122232425262728292A2B2C2D2E2F303132333435363738393A3B3C3D3E3F2F
:20A14000404142434445464748494A4B4C4D4E4F505152535455565758595A5B5C5D5E5F0F
:20A16000606162636465666768696A6B6C6D6E6F707172737475767778797A7B7C7D7E7FEF
:20A18000808182838485868788898A8B8C8D8E8F909192939495969798999A9B9C9D9E9FCF
:20A1A000A0A1A2A3A4A5A6A7A8A9AAABACADAEAFB0B1B2B3B4B5B6B7B8B9BABBBCBDBEBFAF
:20A1C000C0C1C2C3C4C5C6C7C8C9CACBCCCDCECFD0D1D2D3D4D5D6D7D8D9DADBDCDDDEDF8F
:20A1E000E0E1E2E3E4E5E6E7E8E9EAEBECEDEEEFF0F1F2F3F4F5F6F7F8F9FAFBFCFDFEFF6F
:20A20000000102030405060708090A0B0C0D0E0F101112131415161718191A1B1C1D1E1F4E
:20A22000202122232425262728292A2B2C2D2E2F303132333435363738393A3B3C3D3E3F2E
:20A24000404142434445464748494A4B4C4D4E4F505152535455565758595A5B5C5D5E5F0E
:20A26000606162636465666768696A6B6C6D6E6F707172737475767778797A7B7C7D7E7FEE
:20A28000808182838485868788898A8B8C8D8E8F909192939495969798999A9B9C9D9E9FCE
:20A2A000A0A1A2A3A4A5A6A7A8A9AAABACADAEAFB0B1B2B3B4B5B6B7B8B9BABBBCBDBEBFAE
:20A2C000C0C1C2C3C4C5C6C7C8C9CACBCCCDCECFD0D1D2D3D4D5D6D7D8D9DADBDCDDDEDF8E
:20A2E000E0E1E2E3E4E5E6E7E8E9EAEBECEDEEEFF0F1F2F3F4F5F6F7F8F9FAFBFCFDFEFF6E
:20A30000000102030405060708090A0B0C0D0E0F101112131415161718191A1B1C1D1E1F4D
:20A32000202122232425262728292A2B2C2D2E2F303132333435363738393A3B3C3D3E3F2D
:20A34000404142434445464748494A4B4C4D4E4F505152535455565758595A5B5C5D5E5F0D
:20A36000606162636465666768696A6B6C6D6E6F707172737475767778797A7B7C7D7E7FED
:20A38000808182838485868788898A8B8C8D8E8F909192939495969798999A9B9C9D9E9FCD
:20A3A000A0A1A2A3A4A5A6A7A8A9AAABACADAEAFB0B1B2B3B4B5B6B7B8B9BABBBCBDBEBFAD
:20A3C000C0C1C2C3C4C5C6C7C8C9CACBCCCDCECFD0D1D2D3D4D5D6D7D8D9DADBDCDDDEDF8D
:20A3E000E0E1E2E3E4E5E6E7E8E9EAEBECEDEEEFF0F1F2F3F4F5F6F7F8F9FAFBFCFDFEFF6D
:20A40000000102030405060708090A0B0C0D0E0F101112131415161718191A1B1C1D1E1F4C
:20A42000202122232425262728292A2B2C2D2E2F303132333435363738393A3B3C3D3E3F2C
:20A44000404142434445464748494A4B4C4D4E4F505152535455565758595A5B5C5D5E5F0C
:20A46000606162636465666768696A6B6C6D6E6F707172737475767778797A7B7C7D7E7FEC
:20A48000808182838485868788898A8B8C8D8E8F909192939495969798999A9B9C9D9E9FCC
:20A4A000A0A1A2A3A4A5A6A7A8A9AAABACADAEAFB0B1B2B3B4B5B6B7B8B9BABBBCBDBEBFAC
:20A4C000C0C1C2C3C4C5C6C7C8C9CACBCCCDCECFD0D1D2D3D4D5D6D7D8D9DADBDCDDDEDF8C
:20A4E000E0E1E2E3E4E5E6E7E8E9EAEBECEDEEEFF0F1F2F3F4F5F6F7F8F9FAFBFCFDFEFF6C
:20A50000000102030405060708090A0B0C0D0E0F101112131415161718191A1B1C1D1E1F4B
:20A52000202122232425262728292A2B2C2D2E2F303132333435363738393A3B3C3D3E3F2B
:20A54000404142434445464748494A4B4C4D4E4F505152535455565758595A5B5C5D5E5F0B
:20A56000606162636465666768696A6B6C6D6E6F707172737475767778797A7B7C7D7E7FEB
:20A58000808182838485868788898A8B8C8D8E8F909192939495969798999A9B9C9D9E9FCB
:20A5A000A0A1A2A3A4A5A6A7A8A9AAABACADAEAFB0B1B2B3B4B5B6B7B8B9BABBBCBDBEBFAB
:20A5C000C0C1C2C3C4C5C6C7C8C9CACBCCCDCECFD0D1D2D3D4D5D6D7D8D9DADBDCDDDEDF8B
:20A5E000E0E1E2E3E4E5E6E7E8E9EAEBECEDEEEFF0F1F2F3F4F5F6F7F8F9FAFBFCFDFEFF6B
:20A60000000102030405060708090A0B0C0D0E0F101112131415161718191A1B1C1D1E1F4A
:20A62000202122232425262728292A2B2C2D2E2F303132333435363738393A3B3C3D3E3F2A
:20A64000404142434445464748494A4B4C4D4E4F505152535455565758595A5B5C5D5E5F0A
:20A66000606162636465666768696A6B6C6D6E6F707172737475767778797A7B7C7D7E7FEA
:20A68000808182838485868788898A8B8C8D8E8F909192939495969798999A9B9C9D9E9FCA
:20A6A000A0A1A2A3A4A5A6A7A8A9AAABACADAEAFB0B1B2B3B4B5B6B7B8B9BABBBCBDBEBFAA
:20A6C000C0C1C2C3C4C5C6C7C8C9CACBCCCDCECFD0D1D2D3D4D5D6D7D8D9DADBDCDDDEDF8A
:20A6E000E0E1E2E3E4E5E6E7E8E9EAEBECEDEEEFF0F1F2F3F4F5F6F7F8F9FAFBFCFDFEFF6A
:20A70000000102030405060708090A0B0C0D0E0F101112131415161718191A1B1C1D1E1F49
:20A72000202122232425262728292A2B2C2D2E2F303132333435363738393A3B3C3D3E3F29
:20A74000404142434445464748494A4B4C4D4E4F505152535455565758595A5B5C5D5E5F09
:20A76000606162636465666768696A6B6C6D6E6F707172737475767778797A7B7C7D7E7FE9
:20A78000808182838485868788898A8B8C8D8E8F909192939495969798999A9B9C9D9E9FC9
:20A7A000A0A1A2A3A4A5A6A7A8A9AAABACADAEAFB0B1B2B3B4B5B6B7B8B9BABBBCBDBEBFA9
:20A7C000C0C1C2C3C4C5C6C7C8C9CACBCCCDCECFD0D1D2D3D4D5D6D7D8D9DADBDCDDDEDF89
:20A7E000E0E1E2E3E4E5E6E7E8E9EAEBECEDEEEFF0F1F2F3F4F5F6F7F8F9FAFBFCFDFEFF69
:20A80000000102030405060708090A0B0C0D0E0F101112131415161718191A1B1C1D1E1F48
:20A82000202122232425262728292A2B2C2D2E2F303132333435363738393A3B3C3D3E3F28
:20A84000404142434445464748494A4B4C4D4E4F505152535455565758595A5B5C5D5E5F08
:20A86000606162636465666768696A6B6C6D6E6F707172737475767778797A7B7C7D7E7FE8
:20A88000808182838485868788898A8B8C8D8E8F909192939495969798999A9B9C9D9E9FC8
:20A8A000A0A1A2A3A4A5A6A7A8A9AAABACADAEAFB0B1B2B3B4B5B6B7B8B9BABBBCBDBEBFA8
:20A8C000C0C1C2C3C4C5C6C7C8C9CACBCCCDCECFD0D1D2D3D4D5D6D7D8D9DADBDCDDDEDF88
:20A8E000E0E1E2E3E4E5E6E7E8E9EAEBECEDEEEFF0F1F2F3F4F5F6F7F8F9FAFBFCFDFEFF68
:20A90000000102030405060708090A0B0C0D0E0F101112131415161718191A1B1C1D1E1F47
:20A92000202122232425262728292A2B2C2D2E2F303132333435363738393A3B3C3D3E3F27
:20A94000404142434445464748494A4B4C4D4E4F505152535455565758595A5B5C5D5E5F07
:20A96000606162636465666768696A6B6C6D6E6F707172737475767778797A7B7C7D7E7FE7
:20A98000808182838485868788898A8B8C8D8E8F909192939495969798999A9B9C9D9E9FC7
:20A9A000A0A1A2A3A4A5A6A7A8A9AAABACADAEAFB0B1B2B3B4B5B6B7B8B9BABBBCBDBEBFA7
:20A9C000C0C1C2C3C4C5C6C7C8C9CACBCCCDCECFD0D1D2D3D4D5D6D7D8D9DADBDCDDDEDF87
:20A9E000E0E1E2E3E4E5E6E7E8E9EAEBECEDEEEFF0F1F2F3F4F5F6F7F8F9FAFBFCFDFEFF67
:20AA0000000102030405060708090A0B0C0D0E0F101112131415161718191A1B1C1D1E1F46
:20AA2000202122232425262728292A2B2C2D2E2F303132333435363738393A3B3C3D3E3F26
:20AA4000404142434445464748494A4B4C4D4E4F505152535455565758595A5B5C5D5E5F06
:20AA6000606162636465666768696A6B6C6D6E6F707172737475767778797A7B7C7D7E7FE6
:20AA8000808182838485868788898A8B8C8D8E8F909192939495969798999A9B9C9D9E9FC6
:20AAA000A0A1A2A3A4A5A6A7A8A9AAABACADAEAFB0B1B2B3B4B5B6B7B8B9BABBBCBDBEBFA6
:20AAC000C0C1C2C3C4C5C6C7C8C9CACBCCCDCECFD0D1D2D3D4D5D6D7D8D9DADBDCDDDEDF86
:20AAE000E0E1E2E3E4E5E6E7E8E9EAEBECEDEEEFF0F1F2F3F4F5F6F7F8F9FAFBFCFDFEFF66
:20AB0000000102030405060708090A0B0C0D0E0F101112131415161718191A1B1C1D1E1F45
:20AB2000202122232425262728292A2B2C2D2E2F303132333435363738393A3B3C3D3E3F25
:20AB4000404142434445464748494A4B4C4D4E4F505152535455565758595A5B5C5D5E5F05
:20AB6000606162636465666768696A6B6C6D6E6F707172737475767778797A7B7C7D7E7FE5
:20AB8000808182838485868788898A8B8C8D8E8F909192939495969798999A9B9C9D9E9FC5
:20ABA000A0A1A2A3A4A5A6A7A8A9AAABACADAEAFB0B1B2B3B4B5B6B7B8B9BABBBCBDBEBFA5
:20ABC000C0C1C2C3C4C5C6C7C8C9CACBCCCDCECFD0D1D2D3D4D5D6D7D8D9DADBDCDDDEDF85
:20ABE000E0E1E2E3E4E5E6E7E8E9EAEBECEDEEEFF0F1F2F3F4F5F6F7F8F9FAFBFCFDFEFF65
:20AC0000000102030405060708090A0B0C0D0E0F101112131415161718191A1B1C1D1E1F44
:20AC2000202122232425262728292A2B2C2D2E2F303132333435363738393A3B3C3D3E3F24
:20AC4000404142434445464748494A4B4C4D4E4F505152535455565758595A5B5C5D5E5F04
:20AC6000606162636465666768696A6B6C6D6E6F707172737475767778797A7B7C7D7E7FE4
:20AC8000808182838485868788898A8B8C8D8E8F909192939495969798999A9B9C9D9E9FC4
:20ACA000A0A1A2A3A4A5A6A7A8A9AAABACADAEAFB0B1B2B3B4B5B6B7B8B9BABBBCBDBEBFA4
:20ACC000C0C1C2C3C4C5C6C7C8C9CACBCCCDCECFD0D1D2D3D4D5D6D7D8D9DADBDCDDDEDF84
:20ACE000E0E1E2E3E4E5E6E7E8E9EAEBECEDEEEFF0F1F2F3F4F5F6F7F8F9FAFBFCFDFEFF64
:20AD0000000102030405060708090A0B0C0D0E0F101112131415161718191A1B1C1D1E1F43
:20AD2000202122232425262728292A2B2C2D2E2F303132333435363738393A3B3C3D3E3F23
:20AD4000404142434445464748494A4B4C4D4E4F505152535455565758595A5B5C5D5E5F03
:20AD6000606162636465666768696A6B6C6D6E6F707172737475767778797A7B7C7D7E7FE3
:20AD8000808182838485868788898A8B8C8D8E8F909192939495969798999A9B9C9D9E9FC3
:20ADA000A0A1A2A3A4A5A6A7A8A9AAABACADAEAFB0B1B2B3B4B5B6B7B8B9BABBBCBDBEBFA3
:20ADC000C0C1C2C3C4C5C6C7C8C9CACBCCCDCECFD0D1D2D3D4D5D6D7D8D9DADBDCDDDEDF83
:20ADE000E0E1E2E3E4E5E6E7E8E9EAEBECEDEEEFF0F1F2F3F4F5F6F7F8F9FAFBFCFDFEFF63
:20AE0000000102030405060708090A0B0C0D0E0F101112131415161718191A1B1C1D1E1F42
:20AE2000202122232425262728292A2B2C2D2E2F303132333435363738393A3B3C3D3E3F22
:20AE4000404142434445464748494A4B4C4D4E4F505152535455565758595A5B5C5D5E5F02
:20AE6000606162636465666768696A6B6C6D6E6F707172737475767778797A7B7C7D7E7FE2
:20AE8000808182838485868788898A8B8C8D8E8F909192939495969798999A9B9C9D9E9FC2
:20AEA000A0A1A2A3A4A5A6A7A8A9AAABACADAEAFB0B1B2B3B4B5B6B7B8B9BABBBCBDBEBFA2
:20AEC000C0C1C2C3C4C5C6C7C8C9CACBCCCDCECFD0D1D2D3D4D5D6D7D8D9DADBDCDDDEDF82
:20AEE000E0E1E2E3E4E5E6E7E8E9EAEBECEDEEEFF0F1F2F3F4F5F6F7F8F9FAFBFCFDFEFF62
:20AF0000000102030405060708090A0B0C0D0E0F101112131415161718191A1B1C1D1E1F41
:20AF2000202122232425262728292A2B2C2D2E2F303132333435363738393A3B3C3D3E3F21
:20AF4000404142434445464748494A4B4C4D4E4F505152535455565758595A5B5C5D5E5F01
:20AF6000606162636465666768696A6B6C6D6E6F707172737475767778797A7B7C7D7E7FE1
:20AF8000808182838485868788898A8B8C8D8E8F909192939495969798999A9B9C9D9E9FC1
:20AFA000A0A1A2A3A4A5A6A7A8A9AAABACADAEAFB0B1B2B3B4B5B6B7B8B9BABBBCBDBEBFA1
:20AFC000C0C1C2C3C4C5C6C7C8C9CACBCCCDCECFD0D1D2D3D4D5D6D7D8D9DADBDCDDDEDF81
:20AFE000E0E1E2E3E4E5E6E7E8E9EAEBECEDEEEFF0F1F2F3F4F5F6F7F8F9FAFBFCFDFEFF61
:20B00000000102030405060708090A0B0C0D0E0F101112131415161718191A1B1C1D1E1F40
:20B02000202122232425262728292A2B2C2D2E2F303132333435363738393A3B3C3D3E3F20
:20B04000404142434445464748494A4B4C4D4E4F505152535455565758595A5B5C5D5E5F00
:20B06000606162636465666768696A6B6C6D6E6F707172737475767778797A7B7C7D7E7FE0
:20B08000808182838485868788898A8B8C8D8E8F909192939495969798999A9B9C9D9E9FC0
:20B0A000A0A1A2A3A4A5A6A7A8A9AAABACADAEAFB0B1B2B3B4B5B6B7B8B9BABBBCBDBEBFA0
:20B0C000C0C1C2C3C4C5C6C7C8C9CACBCCCDCECFD0D1D2D3D4D5D6D7D8D9DADBDCDDDEDF80
:20B0E000E0E1E2E3E4E5E6E7E8E9EAEBECEDEEEFF0F1F2F3F4F5F6F7F8F9FAFBFCFDFEFF60
:20B10000000102030405060708090A0B0C0D0E0F101112131415161718191A1B1C1D1E1F3F
:20B12000202122232425262728292A2B2C2D2E2F303132333435363738393A3B3C3D3E3F1F
:20B14000404142434445464748494A4B4C4D4E4F505152535455565758595A5B5C5D5E5FFF
:20B16000606162636465666768696A6B6C6D6E6F707172737475767778797A7B7C7D7E7FDF
:20B18000808182838485868788898A8B8C8D8E8F909192939495969798999A9B9C9D9E9FBF
:20B1A000A0A1A2A3A4A5A6A7A8A9AAABACADAEAFB0B1B2B3B4B5B6B7B8B9BABBBCBDBEBF9F
:20B1C000C0C1C2C3C4C5C6C7C8C9CACBCCCDCECFD0D1D2D3D4D5D6D7D8D9DADBDCDDDEDF7F
:20B1E000E0E1E2E3E4E5E6E7E8E9EAEBECEDEEEFF0F1F2F3F4F5F6F7F8F9FAFBFCFDFEFF5F
:20B20000000102030405060708090A0B0C0D0E0F101112131415161718191A1B1C1D1E1F3E
:20B22000202122232425262728292A2B2C2D2E2F303132333435363738393A3B3C3D3E3F1E
:20B24000404142434445464748494A4B4C4D4E4F505152535455565758595A5B5C5D5E5FFE
:20B26000606162636465666768696A6B6C6D6E6F707172737475767778797A7B7C7D7E7FDE
:20B28000808182838485868788898A8B8C8D8E8F909192939495969798999A9B9C9D9E9FBE
:20B2A000A0A1A2A3A4A5A6A7A8A9AAABACADAEAFB0B1B2B3B4B5B6B7B8B9BABBBCBDBEBF9E
:20B2C000C0C1C2C3C4C5C6C7C8C9CACBCCCDCECFD0D1D2D3D4D5D6D7D8D9DADBDCDDDEDF7E
:20B2E000E0E1E2E3E4E5E6E7E8E9EAEBECEDEEEFF0F1F2F3F4F5F6F7F8F9FAFBFCFDFEFF5E
:20B30000000102030405060708090A0B0C0D0E0F101112131415161718191A1B1C1D1E1F3D
:20B32000202122232425262728292A2B2C2D2E2F303132333435363738393A3B3C3D3E3F1D
:20B34000404142434445464748494A4B4C4D4E4F505152535455565758595A5B5C5D5E5FFD
:20B36000606162636465666768696A6B6C6D6E6F707172737475767778797A7B7C7D7E7FDD
:20B38000808182838485868788898A8B8C8D8E8F909192939495969798999A9B9C9D9E9FBD
:20B3A000A0A1A2A3A4A5A6A7A8A9AAABACADAEAFB0B1B2B3B4B5B6B7B8B9BABBBCBDBEBF9D
:20B3C000C0C1C2C3C4C5C6C7C8C9CACBCCCDCECFD0D1D2D3D4D5D6D7D8D9DADBDCDDDEDF7D
:20B3E000E0E1E2E3E4E5E6E7E8E9EAEBECEDEEEFF0F1F2F3F4F5F6F7F8F9FAFBFCFDFEFF5D
:20B40000000102030405060708090A0B0C0D0E0F101112131415161718191A1B1C1D1E1F3C
:20B42000202122232425262728292A2B2C2D2E2F303132333435363738393A3B3C3D3E3F1C
:20B44000404142434445464748494A4B4C4D4E4F505152535455565758595A5B5C5D5E5FFC
:20B46000606162636465666768696A6B6C6D6E6F707172737475767778797A7B7C7D7E7FDC
:20B48000808182838485868788898A8B8C8D8E8F909192939495969798999A9B9C9D9E9FBC
:20B4A000A0A1A2A3A4A5A6A7A8A9AAABACADAEAFB0B1B2B3B4B5B6B7B8B9BABBBCBDBEBF9C
:20B4C000C0C1C2C3C4C5C6C7C8C9CACBCCCDCECFD0D1D2D3D4D5D6D7D8D9DADBDCDDDEDF7C
:20B4E000E0E1E2E3E4E5E6E7E8E9EAEBECEDEEEFF0F1F2F3F4F5F6F7F8F9FAFBFCFDFEFF5C
:20B50000000102030405060708090A0B0C0D0E0F101112131415161718191A1B1C1D1E1F3B
:20B52000202122232425262728292A2B2C2D2E2F303132333435363738393A3B3C3D3E3F1B
:20B54000404142434445464748494A4B4C4D4E4F505152535455565758595A5B5C5D5E5FFB
:20B56000606162636465666768696A6B6C6D6E6F707172737475767778797A7B7C7D7E7FDB
:20B58000808182838485868788898A8B8C8D8E8F909192939495969798999A9B9C9D9E9FBB
:20B5A000A0A1A2A3A4A5A6A7A8A9AAABACADAEAFB0B1B2B3B4B5B6B7B8B9BABBBCBDBEBF9B
:20B5C000C0C1C2C3C4C5C6C7C8C9CACBCCCDCECFD0D1D2D3D4D5D6D7D8D9DADBDCDDDEDF7B
:20B5E000E0E1E2E3E4E5E6E7E8E9EAEBECEDEEEFF0F1F2F3F4F5F6F7F8F9FAFBFCFDFEFF5B
:20B60000000102030405060708090A0B0C0D0E0F101112131415161718191A1B1C1D1E1F3A
:20B62000202122232425262728292A2B2C2D2E2F303132333435363738393A3B3C3D3E3F1A
:20B64000404142434445464748494A4B4C4D4E4F505152535455565758595A5B5C5D5E5FFA
:20B66000606162636465666768696A6B6C6D6E6F707172737475767778797A7B7C7D7E7FDA
:20B68000808182838485868788898A8B8C8D8E8F909192939495969798999A9B9C9D9E9FBA
:20B6A000A0A1A2A3A4A5A6A7A8A9AAABACADAEAFB0B1B2B3B4B5B6B7B8B9BABBBCBDBEBF9A
:20B6C000C0C1C2C3C4C5C6C7C8C9CACBCCCDCECFD0D1D2D3D4D5D6D7D8D9DADBDCDDDEDF7A
:20B6E000E0E1E2E3E4E5E6E7E8E9EAEBECEDEEEFF0F1F2F3F4F5F6F7F8F9FAFBFCFDFEFF5A
:20B70000000102030405060708090A0B0C0D0E0F101112131415161718191A1B1C1D1E1F39
:20B72000202122232425262728292A2B2C2D2E2F303132333435363738393A3B3C3D3E3F19
:20B74000404142434445464748494A4B4C4D4E4F505152535455565758595A5B5C5D5E5FF9
:20B76000606162636465666768696A6B6C6D6E6F707172737475767778797A7B7C7D7E7FD9
:20B78000808182838485868788898A8B8C8D8E8F909192939495969798999A9B9C9D9E9FB9
:20B7A000A0A1A2A3A4A5A6A7A8A9AAABACADAEAFB0B1B2B3B4B5B6B7B8B9BABBBCBDBEBF99
:20B7C000C0C1C2C3C4C5C6C7C8C9CACBCCCDCECFD0D1D2D3D4D5D6D7D8D9DADBDCDDDEDF79
:20B7E000E0E1E2E3E4E5E6E7E8E9EAEBECEDEEEFF0F1F2F3F4F5F6F7F8F9FAFBFCFDFEFF59
:20B80000000102030405060708090A0B0C0D0E0F101112131415161718191A1B1C1D1E1F38
:20B82000202122232425262728292A2B2C2D2E2F303132333435363738393A3B3C3D3E3F18
:20B84000404142434445464748494A4B4C4D4E4F505152535455565758595A5B5C5D5E5FF8
:20B86000606162636465666768696A6B6C6D6E6F707172737475767778797A7B7C7D7E7FD8
:20B88000808182838485868788898A8B8C8D8E8F909192939495969798999A9B9C9D9E9FB8
:20B8A000A0A1A2A3A4A5A6A7A8A9AAABACADAEAFB0B1B2B3B4B5B6B7B8B9BABBBCBDBEBF98
:20B8C000C0C1C2C3C4C5C6C7C8C9CACBCCCDCECFD0D1D2D3D4D5D6D7D8D9DADBDCDDDEDF78
:20B8E000E0E1E2E3E4E5E6E7E8E9EAEBECEDEEEFF0F1F2F3F4F5F6F7F8F9FAFBFCFDFEFF58
:20B90000000102030405060708090A0B0C0D0E0F101112131415161718191A1B1C1D1E1F37
:20B92000202122232425262728292A2B2C2D2E2F303132333435363738393A3B3C3D3E3F17
:20B94000404142434445464748494A4B4C4D4E4F505152535455565758595A5B5C5D5E5FF7
:20B96000606162636465666768696A6B6C6D6E6F707172737475767778797A7B7C7D7E7FD7
:20B98000808182838485868788898A8B8C8D8E8F909192939495969798999A9B9C9D9E9FB7
:20B9A000A0A1A2A3A4A5A6A7A8A9AAABACADAEAFB0B1B2B3B4B5B6B7B8B9BABBBCBDBEBF97
:20B9C000C0C1C2C3C4C5C6C7C8C9CACBCCCDCECFD0D1D2D3D4D5D6D7D8D9DADBDCDDDEDF77
:20B9E000E0E1E2E3E4E5E6E7E8E9EAEBECEDEEEFF0F1F2F3F4F5F6F7F8F9FAFBFCFDFEFF57
:20BA0000000102030405060708090A0B0C0D0E0F101112131415161718191A1B1C1D1E1F36
:20BA2000202122232425262728292A2B2C2D2E2F303132333435363738393A3B3C3D3E3F16
:20BA4000404142434445464748494A4B4C4D4E4F505152535455565758595A5B5C5D5E5FF6
:20BA6000606162636465666768696A6B6C6D6E6F707172737475767778797A7B7C7D7E7FD6
:20BA8000808182838485868788898A8B8C8D8E8F909192939495969798999A9B9C9D9E9FB6
:20BAA000A0A1A2A3A4A5A6A7A8A9AAABACADAEAFB0B1B2B3B4B5B6B7B8B9BABBBCBDBEBF96
:20BAC000C0C1C2C3C4C5C6C7C8C9CACBCCCDCECFD0D1D2D3D4D5D6D7D8D9DADBDCDDDEDF76
:20BAE000E0E1E2E3E4E5E6E7E8E9EAEBECEDEEEFF0F1F2F3F4F5F6F7F8F9FAFBFCFDFEFF56
:20BB0000000102030405060708090A0B0C0D0E0F101112131415161718191A1B1C1D1E1F35
:20BB2000202122232425262728292A2B2C2D2E2F303132333435363738393A3B3C3D3E3F15
:20BB4000404142434445464748494A4B4C4D4E4F505152535455565758595A5B5C5D5E5FF5
:20BB6000606162636465666768696A6B6C6D6E6F707172737475767778797A7B7C7D7E7FD5
:20BB8000808182838485868788898A8B8C8D8E8F909192939495969798999A9B9C9D9E9FB5
:20BBA000A0A1A2A3A4A5A6A7A8A9AAABACADAEAFB0B1B2B3B4B5B6B7B8B9BABBBCBDBEBF95
:20BBC000C0C1C2C3C4C5C6C7C8C9CACBCCCDCECFD0D1D2D3D4D5D6D7D8D9DADBDCDDDEDF75
:20BBE000E0E1E2E3E4E5E6E7E8E9EAEBECEDEEEFF0F1F2F3F4F5F6F7F8F9FAFBFCFDFEFF55
:20BC0000000102030405060708090A0B0C0D0E0F101112131415161718191A1B1C1D1E1F34
:20BC2000202122232425262728292A2B2C2D2E2F303132333435363738393A3B3C3D3E3F14
:20BC4000404142434445464748494A4B4C4D4E4F505152535455565758595A5B5C5D5E5FF4
:20BC6000606162636465666768696A6B6C6D6E6F707172737475767778797A7B7C7D7E7FD4
:20BC8000808182838485868788898A8B8C8D8E8F909192939495969798999A9B9C9D9E9FB4
:20BCA000A0A1A2A3A4A5A6A7A8A9AAABACADAEAFB0B1B2B3B4B5B6B7B8B9BABBBCBDBEBF94
:20BCC000C0C1C2C3C4C5C6C7C8C9CACBCCCDCECFD0D1D2D3D4D5D6D7D8D9DADBDCDDDEDF74
:20BCE000E0E1E2E3E4E5E6E7E8E9EAEBECEDEEEFF0F1F2F3F4F5F6F7F8F9FAFBFCFDFEFF54
:20BD0000000102030405060708090A0B0C0D0E0F101112131415161718191A1B1C1D1E1F33
:20BD2000202122232425262728292A2B2C2D2E2F303132333435363738393A3B3C3D3E3F13
:20BD4000404142434445464748494A4B4C4D4E4F505152535455565758595A5B5C5D5E5FF3
:20BD6000606162636465666768696A6B6C6D6E6F707172737475767778797A7B7C7D7E7FD3
:20BD8000808182838485868788898A8B8C8D8E8F909192939495969798999A9B9C9D9E9FB3
:20BDA000A0A1A2A3A4A5A6A7A8A9AAABACADAEAFB0B1B2B3B4B5B6B7B8B9BABBBCBDBEBF93
:20BDC000C0C1C2C3C4C5C6C7C8C9CACBCCCDCECFD0D1D2D3D4D5D6D7D8D9DADBDCDDDEDF73
:20BDE000E0E1E2E3E4E5E6E7E8E9EAEBECEDEEEFF0F1F2F3F4F5F6F7F8F9FAFBFCFDFEFF53
:20BE0000000102030405060708090A0B0C0D0E0F101112131415161718191A1B1C1D1E1F32
:20BE2000202122232425262728292A2B2C2D2E2F303132333435363738393A3B3C3D3E3F12
:20BE4000404142434445464748494A4B4C4D4E4F505152535455565758595A5B5C5D5E5FF2
:20BE6000606162636465666768696A6B6C6D6E6F707172737475767778797A7B7C7D7E7FD2
:20BE8000808182838485868788898A8B8C8D8E8F909192939495969798999A9B9C9D9E9FB2
:20BEA000A0A1A2A3A4A5A6A7A8A9AAABACADAEAFB0B1B2B3B4B5B6B7B8B9BABBBCBDBEBF92
:20BEC000C0C1C2C3C4C5C6C7C8C9CACBCCCDCECFD0D1D2D3D4D5D6D7D8D9DADBDCDDDEDF72
:20BEE000E0E1E2E3E4E5E6E7E8E9EAEBECEDEEEFF0F1F2F3F4F5F6F7F8F9FAFBFCFDFEFF52
:20BF0000000102030405060708090A0B0C0D0E0F101112131415161718191A1B1C1D1E1F31
:20BF2000202122232425262728292A2B2C2D2E2F303132333435363738393A3B3C3D3E3F11
:20BF4000404142434445464748494A4B4C4D4E4F505152535455565758595A5B5C5D5E5FF1
:20BF6000606162636465666768696A6B6C6D6E6F707172737475767778797A7B7C7D7E7FD1
:20BF8000808182838485868788898A8B8C8D8E8F909192939495969798999A9B9C9D9E9FB1
:20BFA000A0A1A2A3A4A5A6A7A8A9AAABACADAEAFB0B1B2B3B4B5B6B7B8B9BABBBCBDBEBF91
:20BFC000C0C1C2C3C4C5C6C7C8C9CACBCCCDCECFD0D1D2D3D4D5D6D7D8D9DADBDCDDDEDF71
:20BFE000E0E1E2E3E4E5E6E7E8E9EAEBECEDEEEFF0F1F2F3F4F5F6F7F8F9FAFBFCFDFEFF51
:20C00000000102030405060708090A0B0C0D0E0F101112131415161718191A1B1C1D1E1F30
:20C02000202122232425262728292A2B2C2D2E2F303132333435363738393A3B3C3D3E3F10
:20C04000404142434445464748494A4B4C4D4E4F505152535455565758595A5B5C5D5E5FF0
:20C06000606162636465666768696A6B6C6D6E6F707172737475767778797A7B7C7D7E7FD0
:20C08000808182838485868788898A8B8C8D8E8F909192939495969798999A9B9C9D9E9FB0
:20C0A000A0A1A2A3A4A5A6A7A8A9AAABACADAEAFB0B1B2B3B4B5B6B7B8B9BABBBCBDBEBF90
:20C0C000C0C1C2C3C4C5C6C7C8C9CACBCCCDCECFD0D1D2D3D4D5D6D7D8D9DADBDCDDDEDF70
:20C0E000E0E1E2E3E4E5E6E7E8E9EAEBECEDEEEFF0F1F2F3F4F5F6F7F8F9FAFBFCFDFEFF50
:20C10000000102030405060708090A0B0C0D0E0F101112131415161718191A1B1C1D1E1F2F
:20C12000202122232425262728292A2B2C2D2E2F303132333435363738393A3B3C3D3E3F0F
:20C14000404142434445464748494A4B4C4D4E4F505152535455565758595A5B5C5D5E5FEF
:20C16000606162636465666768696A6B6C6D6E6F707172737475767778797A7B7C7D7E7FCF
:20C18000808182838485868788898A8B8C8D8E8F909192939495969798999A9B9C9D9E9FAF
:20C1A000A0A1A2A3A4A5A6A7A8A9AAABACADAEAFB0B1B2B3B4B5B6B7B8B9BABBBCBDBEBF8F
:20C1C000C0C1C2C3C4C5C6C7C8C9CACBCCCDCECFD0D1D2D3D4D5D6D7D8D9DADBDCDDDEDF6F
:20C1E000E0E1E2E3E4E5E6E7E8E9EAEBECEDEEEFF0F1F2F3F4F5F6F7F8F9FAFBFCFDFEFF4F
:20C20000000102030405060708090A0B0C0D0E0F101112131415161718191A1B1C1D1E1F2E
:20C22000202122232425262728292A2B2C2D2E2F303132333435363738393A3B3C3D3E3F0E
:20C24000404142434445464748494A4B4C4D4E4F505152535455565758595A5B5C5D5E5FEE
:20C26000606162636465666768696A6B6C6D6E6F707172737475767778797A7B7C7D7E7FCE
:20C28000808182838485868788898A8B8C8D8E8F909192939495969798999A9B9C9D9E9FAE
:20C2A000A0A1A2A3A4A5A6A7A8A9AAABACADAEAFB0B1B2B3B4B5B6B7B8B9BABBBCBDBEBF8E
:20C2C000C0C1C2C3C4C5C6C7C8C9CACBCCCDCECFD0D1D2D3D4D5D6D7D8D9DADBDCDDDEDF6E
:20C2E000E0E1E2E3E4E5E6E7E8E9EAEBECEDEEEFF0F1F2F3F4F5F6F7F8F9FAFBFCFDFEFF4E
:20C30000000102030405060708090A0B0C0D0E0F101112131415161718191A1B1C1D1E1F2D
:20C32000202122232425262728292A2B2C2D2E2F303132333435363738393A3B3C3D3E3F0D
:20C34000404142434445464748494A4B4C4D4E4F505152535455565758595A5B5C5D5E5FED
:20C36000606162636465666768696A6B6C6D6E6F707172737475767778797A7B7C7D7E7FCD
:20C38000808182838485868788898A8B8C8D8E8F909192939495969798999A9B9C9D9E9FAD
:20C3A000A0A1A2A3A4A5A6A7A8A9AAABACADAEAFB0B1B2B3B4B5B6B7B8B9BABBBCBDBEBF8D
:20C3C000C0C1C2C3C4C5C6C7C8C9CACBCCCDCECFD0D1D2D3D4D5D6D7D8D9DADBDCDDDEDF6D
:20C3E000E0E1E2E3E4E5E6E7E8E9EAEBECEDEEEFF0F1F2F3F4F5F6F7F8F9FAFBFCFDFEFF4D
:20C40000000102030405060708090A0B0C0D0E0F101112131415161718191A1B1C1D1E1F2C
:20C42000202122232425262728292A2B2C2D2E2F303132333435363738393A3B3C3D3E3F0C
:20C44000404142434445464748494A4B4C4D4E4F505152535455565758595A5B5C5D5E5FEC
:20C46000606162636465666768696A6B6C6D6E6F707172737475767778797A7B7C7D7E7FCC
:20C48000808182838485868788898A8B8C8D8E8F909192939495969798999A9B9C9D9E9FAC
:20C4A000A0A1A2A3A4A5A6A7A8A9AAABACADAEAFB0B1B2B3B4B5B6B7B8B9BABBBCBDBEBF8C
:20C4C000C0C1C2C3C4C5C6C7C8C9CACBCCCDCECFD0D1D2D3D4D5D6D7D8D9DADBDCDDDEDF6C
:20C4E000E0E1E2E3E4E5E6E7E8E9EAEBECEDEEEFF0F1F2F3F4F5F6F7F8F9FAFBFCFDFEFF4C
:20C50000000102030405060708090A0B0C0D0E0F101112131415161718191A1B1C1D1E1F2B
:20C52000202122232425262728292A2B2C2D2E2F303132333435363738393A3B3C3D3E3F0B
:20C54000404142434445464748494A4B4C4D4E4F505152535455565758595A5B5C5D5E5FEB
:20C56000606162636465666768696A6B6C6D6E6F707172737475767778797A7B7C7D7E7FCB
:20C58000808182838485868788898A8B8C8D8E8F909192939495969798999A9B9C9D9E9FAB
:20C5A000A0A1A2A3A4A5A6A7A8A9AAABACADAEAFB0B1B2B3B4B5B6B7B8B9BABBBCBDBEBF8B
:20C5C000C0C1C2C3C4C5C6C7C8C9CACBCCCDCECFD0D1D2D3D4D5D6D7D8D9DADBDCDDDEDF6B
:20C5E000E0E1E2E3E4E5E6E7E8E9EAEBECEDEEEFF0F1F2F3F4F5F6F7F8F9FAFBFCFDFEFF4B
:20C60000000102030405060708090A0B0C0D0E0F101112131415161718191A1B1C1D1E1F2A
:20C62000202122232425262728292A2B2C2D2E2F303132333435363738393A3B3C3D3E3F0A
:20C64000404142434445464748494A4B4C4D4E4F505152535455565758595A5B5C5D5E5FEA
:20C66000606162636465666768696A6B6C6D6E6F707172737475767778797A7B7C7D7E7FCA
:20C68000808182838485868788898A8B8C8D8E8F909192939495969798999A9B9C9D9E9FAA
:20C6A000A0A1A2A3A4A5A6A7A8A9AAABACADAEAFB0B1B2B3B4B5B6B7B8B9BABBBCBDBEBF8A
:20C6C000C0C1C2C3C4C5C6C7C8C9CACBCCCDCECFD0D1D2D3D4D5D6D7D8D9DADBDCDDDEDF6A
:20C6E000E0E1E2E3E4E5E6E7E8E9EAEBECEDEEEFF0F1F2F3F4F5F6F7F8F9FAFBFCFDFEFF4A
:20C70000000102030405060708090A0B0C0D0E0F101112131415161718191A1B1C1D1E1F29
:20C72000202122232425262728292A2B2C2D2E2F303132333435363738393A3B3C3D3E3F09
:20C74000404142434445464748494A4B4C4D4E4F505152535455565758595A5B5C5D5E5FE9
:20C76000606162636465666768696A6B6C6D6E6F707172737475767778797A7B7C7D7E7FC9
:20C78000808182838485868788898A8B8C8D8E8F909192939495969798999A9B9C9D9E9FA9
:20C7A000A0A1A2A3A4A5A6A7A8A9AAABACADAEAFB0B1B2B3B4B5B6B7B8B9BABBBCBDBEBF89
:20C7C000C0C1C2C3C4C5C6C7C8C9CACBCCCDCECFD0D1D2D3D4D5D6D7D8D9DADBDCDDDEDF69
:20C7E000E0E1E2E3E4E5E6E7E8E9EAEBECEDEEEFF0F1F2F3F4F5F6F7F8F9FAFBFCFDFEFF49
:20C80000000102030405060708090A0B0C0D0E0F101112131415161718191A1B1C1D1E1F28
:20C82000202122232425262728292A2B2C2D2E2F303132333435363738393A3B3C3D3E3F08
:20C84000404142434445464748494A4B4C4D4E4F505152535455565758595A5B5C5D5E5FE8
:20C86000606162636465666768696A6B6C6D6E6F707172737475767778797A7B7C7D7E7FC8
:20C88000808182838485868788898A8B8C8D8E8F909192939495969798999A9B9C9D9E9FA8
:20C8A000A0A1A2A3A4A5A6A7A8A9AAABACADAEAFB0B1B2B3B4B5B6B7B8B9BABBBCBDBEBF88
:20C8C000C0C1C2C3C4C5C6C7C8C9CACBCCCDCECFD0D1D2D3D4D5D6D7D8D9DADBDCDDDEDF68
:20C8E000E0E1E2E3E4E5E6E7E8E9EAEBECEDEEEFF0F1F2F3F4F5F6F7F8F9FAFBFCFDFEFF48
:20C90000000102030405060708090A0B0C0D0E0F101112131415161718191A1B1C1D1E1F27
:20C92000202122232425262728292A2B2C2D2E2F303132333435363738393A3B3C3D3E3F07
:20C94000404142434445464748494A4B4C4D4E4F505152535455565758595A5B5C5D5E5FE7
:20C96000606162636465666768696A6B6C6D6E6F707172737475767778797A7B7C7D7E7FC7
:20C98000808182838485868788898A8B8C8D8E8F909192939495969798999A9B9C9D9E9FA7
:20C9A000A0A1A2A3A4A5A6A7A8A9AAABACADAEAFB0B1B2B3B4B5B6B7B8B9BABBBCBDBEBF87
:20C9C000C0C1C2C3C4C5C6C7C8C9CACBCCCDCECFD0D1D2D3D4D5D6D7D8D9DADBDCDDDEDF67
:20C9E000E0E1E2E3E4E5E6E7E8E9EAEBECEDEEEFF0F1F2F3F4F5F6F7F8F9FAFBFCFDFEFF47
:20CA0000000102030405060708090A0B0C0D0E0F101112131415161718191A1B1C1D1E1F26
:20CA2000202122232425262728292A2B2C2D2E2F303132333435363738393A3B3C3D3E3F06
:20CA4000404142434445464748494A4B4C4D4E4F505152535455565758595A5B5C5D5E5FE6
:20CA6000606162636465666768696A6B6C6D6E6F707172737475767778797A7B7C7D7E7FC6
:20CA8000808182838485868788898A8B8C8D8E8F909192939495969798999A9B9C9D9E9FA6
:20CAA000A0A1A2A3A4A5A6A7A8A9AAABACADAEAFB0B1B2B3B4B5B6B7B8B9BABBBCBDBEBF86
:20CAC000C0C1C2C3C4C5C6C7C8C9CACBCCCDCECFD0D1D2D3D4D5D6D7D8D9DADBDCDDDEDF66
:20CAE000E0E1E2E3E4E5E6E7E8E9EAEBECEDEEEFF0F1F2F3F4F5F6F7F8F9FAFBFCFDFEFF46
:20CB0000000102030405060708090A0B0C0D0E0F101112131415161718191A1B1C1D1E1F25
:20CB2000202122232425262728292A2B2C2D2E2F303132333435363738393A3B3C3D3E3F05
:20CB4000404142434445464748494A4B4C4D4E4F505152535455565758595A5B5C5D5E5FE5
:20CB6000606162636465666768696A6B6C6D6E6F707172737475767778797A7B7C7D7E7FC5
:20CB8000808182838485868788898A8B8C8D8E8F909192939495969798999A9B9C9D9E9FA5
:20CBA000A0A1A2A3A4A5A6A7A8A9AAABACADAEAFB0B1B2B3B4B5B6B7B8B9BABBBCBDBEBF85
:20CBC000C0C1C2C3C4C5C6C7C8C9CACBCCCDCECFD0D1D2D3D4D5D6D7D8D9DADBDCDDDEDF65
:20CBE000E0E1E2E3E4E5E6E7E8E9EAEBECEDEEEFF0F1F2F3F4F5F6F7F8F9FAFBFCFDFEFF45
:20CC0000000102030405060708090A0B0C0D0E0F101112131415161718191A1B1C1D1E1F24
:20CC2000202122232425262728292A2B2C2D2E2F303132333435363738393A3B3C3D3E3F04
:20CC4000404142434445464748494A4B4C4D4E4F505152535455565758595A5B5C5D5E5FE4
:20CC6000606162636465666768696A6B6C6D6E6F707172737475767778797A7B7C7D7E7FC4
:20CC8000808182838485868788898A8B8C8D8E8F909192939495969798999A9B9C9D9E9FA4
:20CCA000A0A1A2A3A4A5A6A7A8A9AAABACADAEAFB0B1B2B3B4B5B6B7B8B9BABBBCBDBEBF84
:20CCC000C0C1C2C3C4C5C6C7C8C9CACBCCCDCECFD0D1D2D3D4D5D6D7D8D9DADBDCDDDEDF64
:20CCE000E0E1E2E3E4E5E6E7E8E9EAEBECEDEEEFF0F1F2F3F4F5F6F7F8F9FAFBFCFDFEFF44
:20CD0000000102030405060708090A0B0C0D0E0F101112131415161718191A1B1C1D1E1F23
:20CD2000202122232425262728292A2B2C2D2E2F303132333435363738393A3B3C3D3E3F03
:20CD4000404142434445464748494A4B4C4D4E4F505152535455565758595A5B5C5D5E5FE3
:20CD6000606162636465666768696A6B6C6D6E6F707172737475767778797A7B7C7D7E7FC3
:20CD8000808182838485868788898A8B8C8D8E8F909192939495969798999A9B9C9D9E9FA3
:20CDA000A0A1A2A3A4A5A6A7A8A9AAABACADAEAFB0B1B2B3B4B5B6B7B8B9BABBBCBDBEBF83
:20CDC000C0C1C2C3C4C5C6C7C8C9CACBCCCDCECFD0D1D2D3D4D5D6D7D8D9DADBDCDDDEDF63
:20CDE000E0E1E2E3E4E5E6E7E8E9EAEBECEDEEEFF0F1F2F3F4F5F6F7F8F9FAFBFCFDFEFF43
:20CE0000000102030405060708090A0B0C0D0E0F101112131415161718191A1B1C1D1E1F22
:20CE2000202122232425262728292A2B2C2D2E2F303132333435363738393A3B3C3D3E3F02
:20CE4000404142434445464748494A4B4C4D4E4F505152535455565758595A5B5C5D5E5FE2
:20CE6000606162636465666768696A6B6C6D6E6F707172737475767778797A7B7C7D7E7FC2
:20CE8000808182838485868788898A8B8C8D8E8F909192939495969798999A9B9C9D9E9FA2
:20CEA000A0A1A2A3A4A5A6A7A8A9AAABACADAEAFB0B1B2B3B4B5B6B7B8B9BABBBCBDBEBF82
:20CEC000C0C1C2C3C4C5C6C7C8C9CACBCCCDCECFD0D1D2D3D4D5D6D7D8D9DADBDCDDDEDF62
:20CEE000E0E1E2E3E4E5E6E7E8E9EAEBECEDEEEFF0F1F2F3F4F5F6F7F8F9FAFBFCFDFEFF42
:20CF0000000102030405060708090A0B0C0D0E0F101112131415161718191A1B1C1D1E1F21
:20CF2000202122232425262728292A2B2C2D2E2F303132333435363738393A3B3C3D3E3F01
:20CF4000404142434445464748494A4B4C4D4E4F505152535455565758595A5B5C5D5E5FE1
:20CF6000606162636465666768696A6B6C6D6E6F707172737475767778797A7B7C7D7E7FC1
:20CF8000808182838485868788898A8B8C8D8E8F909192939495969798999A9B9C9D9E9FA1
:20CFA000A0A1A2A3A4A5A6A7A8A9AAABACADAEAFB0B1B2B3B4B5B6B7B8B9BABBBCBDBEBF81
:20CFC000C0C1C2C3C4C5C6C7C8C9CACBCCCDCECFD0D1D2D3D4D5D6D7D8D9DADBDCDDDEDF61
:20CFE000E0E1E2E3E4E5E6E7E8E9EAEBECEDEEEFF0F1F2F3F4F5F6F7F8F9FAFBFCFDFEFF41
:20D00000000102030405060708090A0B0C0D0E0F101112131415161718191A1B1C1D1E1F20
:20D02000202122232425262728292A2B2C2D2E2F303132333435363738393A3B3C3D3E3F00
:20D04000404142434445464748494A4B4C4D4E4F505152535455565758595A5B5C5D5E5FE0
:20D06000606162636465666768696A6B6C6D6E6F707172737475767778797A7B7C7D7E7FC0
:20D08000808182838485868788898A8B8C8D8E8F909192939495969798999A9B9C9D9E9FA0
:20D0A000A0A1A2A3A4A5A6A7A8A9AAABACADAEAFB0B1B2B3B4B5B6B7B8B9BABBBCBDBEBF80
:20D0C000C0C1C2C3C4C5C6C7C8C9CACBCCCDCECFD0D1D2D3D4D5D6D7D8D9DADBDCDDDEDF60
:20D0E000E0E1E2E3E4E5E6E7E8E9EAEBECEDEEEFF0F1F2F3F4F5F6F7F8F9FAFBFCFDFEFF40
:20D10000000102030405060708090A0B0C0D0E0F101112131415161718191A1B1C1D1E1F1F
:20D12000202122232425262728292A2B2C2D2E2F303132333435363738393A3B3C3D3E3FFF
:20D14000404142434445464748494A4B4C4D4E4F505152535455565758595A5B5C5D5E5FDF
:20D16000606162636465666768696A6B6C6D6E6F707172737475767778797A7B7C7D7E7FBF
:20D18000808182838485868788898A8B8C8D8E8F909192939495969798999A9B9C9D9E9F9F
:20D1A000A0A1A2A3A4A5A6A7A8A9AAABACADAEAFB0B1B2B3B4B5B6B7B8B9BABBBCBDBEBF7F
:20D1C000C0C1C2C3C4C5C6C7C8C9CACBCCCDCECFD0D1D2D3D4D5D6D7D8D9DADBDCDDDEDF5F
:20D1E000E0E1E2E3E4E5E6E7E8E9EAEBECEDEEEFF0F1F2F3F4F5F6F7F8F9FAFBFCFDFEFF3F
:20D20000000102030405060708090A0B0C0D0E0F101112131415161718191A1B1C1D1E1F1E
:20D22000202122232425262728292A2B2C2D2E2F303132333435363738393A3B3C3D3E3FFE
:20D24000404142434445464748494A4B4C4D4E4F505152535455565758595A5B5C5D5E5FDE
:20D26000606162636465666768696A6B6C6D6E6F707172737475767778797A7B7C7D7E7FBE
:20D28000808182838485868788898A8B8C8D8E8F909192939495969798999A9B9C9D9E9F9E
:20D2A000A0A1A2A3A4A5A6A7A8A9AAABACADAEAFB0B1B2B3B4B5B6B7B8B9BABBBCBDBEBF7E
:20D2C000C0C1C2C3C4C5C6C7C8C9CACBCCCDCECFD0D1D2D3D4D5D6D7D8D9DADBDCDDDEDF5E
:20D2E000E0E1E2E3E4E5E6E7E8E9EAEBECEDEEEFF0F1F2F3F4F5F6F7F8F9FAFBFCFDFEFF3E
:20D30000000102030405060708090A0B0C0D0E0F101112131415161718191A1B1C1D1E1F1D
:20D32000202122232425262728292A2B2C2D2E2F303132333435363738393A3B3C3D3E3FFD
:20D34000404142434445464748494A4B4C4D4E4F505152535455565758595A5B5C5D5E5FDD
:20D36000606162636465666768696A6B6C6D6E6F707172737475767778797A7B7C7D7E7FBD
:20D38000808182838485868788898A8B8C8D8E8F909192939495969798999A9B9C9D9E9F9D
:20D3A000A0A1A2A3A4A5A6A7A8A9AAABACADAEAFB0B1B2B3B4B5B6B7B8B9BABBBCBDBEBF7D
:20D3C000C0C1C2C3C4C5C6C7C8C9CACBCCCDCECFD0D1D2D3D4D5D6D7D8D9DADBDCDDDEDF5D
:20D3E000E0E1E2E3E4E5E6E7E8E9EAEBECEDEEEFF0F1F2F3F4F5F6F7F8F9FAFBFCFDFEFF3D
:20D40000000102030405060708090A0B0C0D0E0F101112131415161718191A1B1C1D1E1F1C
:20D42000202122232425262728292A2B2C2D2E2F303132333435363738393A3B3C3D3E3FFC
:20D44000404142434445464748494A4B4C4D4E4F505152535455565758595A5B5C5D5E5FDC
:20D46000606162636465666768696A6B6C6D6E6F707172737475767778797A7B7C7D7E7FBC
:20D48000808182838485868788898A8B8C8D8E8F909192939495969798999A9B9C9D9E9F9C
:20D4A000A0A1A2A3A4A5A6A7A8A9AAABACADAEAFB0B1B2B3B4B5B6B7B8B9BABBBCBDBEBF7C
:20D4C000C0C1C2C3C4C5C6C7C8C9CACBCCCDCECFD0D1D2D3D4D5D6D7D8D9DADBDCDDDEDF5C
:20D4E000E0E1E2E3E4E5E6E7E8E9EAEBECEDEEEFF0F1F2F3F4F5F6F7F8F9FAFBFCFDFEFF3C
:20D50000000102030405060708090A0B0C0D0E0F101112131415161718191A1B1C1D1E1F1B
:20D52000202122232425262728292A2B2C2D2E2F303132333435363738393A3B3C3D3E3FFB
:20D54000404142434445464748494A4B4C4D4E4F505152535455565758595A5B5C5D5E5FDB
:20D56000606162636465666768696A6B6C6D6E6F707172737475767778797A7B7C7D7E7FBB
:20D58000808182838485868788898A8B8C8D8E8F909192939495969798999A9B9C9D9E9F9B
:20D5A000A0A1A2A3A4A5A6A7A8A9AAABACADAEAFB0B1B2B3B4B5B6B7B8B9BABBBCBDBEBF7B
:20D5C000C0C1C2C3C4C5C6C7C8C9CACBCCCDCECFD0D1D2D3D4D5D6D7D8D9DADBDCDDDEDF5B
:20D5E000E0E1E2E3E4E5E6E7E8E9EAEBECEDEEEFF0F1F2F3F4F5F6F7F8F9FAFBFCFDFEFF3B
:20D60000000102030405060708090A0B0C0D0E0F101112131415161718191A1B1C1D1E1F1A
:20D62000202122232425262728292A2B2C2D2E2F303132333435363738393A3B3C3D3E3FFA
:20D64000404142434445464748494A4B4C4D4E4F505152535455565758595A5B5C5D5E5FDA
:20D66000606162636465666768696A6B6C6D6E6F707172737475767778797A7B7C7D7E7FBA
:20D68000808182838485868788898A8B8C8D8E8F909192939495969798999A9B9C9D9E9F9A
:20D6A000A0A1A2A3A4A5A6A7A8A9AAABACADAEAFB0B1B2B3B4B5B6B7B8B9BABBBCBDBEBF7A
:20D6C000C0C1C2C3C4C5C6C7C8C9CACBCCCDCECFD0D1D2D3D4D5D6D7D8D9DADBDCDDDEDF5A
:20D6E000E0E1E2E3E4E5E6E7E8E9EAEBECEDEEEFF0F1F2F3F4F5F6F7F8F9FAFBFCFDFEFF3A
:20D70000000102030405060708090A0B0C0D0E0F101112131415161718191A1B1C1D1E1F19
:20D72000202122232425262728292A2B2C2D2E2F303132333435363738393A3B3C3D3E3FF9
:20D74000404142434445464748494A4B4C4D4E4F505152535455565758595A5B5C5D5E5FD9
:20D76000606162636465666768696A6B6C6D6E6F707172737475767778797A7B7C7D7E7FB9
:20D78000808182838485868788898A8B8C8D8E8F909192939495969798999A9B9C9D9E9F99
:20D7A000A0A1A2A3A4A5A6A7A8A9AAABACADAEAFB0B1B2B3B4B5B6B7B8B9BABBBCBDBEBF79
:20D7C000C0C1C2C3C4C5C6C7C8C9CACBCCCDCECFD0D1D2D3D4D5D6D7D8D9DADBDCDDDEDF59
:20D7E000E0E1E2E3E4E5E6E7E8E9EAEBECEDEEEFF0F1F2F3F4F5F6F7F8F9FAFBFCFDFEFF39
:20D80000000102030405060708090A0B0C0D0E0F101112131415161718191A1B1C1D1E1F18
:20D82000202122232425262728292A2B2C2D2E2F303132333435363738393A3B3C3D3E3FF8
:20D84000404142434445464748494A4B4C4D4E4F505152535455565758595A5B5C5D5E5FD8
:20D86000606162636465666768696A6B6C6D6E6F707172737475767778797A7B7C7D7E7FB8
:20D88000808182838485868788898A8B8C8D8E8F909192939495969798999A9B9C9D9E9F98
:20D8A000A0A1A2A3A4A5A6A7A8A9AAABACADAEAFB0B1B2B3B4B5B6B7B8B9BABBBCBDBEBF78
:20D8C000C0C1C2C3C4C5C6C7C8C9CACBCCCDCECFD0D1D2D3D4D5D6D7D8D9DADBDCDDDEDF58
:20D8E000E0E1E2E3E4E5E6E7E8E9EAEBECEDEEEFF0F1F2F3F4F5F6F7F8F9FAFBFCFDFEFF38
:20D90000000102030405060708090A0B0C0D0E0F101112131415161718191A1B1C1D1E1F17
:20D92000202122232425262728292A2B2C2D2E2F303132333435363738393A3B3C3D3E3FF7
:20D94000404142434445464748494A4B4C4D4E4F505152535455565758595A5B5C5D5E5FD7
:20D96000606162636465666768696A6B6C6D6E6F707172737475767778797A7B7C7D7E7FB7
:20D98000808182838485868788898A8B8C8D8E8F909192939495969798999A9B9C9D9E9F97
:20D9A000A0A1A2A3A4A5A6A7A8A9AAABACADAEAFB0B1B2B3B4B5B6B7B8B9BABBBCBDBEBF77
:20D9C000C0C1C2C3C4C5C6C7C8C9CACBCCCDCECFD0D1D2D3D4D5D6D7D8D9DADBDCDDDEDF57
:20D9E000E0E1E2E3E4E5E6E7E8E9EAEBECEDEEEFF0F1F2F3F4F5F6F7F8F9FAFBFCFDFEFF37
:20DA0000000102030405060708090A0B0C0D0E0F101112131415161718191A1B1C1D1E1F16
:20DA2000202122232425262728292A2B2C2D2E2F303132333435363738393A3B3C3D3E3FF6
:20DA4000404142434445464748494A4B4C4D4E4F505152535455565758595A5B5C5D5E5FD6
:20DA6000606162636465666768696A6B6C6D6E6F707172737475767778797A7B7C7D7E7FB6
:20DA8000808182838485868788898A8B8C8D8E8F909192939495969798999A9B9C9D9E9F96
:20DAA000A0A1A2A3A4A5A6A7A8A9AAABACADAEAFB0B1B2B3B4B5B6B7B8B9BABBBCBDBEBF76
:20DAC000C0C1C2C3C4C5C6C7C8C9CACBCCCDCECFD0D1D2D3D4D5D6D7D8D9DADBDCDDDEDF56
:20DAE000E0E1E2E3E4E5E6E7E8E9EAEBECEDEEEFF0F1F2F3F4F5F6F7F8F9FAFBFCFDFEFF36
:20DB0000000102030405060708090A0B0C0D0E0F101112131415161718191A1B1C1D1E1F15
:20DB2000202122232425262728292A2B2C2D2E2F303132333435363738393A3B3C3D3E3FF5
:20DB4000404142434445464748494A4B4C4D4E4F505152535455565758595A5B5C5D5E5FD5
:20DB6000606162636465666768696A6B6C6D6E6F707172737475767778797A7B7C7D7E7FB5
:20DB8000808182838485868788898A8B8C8D8E8F909192939495969798999A9B9C9D9E9F95
:20DBA000A0A1A2A3A4A5A6A7A8A9AAABACADAEAFB0B1B2B3B4B5B6B7B8B9BABBBCBDBEBF75
:20DBC000C0C1C2C3C4C5C6C7C8C9CACBCCCDCECFD0D1D2D3D4D5D6D7D8D9DADBDCDDDEDF55
:20DBE000E0E1E2E3E4E5E6E7E8E9EAEBECEDEEEFF0F1F2F3F4F5F6F7F8F9FAFBFCFDFEFF35
:20DC0000000102030405060708090A0B0C0D0E0F101112131415161718191A1B1C1D1E1F14
:20DC2000202122232425262728292A2B2C2D2E2F303132333435363738393A3B3C3D3E3FF4
:20DC4000404142434445464748494A4B4C4D4E4F505152535455565758595A5B5C5D5E5FD4
:20DC6000606162636465666768696A6B6C6D6E6F707172737475767778797A7B7C7D7E7FB4
:20DC8000808182838485868788898A8B8C8D8E8F909192939495969798999A9B9C9D9E9F94
:20DCA000A0A1A2A3A4A5A6A7A8A9AAABACADAEAFB0B1B2B3B4B5B6B7B8B9BABBBCBDBEBF74
:20DCC000C0C1C2C3C4C5C6C7C8C9CACBCCCDCECFD0D1D2D3D4D5D6D7D8D9DADBDCDDDEDF54
:20DCE000E0E1E2E3E4E5E6E7E8E9EAEBECEDEEEFF0F1F2F3F4F5F6F7F8F9FAFBFCFDFEFF34
:20DD0000000102030405060708090A0B0C0D0E0F101112131415161718191A1B1C1D1E1F13
:20DD2000202122232425262728292A2B2C2D2E2F303132333435363738393A3B3C3D3E3FF3
:20DD4000404142434445464748494A4B4C4D4E4F505152535455565758595A5B5C5D5E5FD3
:20DD6000606162636465666768696A6B6C6D6E6F707172737475767778797A7B7C7D7E7FB3
:20DD8000808182838485868788898A8B8C8D8E8F909192939495969798999A9B9C9D9E9F93
:20DDA000A0A1A2A3A4A5A6A7A8A9AAABACADAEAFB0B1B2B3B4B5B6B7B8B9BABBBCBDBEBF73
:20DDC000C0C1C2C3C4C5C6C7C8C9CACBCCCDCECFD0D1D2D3D4D5D6D7D8D9DADBDCDDDEDF53
:20DDE000E0E1E2E3E4E5E6E7E8E9EAEBECEDEEEFF0F1F2F3F4F5F6F7F8F9FAFBFCFDFEFF33
:20DE0000000102030405060708090A0B0C0D0E0F101112131415161718191A1B1C1D1E1F12
:20DE2000202122232425262728292A2B2C2D2E2F303132333435363738393A3B3C3D3E3FF2
:20DE4000404142434445464748494A4B4C4D4E4F505152535455565758595A5B5C5D5E5FD2
:20DE6000606162636465666768696A6B6C6D6E6F707172737475767778797A7B7C7D7E7FB2
:20DE8000808182838485868788898A8B8C8D8E8F909192939495969798999A9B9C9D9E9F92
:20DEA000A0A1A2A3A4A5A6A7A8A9AAABACADAEAFB0B1B2B3B4B5B6B7B8B9BABBBCBDBEBF72
:20DEC000C0C1C2C3C4C5C6C7C8C9CACBCCCDCECFD0D1D2D3D4D5D6D7D8D9DADBDCDDDEDF52
:20DEE000E0E1E2E3E4E5E6E7E8E9EAEBECEDEEEFF0F1F2F3F4F5F6F7F8F9FAFBFCFDFEFF32
:20DF0000000102030405060708090A0B0C0D0E0F101112131415161718191A1B1C1D1E1F11
:20DF2000202122232425262728292A2B2C2D2E2F303132333435363738393A3B3C3D3E3FF1
:20DF4000404142434445464748494A4B4C4D4E4F505152535455565758595A5B5C5D5E5FD1
:20DF6000606162636465666768696A6B6C6D6E6F707172737475767778797A7B7C7D7E7FB1
:20DF8000808182838485868788898A8B8C8D8E8F909192939495969798999A9B9C9D9E9F91
:20DFA000A0A1A2A3A4A5A6A7A8A9AAABACADAEAFB0B1B2B3B4B5B6B7B8B9BABBBCBDBEBF71
:20DFC000C0C1C2C3C4C5C6C7C8C9CACBCCCDCECFD0D1D2D3D4D5D6D7D8D9DADBDCDDDEDF51
:20DFE000E0E1E2E3E4E5E6E7E8E9EAEBECEDEEEFF0F1F2F3F4F5F6F7F8F9FAFBFCFDFEFF31
:20E00000000102030405060708090A0B0C0D0E0F101112131415161718191A1B1C1D1E1F10
:20E02000202122232425262728292A2B2C2D2E2F303132333435363738393A3B3C3D3E3FF0
:20E04000404142434445464748494A4B4C4D4E4F505152535455565758595A5B5C5D5E5FD0
:20E06000606162636465666768696A6B6C6D6E6F707172737475767778797A7B7C7D7E7FB0
:20E08000808182838485868788898A8B8C8D8E8F909192939495969798999A9B9C9D9E9F90
:20E0A000A0A1A2A3A4A5A6A7A8A9AAABACADAEAFB0B1B2B3B4B5B6B7B8B9BABBBCBDBEBF70
:20E0C000C0C1C2C3C4C5C6C7C8C9CACBCCCDCECFD0D1D2D3D4D5D6D7D8D9DADBDCDDDEDF50
:20E0E000E0E1E2E3E4E5E6E7E8E9EAEBECEDEEEFF0F1F2F3F4F5F6F7F8F9FAFBFCFDFEFF30
:20E10000000102030405060708090A0B0C0D0E0F101112131415161718191A1B1C1D1E1F0F
:20E12000202122232425262728292A2B2C2D2E2F303132333435363738393A3B3C3D3E3FEF
:20E14000404142434445464748494A4B4C4D4E4F505152535455565758595A5B5C5D5E5FCF
:20E16000606162636465666768696A6B6C6D6E6F707172737475767778797A7B7C7D7E7FAF
:20E18000808182838485868788898A8B8C8D8E8F909192939495969798999A9B9C9D9E9F8F
:20E1A000A0A1A2A3A4A5A6A7A8A9AAABACADAEAFB0B1B2B3B4B5B6B7B8B9BABBBCBDBEBF6F
:20E1C000C0C1C2C3C4C5C6C7C8C9CACBCCCDCECFD0D1D2D3D4D5D6D7D8D9DADBDCDDDEDF4F
:20E1E000E0E1E2E3E4E5E6E7E8E9EAEBECEDEEEFF0F1F2F3F4F5F6F7F8F9FAFBFCFDFEFF2F
:20E20000000102030405060708090A0B0C0D0E0F101112131415161718191A1B1C1D1E1F0E
:20E22000202122232425262728292A2B2C2D2E2F303132333435363738393A3B3C3D3E3FEE
:20E24000404142434445464748494A4B4C4D4E4F505152535455565758595A5B5C5D5E5FCE
:20E26000606162636465666768696A6B6C6D6E6F707172737475767778797A7B7C7D7E7FAE
:20E28000808182838485868788898A8B8C8D8E8F909192939495969798999A9B9C9D9E9F8E
:20E2A000A0A1A2A3A4A5A6A7A8A9AAABACADAEAFB0B1B2B3B4B5B6B7B8B9BABBBCBDBEBF6E
:20E2C000C0C1C2C3C4C5C6C7C8C9CACBCCCDCECFD0D1D2D3D4D5D6D7D8D9DADBDCDDDEDF4E
:20E2E000E0E1E2E3E4E5E6E7E8E9EAEBECEDEEEFF0F1F2F3F4F5F6F7F8F9FAFBFCFDFEFF2E
:20E30000000102030405060708090A0B0C0D0E0F101112131415161718191A1B1C1D1E1F0D
:20E32000202122232425262728292A2B2C2D2E2F303132333435363738393A3B3C3D3E3FED
:20E34000404142434445464748494A4B4C4D4E4F505152535455565758595A5B5C5D5E5FCD
:20E36000606162636465666768696A6B6C6D6E6F707172737475767778797A7B7C7D7E7FAD
:20E38000808182838485868788898A8B8C8D8E8F909192939495969798999A9B9C9D9E9F8D
:20E3A000A0A1A2A3A4A5A6A7A8A9AAABACADAEAFB0B1B2B3B4B5B6B7B8B9BABBBCBDBEBF6D
:20E3C000C0C1C2C3C4C5C6C7C8C9CACBCCCDCECFD0D1D2D3D4D5D6D7D8D9DADBDCDDDEDF4D
:20E3E000E0E1E2E3E4E5E6E7E8E9EAEBECEDEEEFF0F1F2F3F4F5F6F7F8F9FAFBFCFDFEFF2D
:20E40000000102030405060708090A0B0C0D0E0F101112131415161718191A1B1C1D1E1F0C
:20E42000202122232425262728292A2B2C2D2E2F303132333435363738393A3B3C3D3E3FEC
:20E44000404142434445464748494A4B4C4D4E4F505152535455565758595A5B5C5D5E5FCC
:20E46000606162636465666768696A6B6C6D6E6F707172737475767778797A7B7C7D7E7FAC
:20E48000808182838485868788898A8B8C8D8E8F909192939495969798999A9B9C9D9E9F8C
:20E4A000A0A1A2A3A4A5A6A7A8A9AAABACADAEAFB0B1B2B3B4B5B6B7B8B9BABBBCBDBEBF6C
:20E4C000C0C1C2C3C4C5C6C7C8C9CACBCCCDCECFD0D1D2D3D4D5D6D7D8D9DADBDCDDDEDF4C
:20E4E000E0E1E2E3E4E5E6E7E8E9EAEBECEDEEEFF0F1F2F3F4F5F6F7F8F9FAFBFCFDFEFF2C
:20E50000000102030405060708090A0B0C0D0E0F101112131415161718191A1B1C1D1E1F0B
:20E52000202122232425262728292A2B2C2D2E2F303132333435363738393A3B3C3D3E3FEB
:20E54000404142434445464748494A4B4C4D4E4F505152535455565758595A5B5C5D5E5FCB
:20E56000606162636465666768696A6B6C6D6E6F707172737475767778797A7B7C7D7E7FAB
:20E58000808182838485868788898A8B8C8D8E8F909192939495969798999A9B9C9D9E9F8B
:20E5A000A0A1A2A3A4A5A6A7A8A9AAABACADAEAFB0B1B2B3B4B5B6B7B8B9BABBBCBDBEBF6B
:20E5C000C0C1C2C3C4C5C6C7C8C9CACBCCCDCECFD0D1D2D3D4D5D6D7D8D9DADBDCDDDEDF4B
:20E5E000E0E1E2E3E4E5E6E7E8E9EAEBECEDEEEFF0F1F2F3F4F5F6F7F8F9FAFBFCFDFEFF2B
:20E60000000102030405060708090A0B0C0D0E0F101112131415161718191A1B1C1D1E1F0A
:20E62000202122232425262728292A2B2C2D2E2F303132333435363738393A3B3C3D3E3FEA
:20E64000404142434445464748494A4B4C4D4E4F505152535455565758595A5B5C5D5E5FCA
:20E66000606162636465666768696A6B6C6D6E6F707172737475767778797A7B7C7D7E7FAA
:20E68000808182838485868788898A8B8C8D8E8F909192939495969798999A9B9C9D9E9F8A
:20E6A000A0A1A2A3A4A5A6A7A8A9AAABACADAEAFB0B1B2B3B4B5B6B7B8B9BABBBCBDBEBF6A
:20E6C000C0C1C2C3C4C5C6C7C8C9CACBCCCDCECFD0D1D2D3D4D5D6D7D8D9DADBDCDDDEDF4A
:20E6E000E0E1E2E3E4E5E6E7E8E9EAEBECEDEEEFF0F1F2F3F4F5F6F7F8F9FAFBFCFDFEFF2A
:20E70000000102030405060708090A0B0C0D0E0F101112131415161718191A1B1C1D1E1F09
:20E72000202122232425262728292A2B2C2D2E2F303132333435363738393A3B3C3D3E3FE9
:20E74000404142434445464748494A4B4C4D4E4F505152535455565758595A5B5C5D5E5FC9
:20E76000606162636465666768696A6B6C6D6E6F707172737475767778797A7B7C7D7E7FA9
:20E78000808182838485868788898A8B8C8D8E8F909192939495969798999A9B9C9D9E9F89
:20E7A000A0A1A2A3A4A5A6A7A8A9AAABACADAEAFB0B1B2B3B4B5B6B7B8B9BABBBCBDBEBF69
:20E7C000C0C1C2C3C4C5C6C7C8C9CACBCCCDCECFD0D1D2D3D4D5D6D7D8D9DADBDCDDDEDF49
:20E7E000E0E1E2E3E4E5E6E7E8E9EAEBECEDEEEFF0F1F2F3F4F5F6F7F8F9FAFBFCFDFEFF29
:20E80000000102030405060708090A0B0C0D0E0F101112131415161718191A1B1C1D1E1F08
:20E82000202122232425262728292A2B2C2D2E2F303132333435363738393A3B3C3D3E3FE8
:20E84000404142434445464748494A4B4C4D4E4F505152535455565758595A5B5C5D5E5FC8
:20E86000606162636465666768696A6B6C6D6E6F707172737475767778797A7B7C7D7E7FA8
:20E88000808182838485868788898A8B8C8D8E8F909192939495969798999A9B9C9D9E9F88
:20E8A000A0A1A2A3A4A5A6A7A8A9AAABACADAEAFB0B1B2B3B4B5B6B7B8B9BABBBCBDBEBF68
:20E8C000C0C1C2C3C4C5C6C7C8C9CACBCCCDCECFD0D1D2D3D4D5D6D7D8D9DADBDCDDDEDF48
:20E8E000E0E1E2E3E4E5E6E7E8E9EAEBECEDEEEFF0F1F2F3F4F5F6F7F8F9FAFBFCFDFEFF28
:20E90000000102030405060708090A0B0C0D0E0F101112131415161718191A1B1C1D1E1F07
:20E92000202122232425262728292A2B2C2D2E2F303132333435363738393A3B3C3D3E3FE7
:20E94000404142434445464748494A4B4C4D4E4F505152535455565758595A5B5C5D5E5FC7
:20E96000606162636465666768696A6B6C6D6E6F707172737475767778797A7B7C7D7E7FA7
:20E98000808182838485868788898A8B8C8D8E8F909192939495969798999A9B9C9D9E9F87
:20E9A000A0A1A2A3A4A5A6A7A8A9AAABACADAEAFB0B1B2B3B4B5B6B7B8B9BABBBCBDBEBF67
:20E9C000C0C1C2C3C4C5C6C7C8C9CACBCCCDCECFD0D1D2D3D4D5D6D7D8D9DADBDCDDDEDF47
:20E9E000E0E1E2E3E4E5E6E7E8E9EAEBECEDEEEFF0F1F2F3F4F5F6F7F8F9FAFBFCFDFEFF27
:20EA0000000102030405060708090A0B0C0D0E0F101112131415161718191A1B1C1D1E1F06
:20EA2000202122232425262728292A2B2C2D2E2F303132333435363738393A3B3C3D3E3FE6
:20EA4000404142434445464748494A4B4C4D4E4F505152535455565758595A5B5C5D5E5FC6
:20EA6000606162636465666768696A6B6C6D6E6F707172737475767778797A7B7C7D7E7FA6
:20EA8000808182838485868788898A8B8C8D8E8F909192939495969798999A9B9C9D9E9F86
:20EAA000A0A1A2A3A4A5A6A7A8A9AAABACADAEAFB0B1B2B3B4B5B6B7B8B9BABBBCBDBEBF66
:20EAC000C0C1C2C3C4C5C6C7C8C9CACBCCCDCECFD0D1D2D3D4D5D6D7D8D9DADBDCDDDEDF46
:20EAE000E0E1E2E3E4E5E6E7E8E9EAEBECEDEEEFF0F1F2F3F4F5F6F7F8F9FAFBFCFDFEFF26
:20EB0000000102030405060708090A0B0C0D0E0F101112131415161718191A1B1C1D1E1F05
:20EB2000202122232425262728292A2B2C2D2E2F303132333435363738393A3B3C3D3E3FE5
:20EB4000404142434445464748494A4B4C4D4E4F505152535455565758595A5B5C5D5E5FC5
:20EB6000606162636465666768696A6B6C6D6E6F707172737475767778797A7B7C7D7E7FA5
:20EB8000808182838485868788898A8B8C8D8E8F909192939495969798999A9B9C9D9E9F85
:20EBA000A0A1A2A3A4A5A6A7A8A9AAABACADAEAFB0B1B2B3B4B5B6B7B8B9BABBBCBDBEBF65
:20EBC000C0C1C2C3C4C5C6C7C8C9CACBCCCDCECFD0D1D2D3D4D5D6D7D8D9DADBDCDDDEDF45
:20EBE000E0E1E2E3E4E5E6E7E8E9EAEBECEDEEEFF0F1F2F3F4F5F6F7F8F9FAFBFCFDFEFF25
:20EC0000000102030405060708090A0B0C0D0E0F101112131415161718191A1B1C1D1E1F04
:20EC2000202122232425262728292A2B2C2D2E2F303132333435363738393A3B3C3D3E3FE4
:20EC4000404142434445464748494A4B4C4D4E4F505152535455565758595A5B5C5D5E5FC4
:20EC6000606162636465666768696A6B6C6D6E6F707172737475767778797A7B7C7D7E7FA4
:20EC8000808182838485868788898A8B8C8D8E8F909192939495969798999A9B9C9D9E9F84
:20ECA000A0A1A2A3A4A5A6A7A8A9AAABACADAEAFB0B1B2B3B4B5B6B7B8B9BABBBCBDBEBF64
:20ECC000C0C1C2C3C4C5C6C7C8C9CACBCCCDCECFD0D1D2D3D4D5D6D7D8D9DADBDCDDDEDF44
:20ECE000E0E1E2E3E4E5E6E7E8E9EAEBECEDEEEFF0F1F2F3F4F5F6F7F8F9FAFBFCFDFEFF24
:20ED0000000102030405060708090A0B0C0D0E0F101112131415161718191A1B1C1D1E1F03
:20ED2000202122232425262728292A2B2C2D2E2F303132333435363738393A3B3C3D3E3FE3
:20ED4000404142434445464748494A4B4C4D4E4F505152535455565758595A5B5C5D5E5FC3
:20ED6000606162636465666768696A6B6C6D6E6F707172737475767778797A7B7C7D7E7FA3
:20ED8000808182838485868788898A8B8C8D8E8F909192939495969798999A9B9C9D9E9F83
:20EDA000A0A1A2A3A4A5A6A7A8A9AAABACADAEAFB0B1B2B3B4B5B6B7B8B9BABBBCBDBEBF63
:20EDC000C0C1C2C3C4C5C6C7C8C9CACBCCCDCECFD0D1D2D3D4D5D6D7D8D9DADBDCDDDEDF43
:20EDE000E0E1E2E3E4E5E6E7E8E9EAEBECEDEEEFF0F1F2F3F4F5F6F7F8F9FAFBFCFDFEFF23
:20EE0000000102030405060708090A0B0C0D0E0F101112131415161718191A1B1C1D1E1F02
:20EE2000202122232425262728292A2B2C2D2E2F303132333435363738393A3B3C3D3E3FE2
:20EE4000404142434445464748494A4B4C4D4E4F505152535455565758595A5B5C5D5E5FC2
:20EE6000606162636465666768696A6B6C6D6E6F707172737475767778797A7B7C7D7E7FA2
:20EE8000808182838485868788898A8B8C8D8E8F909192939495969798999A9B9C9D9E9F82
:20EEA000A0A1A2A3A4A5A6A7A8A9AAABACADAEAFB0B1B2B3B4B5B6B7B8B9BABBBCBDBEBF62
:20EEC000C0C1C2C3C4C5C6C7C8C9CACBCCCDCECFD0D1D2D3D4D5D6D7D8D9DADBDCDDDEDF42
:20EEE000E0E1E2E3E4E5E6E7E8E9EAEBECEDEEEFF0F1F2F3F4F5F6F7F8F9FAFBFCFDFEFF22
:20EF0000000102030405060708090A0B0C0D0E0F101112131415161718191A1B1C1D1E1F01
:20EF2000202122232425262728292A2B2C2D2E2F303132333435363738393A3B3C3D3E3FE1
:20EF4000404142434445464748494A4B4C4D4E4F505152535455565758595A5B5C5D5E5FC1
:20EF6000606162636465666768696A6B6C6D6E6F707172737475767778797A7B7C7D7E7FA1
:20EF8000808182838485868788898A8B8C8D8E8F909192939495969798999A9B9C9D9E9F81
:20EFA000A0A1A2A3A4A5A6A7A8A9AAABACADAEAFB0B1B2B3B4B5B6B7B8B9BABBBCBDBEBF61
:20EFC000C0C1C2C3C4C5C6C7C8C9CACBCCCDCECFD0D1D2D3D4D5D6D7D8D9DADBDCDDDEDF41
:20EFE000E0E1E2E3E4E5E6E7E8E9EAEBECEDEEEFF0F1F2F3F4F5F6F7F8F9FAFBFCFDFEFF21
:20F00000000102030405060708090A0B0C0D0E0F101112131415161718191A1B1C1D1E1F00
:20F02000202122232425262728292A2B2C2D2E2F303132333435363738393A3B3C3D3E3FE0
:20F04000404142434445464748494A4B4C4D4E4F505152535455565758595A5B5C5D5E5FC0
:20F06000606162636465666768696A6B6C6D6E6F707172737475767778797A7B7C7D7E7FA0
:20F08000808182838485868788898A8B8C8D8E8F909192939495969798999A9B9C9D9E9F80
:20F0A000A0A1A2A3A4A5A6A7A8A9AAABACADAEAFB0B1B2B3B4B5B6B7B8B9BABBBCBDBEBF60
:20F0C000C0C1C2C3C4C5C6C7C8C9CACBCCCDCECFD0D1D2D3D4D5D6D7D8D9DADBDCDDDEDF40
:20F0E000E0E1E2E3E4E5E6E7E8E9EAEBECEDEEEFF0F1F2F3F4F5F6F7F8F9FAFBFCFDFEFF20
:20F10000000102030405060708090A0B0C0D0E0F101112131415161718191A1B1C1D1E1FFF
:20F12000202122232425262728292A2B2C2D2E2F303132333435363738393A3B3C3D3E3FDF
:20F14000404142434445464748494A4B4C4D4E4F505152535455565758595A5B5C5D5E5FBF
:20F16000606162636465666768696A6B6C6D6E6F707172737475767778797A7B7C7D7E7F9F
:20F18000808182838485868788898A8B8C8D8E8F909192939495969798999A9B9C9D9E9F7F
:20F1A000A0A1A2A3A4A5A6A7A8A9AAABACADAEAFB0B1B2B3B4B5B6B7B8B9BABBBCBDBEBF5F
:20F1C000C0C1C2C3C4C5C6C7C8C9CACBCCCDCECFD0D1D2D3D4D5D6D7D8D9DADBDCDDDEDF3F
:20F1E000E0E1E2E3E4E5E6E7E8E9EAEBECEDEEEFF0F1F2F3F4F5F6F7F8F9FAFBFCFDFEFF1F
:20F20000000102030405060708090A0B0C0D0E0F101112131415161718191A1B1C1D1E1FFE
:20F22000202122232425262728292A2B2C2D2E2F303132333435363738393A3B3C3D3E3FDE
:20F24000404142434445464748494A4B4C4D4E4F505152535455565758595A5B5C5D5E5FBE
:20F26000606162636465666768696A6B6C6D6E6F707172737475767778797A7B7C7D7E7F9E
:20F28000808182838485868788898A8B8C8D8E8F909192939495969798999A9B9C9D9E9F7E
:20F2A000A0A1A2A3A4A5A6A7A8A9AAABACADAEAFB0B1B2B3B4B5B6B7B8B9BABBBCBDBEBF5E
:20F2C000C0C1C2C3C4C5C6C7C8C9CACBCCCDCECFD0D1D2D3D4D5D6D7D8D9DADBDCDDDEDF3E
:20F2E000E0E1E2E3E4E5E6E7E8E9EAEBECEDEEEFF0F1F2F3F4F5F6F7F8F9FAFBFCFDFEFF1E
:20F30000000102030405060708090A0B0C0D0E0F101112131415161718191A1B1C1D1E1FFD
:20F32000202122232425262728292A2B2C2D2E2F303132333435363738393A3B3C3D3E3FDD
:20F34000404142434445464748494A4B4C4D4E4F505152535455565758595A5B5C5D5E5FBD
:20F36000606162636465666768696A6B6C6D6E6F707172737475767778797A7B7C7D7E7F9D
:20F38000808182838485868788898A8B8C8D8E8F909192939495969798999A9B9C9D9E9F7D
:20F3A000A0A1A2A3A4A5A6A7A8A9AAABACADAEAFB0B1B2B3B4B5B6B7B8B9BABBBCBDBEBF5D
:20F3C000C0C1C2C3C4C5C6C7C8C9CACBCCCDCECFD0D1D2D3D4D5D6D7D8D9DADBDCDDDEDF3D
:20F3E000E0E1E2E3E4E5E6E7E8E9EAEBECEDEEEFF0F1F2F3F4F5F6F7F8F9FAFBFCFDFEFF1D
:20F40000000102030405060708090A0B0C0D0E0F101112131415161718191A1B1C1D1E1FFC
:20F42000202122232425262728292A2B2C2D2E2F303132333435363738393A3B3C3D3E3FDC
:20F44000404142434445464748494A4B4C4D4E4F505152535455565758595A5B5C5D5E5FBC
:20F46000606162636465666768696A6B6C6D6E6F707172737475767778797A7B7C7D7E7F9C
:20F48000808182838485868788898A8B8C8D8E8F909192939495969798999A9B9C9D9E9F7C
:20F4A000A0A1A2A3A4A5A6A7A8A9AAABACADAEAFB0B1B2B3B4B5B6B7B8B9BABBBCBDBEBF5C
:20F4C000C0C1C2C3C4C5C6C7C8C9CACBCCCDCECFD0D1D2D3D4D5D6D7D8D9DADBDCDDDEDF3C
:20F4E000E0E1E2E3E4E5E6E7E8E9EAEBECEDEEEFF0F1F2F3F4F5F6F7F8F9FAFBFCFDFEFF1C
:20F50000000102030405060708090A0B0C0D0E0F101112131415161718191A1B1C1D1E1FFB
:20F52000202122232425262728292A2B2C2D2E2F303132333435363738393A3B3C3D3E3FDB
:20F54000404142434445464748494A4B4C4D4E4F505152535455565758595A5B5C5D5E5FBB
:20F56000606162636465666768696A6B6C6D6E6F707172737475767778797A7B7C7D7E7F9B
:20F58000808182838485868788898A8B8C8D8E8F909192939495969798999A9B9C9D9E9F7B
:20F5A000A0A1A2A3A4A5A6A7A8A9AAABACADAEAFB0B1B2B3B4B5B6B7B8B9BABBBCBDBEBF5B
:20F5C000C0C1C2C3C4C5C6C7C8C9CACBCCCDCECFD0D1D2D3D4D5D6D7D8D9DADBDCDDDEDF3B
:20F5E000E0E1E2E3E4E5E6E7E8E9EAEBECEDEEEFF0F1F2F3F4F5F6F7F8F9FAFBFCFDFEFF1B
:20F60000000102030405060708090A0B0C0D0E0F101112131415161718191A1B1C1D1E1FFA
:20F62000202122232425262728292A2B2C2D2E2F303132333435363738393A3B3C3D3E3FDA
:20F64000404142434445464748494A4B4C4D4E4F505152535455565758595A5B5C5D5E5FBA
:20F66000606162636465666768696A6B6C6D6E6F707172737475767778797A7B7C7D7E7F9A
:20F68000808182838485868788898A8B8C8D8E8F909192939495969798999A9B9C9D9E9F7A
:20F6A000A0A1A2A3A4A5A6A7A8A9AAABACADAEAFB0B1B2B3B4B5B6B7B8B9BABBBCBDBEBF5A
:20F6C000C0C1C2C3C4C5C6C7C8C9CACBCCCDCECFD0D1D2D3D4D5D6D7D8D9DADBDCDDDEDF3A
:20F6E000E0E1E2E3E4E5E6E7E8E9EAEBECEDEEEFF0F1F2F3F4F5F6F7F8F9FAFBFCFDFEFF1A
:20F70000000102030405060708090A0B0C0D0E0F101112131415161718191A1B1C1D1E1FF9
:20F72000202122232425262728292A2B2C2D2E2F303132333435363738393A3B3C3D3E3FD9
:20F74000404142434445464748494A4B4C4D4E4F505152535455565758595A5B5C5D5E5FB9
:20F76000606162636465666768696A6B6C6D6E6F707172737475767778797A7B7C7D7E7F99
:20F78000808182838485868788898A8B8C8D8E8F909192939495969798999A9B9C9D9E9F79
:20F7A000A0A1A2A3A4A5A6A7A8A9AAABACADAEAFB0B1B2B3B4B5B6B7B8B9BABBBCBDBEBF59
:20F7C000C0C1C2C3C4C5C6C7C8C9CACBCCCDCECFD0D1D2D3D4D5D6D7D8D9DADBDCDDDEDF39
:20F7E000E0E1E2E3E4E5E6E7E8E9EAEBECEDEEEFF0F1F2F3F4F5F6F7F8F9FAFBFCFDFEFF19
:20F80000000102030405060708090A0B0C0D0E0F101112131415161718191A1B1C1D1E1FF8
:20F82000202122232425262728292A2B2C2D2E2F303132333435363738393A3B3C3D3E3FD8
:20F84000404142434445464748494A4B4C4D4E4F505152535455565758595A5B5C5D5E5FB8
:20F86000606162636465666768696A6B6C6D6E6F707172737475767778797A7B7C7D7E7F98
:20F88000808182838485868788898A8B8C8D8E8F909192939495969798999A9B9C9D9E9F78
:20F8A000A0A1A2A3A4A5A6A7A8A9AAABACADAEAFB0B1B2B3B4B5B6B7B8B9BABBBCBDBEBF58
:20F8C000C0C1C2C3C4C5C6C7C8C9CACBCCCDCECFD0D1D2D3D4D5D6D7D8D9DADBDCDDDEDF38
:20F8E000E0E1E2E3E4E5E6E7E8E9EAEBECEDEEEFF0F1F2F3F4F5F6F7F8F9FAFBFCFDFEFF18
:20F90000000102030405060708090A0B0C0D0E0F101112131415161718191A1B1C1D1E1FF7
:20F92000202122232425262728292A2B2C2D2E2F303132333435363738393A3B3C3D3E3FD7
:20F94000404142434445464748494A4B4C4D4E4F505152535455565758595A5B5C5D5E5FB7
:20F96000606162636465666768696A6B6C6D6E6F707172737475767778797A7B7C7D7E7F97
:20F98000808182838485868788898A8B8C8D8E8F909192939495969798999A9B9C9D9E9F77
:20F9A000A0A1A2A3A4A5A6A7A8A9AAABACADAEAFB0B1B2B3B4B5B6B7B8B9BABBBCBDBEBF57
:20F9C000C0C1C2C3C4C5C6C7C8C9CACBCCCDCECFD0D1D2D3D4D5D6D7D8D9DADBDCDDDEDF37
:20F9E000E0E1E2E3E4E5E6E7E8E9EAEBECEDEEEFF0F1F2F3F4F5F6F7F8F9FAFBFCFDFEFF17
:20FA0000000102030405060708090A0B0C0D0E0F101112131415161718191A1B1C1D1E1FF6
:20FA2000202122232425262728292A2B2C2D2E2F303132333435363738393A3B3C3D3E3FD6
:20FA4000404142434445464748494A4B4C4D4E4F505152535455565758595A5B5C5D5E5FB6
:20FA6000606162636465666768696A6B6C6D6E6F707172737475767778797A7B7C7D7E7F96
:20FA8000808182838485868788898A8B8C8D8E8F909192939495969798999A9B9C9D9E9F76
:20FAA000A0A1A2A3A4A5A6A7A8A9AAABACADAEAFB0B1B2B3B4B5B6B7B8B9BABBBCBDBEBF56
:20FAC000C0C1C2C3C4C5C6C7C8C9CACBCCCDCECFD0D1D2D3D4D5D6D7D8D9DADBDCDDDEDF36
:20FAE000E0E1E2E3E4E5E6E7E8E9EAEBECEDEEEFF0F1F2F3F4F5F6F7F8F9FAFBFCFDFEFF16
:20FB0000000102030405060708090A0B0C0D0E0F101112131415161718191A1B1C1D1E1FF5
:20FB2000202122232425262728292A2B2C2D2E2F303132333435363738393A3B3C3D3E3FD5
:20FB4000404142434445464748494A4B4C4D4E4F505152535455565758595A5B5C5D5E5FB5
:20FB6000606162636465666768696A6B6C6D6E6F707172737475767778797A7B7C7D7E7F95
:20FB8000808182838485868788898A8B8C8D8E8F909192939495969798999A9B9C9D9E9F75
:20FBA000A0A1A2A3A4A5A6A7A8A9AAABACADAEAFB0B1B2B3B4B5B6B7B8B9BABBBCBDBEBF55
:20FBC000C0C1C2C3C4C5C6C7C8C9CACBCCCDCECFD0D1D2D3D4D5D6D7D8D9DADBDCDDDEDF35
:20FBE000E0E1E2E3E4E5E6E7E8E9EAEBECEDEEEFF0F1F2F3F4F5F6F7F8F9FAFBFCFDFEFF15
:20FC0000000102030405060708090A0B0C0D0E0F101112131415161718191A1B1C1D1E1FF4
:20FC2000202122232425262728292A2B2C2D2E2F303132333435363738393A3B3C3D3E3FD4
:20FC4000404142434445464748494A4B4C4D4E4F505152535455565758595A5B5C5D5E5FB4
:20FC6000606162636465666768696A6B6C6D6E6F707172737475767778797A7B7C7D7E7F94
:20FC8000808182838485868788898A8B8C8D8E8F909192939495969798999A9B9C9D9E9F74
:20FCA000A0A1A2A3A4A5A6A7A8A9AAABACADAEAFB0B1B2B3B4B5B6B7B8B9BABBBCBDBEBF54
:20FCC000C0C1C2C3C4C5C6C7C8C9CACBCCCDCECFD0D1D2D3D4D5D6D7D8D9DADBDCDDDEDF34
:20FCE000E0E1E2E3E4E5E6E7E8E9EAEBECEDEEEFF0F1F2F3F4F5F6F7F8F9FAFBFCFDFEFF14
:20FD0000000102030405060708090A0B0C0D0E0F101112131415161718191A1B1C1D1E1FF3
:20FD2000202122232425262728292A2B2C2D2E2F303132333435363738393A3B3C3D3E3FD3
:20FD4000404142434445464748494A4B4C4D4E4F505152535455565758595A5B5C5D5E5FB3
:20FD6000606162636465666768696A6B6C6D6E6F707172737475767778797A7B7C7D7E7F93
:20FD8000808182838485868788898A8B8C8D8E8F909192939495969798999A9B9C9D9E9F73
:20FDA000A0A1A2A3A4A5A6A7A8A9AAABACADAEAFB0B1B2B3B4B5B6B7B8B9BABBBCBDBEBF53
:20FDC000C0C1C2C3C4C5C6C7C8C9CACBCCCDCECFD0D1D2D3D4D5D6D7D8D9DADBDCDDDEDF33
:20FDE000E0E1E2E3E4E5E6E7E8E9EAEBECEDEEEFF0F1F2F3F4F5F6F7F8F9FAFBFCFDFEFF13
:20FE0000000102030405060708090A0B0C0D0E0F101112131415161718191A1B1C1D1E1FF2
:20FE2000202122232425262728292A2B2C2D2E2F303132333435363738393A3B3C3D3E3FD2
:20FE4000404142434445464748494A4B4C4D4E4F505152535455565758595A5B5C5D5E5FB2
:20FE6000606162636465666768696A6B6C6D6E6F707172737475767778797A7B7C7D7E7F92
:20FE8000808182838485868788898A8B8C8D8E8F909192939495969798999A9B9C9D9E9F72
:20FEA000A0A1A2A3A4A5A6A7A8A9AAABACADAEAFB0B1B2B3B4B5B6B7B8B9BABBBCBDBEBF52
:20FEC000C0C1C2C3C4C5C6C7C8C9CACBCCCDCECFD0D1D2D3D4D5D6D7D8D9DADBDCDDDEDF32
:20FEE000E0E1E2E3E4E5E6E7E8E9EAEBECEDEEEFF0F1F2F3F4F5F6F7F8F9FAFBFCFDFEFF12
:20FF0000000102030405060708090A0B0C0D0E0F101112131415161718191A1B1C1D1E1FF1
:20FF2000202122232425262728292A2B2C2D2E2F303132333435363738393A3B3C3D3E3FD1
:20FF4000404142434445464748494A4B4C4D4E4F505152535455565758595A5B5C5D5E5FB1
:20FF6000606162636465666768696A6B6C6D6E6F707172737475767778797A7B7C7D7E7F91
:20FF8000808182838485868788898A8B8C8D8E8F909192939495969798999A9B9C9D9E9F71
:20FFA000A0A1A2A3A4A5A6A7A8A9AAABACADAEAFB0B1B2B3B4B5B6B7B8B9BABBBCBDBEBF51
:20FFC000C0C1C2C3C4C5C6C7C8C9CACBCCCDCECFD0D1D2D3D4D5D6D7D8D9DADBDCDDDEDF31
:20FFE000E0E1E2E3E4E5E6E7E8E9EAEBECEDEEEFF0F1F2F3F4F5F6F7F8F9FAFBFCFDFEFF11
:020000040001F9
:20000000000102030405060708090A0B0C0D0E0F101112131415161718191A1B1C1D1E1FF0
:20002000202122232425262728292A2B2C2D2E2F303132333435363738393A3B3C3D3E3FD0
:20004000404142434445464748494A4B4C4D4E4F505152535455565758595A5B5C5D5E5FB0
:20006000606162636465666768696A6B6C6D6E6F707172737475767778797A7B7C7D7E7F90
:20008000808182838485868788898A8B8C8D8E8F909192939495969798999A9B9C9D9E9F70
:2000A000A0A1A2A3A4A5A6A7A8A9AAABACADAEAFB0B1B2B3B4B5B6B7B8B9BABBBCBDBEBF50
:2000C000C0C1C2C3C4C5C6C7C8C9CACBCCCDCECFD0D1D2D3D4D5D6D7D8D9DADBDCDDDEDF30
:2000E000E0E1E2E3E4E5E6E7E8E9EAEBECEDEEEFF0F1F2F3F4F5F6F7F8F9FAFBFCFDFEFF10
:20010000000102030405060708090A0B0C0D0E0F101112131415161718191A1B1C1D1E1FEF
:20012000202122232425262728292A2B2C2D2E2F303132333435363738393A3B3C3D3E3FCF
:20014000404142434445464748494A4B4C4D4E4F505152535455565758595A5B5C5D5E5FAF
:20016000606162636465666768696A6B6C6D6E6F707172737475767778797A7B7C7D7E7F8F
:20018000808182838485868788898A8B8C8D8E8F909192939495969798999A9B9C9D9E9F6F
:2001A000A0A1A2A3A4A5A6A7A8A9AAABACADAEAFB0B1B2B3B4B5B6B7B8B9BABBBCBDBEBF4F
:2001C000C0C1C2C3C4C5C6C7C8C9CACBCCCDCECFD0D1D2D3D4D5D6D7D8D9DADBDCDDDEDF2F
:2001E000E0E1E2E3E4E5E6E7E8E9EAEBECEDEEEFF0F1F2F3F4F5F6F7F8F9FAFBFCFDFEFF0F
:20020000000102030405060708090A0B0C0D0E0F101112131415161718191A1B1C1D1E1FEE
:20022000202122232425262728292A2B2C2D2E2F303132333435363738393A3B3C3D3E3FCE
:20024000404142434445464748494A4B4C4D4E4F505152535455565758595A5B5C5D5E5FAE
:20026000606162636465666768696A6B6C6D6E6F707172737475767778797A7B7C7D7E7F8E
:20028000808182838485868788898A8B8C8D8E8F909192939495969798999A9B9C9D9E9F6E
:2002A000A0A1A2A3A4A5A6A7A8A9AAABACADAEAFB0B1B2B3B4B5B6B7B8B9BABBBCBDBEBF4E
:2002C000C0C1C2C3C4C5C6C7C8C9CACBCCCDCECFD0D1D2D3D4D5D6D7D8D9DADBDCDDDEDF2E
:2002E000E0E1E2E3E4E5E6E7E8E9EAEBECEDEEEFF0F1F2F3F4F5F6F7F8F9FAFBFCFDFEFF0E
:20030000000102030405060708090A0B0C0D0E0F101112131415161718191A1B1C1D1E1FED
:20032000202122232425262728292A2B2C2D2E2F303132333435363738393A3B3C3D3E3FCD
:20034000404142434445464748494A4B4C4D4E4F505152535455565758595A5B5C5D5E5FAD
:20036000606162636465666768696A6B6C6D6E6F707172737475767778797A7B7C7D7E7F8D
:20038000808182838485868788898A8B8C8D8E8F909192939495969798999A9B9C9D9E9F6D
:2003A000A0A1A2A3A4A5A6A7A8A9AAABACADAEAFB0B1B2B3B4B5B6B7B8B9BABBBCBDBEBF4D
:2003C000C0C1C2C3C4C5C6C7C8C9CACBCCCDCECFD0D1D2D3D4D5D6D7D8D9DADBDCDDDEDF2D
:2003E000E0E1E2E3E4E5E6E7E8E9EAEBECEDEEEFF0F1F2F3F4F5F6F7F8F9FAFBFCFDFEFF0D
:20040000000102030405060708090A0B0C0D0E0F101112131415161718191A1B1C1D1E1FEC
:20042000202122232425262728292A2B2C2D2E2F303132333435363738393A3B3C3D3E3FCC
:20044000404142434445464748494A4B4C4D4E4F505152535455565758595A5B5C5D5E5FAC
:20046000606162636465666768696A6B6C6D6E6F707172737475767778797A7B7C7D7E7F8C
:20048000808182838485868788898A8B8C8D8E8F909192939495969798999A9B9C9D9E9F6C
:2004A000A0A1A2A3A4A5A6A7A8A9AAABACADAEAFB0B1B2B3B4B5B6B7B8B9BABBBCBDBEBF4C
:2004C000C0C1C2C3C4C5C6C7C8C9CACBCCCDCECFD0D1D2D3D4D5D6D7D8D9DADBDCDDDEDF2C
:2004E000E0E1E2E3E4E5E6E7E8E9EAEBECEDEEEFF0F1F2F3F4F5F6F7F8F9FAFBFCFDFEFF0C
:20050000000102030405060708090A0B0C0D0E0F101112131415161718191A1B1C1D1E1FEB
:20052000202122232425262728292A2B2C2D2E2F303132333435363738393A3B3C3D3E3FCB
:20054000404142434445464748494A4B4C4D4E4F505152535455565758595A5B5C5D5E5FAB
:20056000606162636465666768696A6B6C6D6E6F707172737475767778797A7B7C7D7E7F8B
:20058000808182838485868788898A8B8C8D8E8F909192939495969798999A9B9C9D9E9F6B
:2005A000A0A1A2A3A4A5A6A7A8A9AAABACADAEAFB0B1B2B3B4B5B6B7B8B9BABBBCBDBEBF4B
:2005C000C0C1C2C3C4C5C6C7C8C9CACBCCCDCECFD0D1D2D3D4D5D6D7D8D9DADBDCDDDEDF2B
:2005E000E0E1E2E3E4E5E6E7E8E9EAEBECEDEEEFF0F1F2F3F4F5F6F7F8F9FAFBFCFDFEFF0B
:20060000000102030405060708090A0B0C0D0E0F101112131415161718191A1B1C1D1E1FEA
:20062000202122232425262728292A2B2C2D2E2F303132333435363738393A3B3C3D3E3FCA
:20064000404142434445464748494A4B4C4D4E4F505152535455565758595A5B5C5D5E5FAA
:20066000606162636465666768696A6B6C6D6E6F707172737475767778797A7B7C7D7E7F8A
:20068000808182838485868788898A8B8C8D8E8F909192939495969798999A9B9C9D9E9F6A
:2006A000A0A1A2A3A4A5A6A7A8A9AAABACADAEAFB0B1B2B3B4B5B6B7B8B9BABBBCBDBEBF4A
:2006C000C0C1C2C3C4C5C6C7C8C9CACBCCCDCECFD0D1D2D3D4D5D6D7D8D9DADBDCDDDEDF2A
:2006E000E0E1E2E3E4E5E6E7E8E9EAEBECEDEEEFF0F1F2F3F4F5F6F7F8F9FAFBFCFDFEFF0A
:20070000000102030405060708090A0B0C0D0E0F101112131415161718191A1B1C1D1E1FE9
:20072000202122232425262728292A2B2C2D2E2F303132333435363738393A3B3C3D3E3FC9
:20074000404142434445464748494A4B4C4D4E4F505152535455565758595A5B5C5D5E5FA9
:20076000606162636465666768696A6B6C6D6E6F707172737475767778797A7B7C7D7E7F89
:20078000808182838485868788898A8B8C8D8E8F909192939495969798999A9B9C9D9E9F69
:2007A000A0A1A2A3A4A5A6A7A8A9AAABACADAEAFB0B1B2B3B4B5B6B7B8B9BABBBCBDBEBF49
:2007C000C0C1C2C3C4C5C6C7C8C9CACBCCCDCECFD0D1D2D3D4D5D6D7D8D9DADBDCDDDEDF29
:2007E000E0E1E2E3E4E5E6E7E8E9EAEBECEDEEEFF0F1F2F3F4F5F6F7F8F9FAFBFCFDFEFF09
:20080000000102030405060708090A0B0C0D0E0F101112131415161718191A1B1C1D1E1FE8
:20082000202122232425262728292A2B2C2D2E2F303132333435363738393A3B3C3D3E3FC8
:20084000404142434445464748494A4B4C4D4E4F505152535455565758595A5B5C5D5E5FA8
:20086000606162636465666768696A6B6C6D6E6F707172737475767778797A7B7C7D7E7F88
:20088000808182838485868788898A8B8C8D8E8F909192939495969798999A9B9C9D9E9F68
:2008A000A0A1A2A3A4A5A6A7A8A9AAABACADAEAFB0B1B2B3B4B5B6B7B8B9BABBBCBDBEBF48
:2008C000C0C1C2C3C4C5C6C7C8C9CACBCCCDCECFD0D1D2D3D4D5D6D7D8D9DADBDCDDDEDF28
:2008E000E0E1E2E3E4E5E6E7E8E9EAEBECEDEEEFF0F1F2F3F4F5F6F7F8F9FAFBFCFDFEFF08
:20090000000102030405060708090A0B0C0D0E0F101112131415161718191A1B1C1D1E1FE7
:20092000202122232425262728292A2B2C2D2E2F303132333435363738393A3B3C3D3E3FC7
:20094000404142434445464748494A4B4C4D4E4F505152535455565758595A5B5C5D5E5FA7
:20096000606162636465666768696A6B6C6D6E6F707172737475767778797A7B7C7D7E7F87
:20098000808182838485868788898A8B8C8D8E8F909192939495969798999A9B9C9D9E9F67
:2009A000A0A1A2A3A4A5A6A7A8A9AAABACADAEAFB0B1B2B3B4B5B6B7B8B9BABBBCBDBEBF47
:2009C000C0C1C2C3C4C5C6C7C8C9CACBCCCDCECFD0D1D2D3D4D5D6D7D8D9DADBDCDDDEDF27
:2009E000E0E1E2E3E4E5E6E7E8E9EAEBECEDEEEFF0F1F2F3F4F5F6F7F8F9FAFBFCFDFEFF07
:200A0000000102030405060708090A0B0C0D0E0F101112131415161718191A1B1C1D1E1FE6
:200A2000202122232425262728292A2B2C2D2E2F303132333435363738393A3B3C3D3E3FC6
:200A4000404142434445464748494A4B4C4D4E4F505152535455565758595A5B5C5D5E5FA6
:200A6000606162636465666768696A6B6C6D6E6F707172737475767778797A7B7C7D7E7F86
:200A8000808182838485868788898A8B8C8D8E8F909192939495969798999A9B9C9D9E9F66
:200AA000A0A1A2A3A4A5A6A7A8A9AAABACADAEAFB0B1B2B3B4B5B6B7B8B9BABBBCBDBEBF46
:200AC000C0C1C2C3C4C5C6C7C8C9CACBCCCDCECFD0D1D2D3D4D5D6D7D8D9DADBDCDDDEDF26
:200AE000E0E1E2E3E4E5E6E7E8E9EAEBECEDEEEFF0F1F2F3F4F5F6F7F8F9FAFBFCFDFEFF06
:200B0000000102030405060708090A0B0C0D0E0F101112131415161718191A1B1C1D1E1FE5
:200B2000202122232425262728292A2B2C2D2E2F303132333435363738393A3B3C3D3E3FC5
:200B4000404142434445464748494A4B4C4D4E4F505152535455565758595A5B5C5D5E5FA5
:200B6000606162636465666768696A6B6C6D6E6F707172737475767778797A7B7C7D7E7F85
:200B8000808182838485868788898A8B8C8D8E8F909192939495969798999A9B9C9D9E9F65
:200BA000A0A1A2A3A4A5A6A7A8A9AAABACADAEAFB0B1B2B3B4B5B6B7B8B9BABBBCBDBEBF45
:200BC000C0C1C2C3C4C5C6C7C8C9CACBCCCDCECFD0D1D2D3D4D5D6D7D8D9DADBDCDDDEDF25
:200BE000E0E1E2E3E4E5E6E7E8E9EAEBECEDEEEFF0F1F2F3F4F5F6F7F8F9FAFBFCFDFEFF05
:200C0000000102030405060708090A0B0C0D0E0F101112131415161718191A1B1C1D1E1FE4
:200C2000202122232425262728292A2B2C2D2E2F303132333435363738393A3B3C3D3E3FC4
:200C4000404142434445464748494A4B4C4D4E4F505152535455565758595A5B5C5D5E5FA4
:200C6000606162636465666768696A6B6C6D6E6F707172737475767778797A7B7C7D7E7F84
:200C8000808182838485868788898A8B8C8D8E8F909192939495969798999A9B9C9D9E9F64
:200CA000A0A1A2A3A4A5A6A7A8A9AAABACADAEAFB0B1B2B3B4B5B6B7B8B9BABBBCBDBEBF44
:200CC000C0C1C2C3C4C5C6C7C8C9CACBCCCDCECFD0D1D2D3D4D5D6D7D8D9DADBDCDDDEDF24
:200CE000E0E1E2E3E4E5E6E7E8E9EAEBECEDEEEFF0F1F2F3F4F5F6F7F8F9FAFBFCFDFEFF04
:200D0000000102030405060708090A0B0C0D0E0F101112131415161718191A1B1C1D1E1FE3
:200D2000202122232425262728292A2B2C2D2E2F303132333435363738393A3B3C3D3E3FC3
:200D4000404142434445464748494A4B4C4D4E4F505152535455565758595A5B5C5D5E5FA3
:200D6000606162636465666768696A6B6C6D6E6F707172737475767778797A7B7C7D7E7F83
:200D8000808182838485868788898A8B8C8D8E8F909192939495969798999A9B9C9D9E9F63
:200DA000A0A1A2A3A4A5A6A7A8A9AAABACADAEAFB0B1B2B3B4B5B6B7B8B9BABBBCBDBEBF43
:200DC000C0C1C2C3C4C5C6C7C8C9CACBCCCDCECFD0D1D2D3D4D5D6D7D8D9DADBDCDDDEDF23
:200DE000E0E1E2E3E4E5E6E7E8E9EAEBECEDEEEFF0F1F2F3F4F5F6F7F8F9FAFBFCFDFEFF03
:200E0000000102030405060708090A0B0C0D0E0F101112131415161718191A1B1C1D1E1FE2
:200E2000202122232425262728292A2B2C2D2E2F303132333435363738393A3B3C3D3E3FC2
:200E4000404142434445464748494A4B4C4D4E4F505152535455565758595A5B5C5D5E5FA2
:200E6000606162636465666768696A6B6C6D6E6F707172737475767778797A7B7C7D7E7F82
:200E8000808182838485868788898A8B8C8D8E8F909192939495969798999A9B9C9D9E9F62
:200EA000A0A1A2A3A4A5A6A7A8A9AAABACADAEAFB0B1B2B3B4B5B6B7B8B9BABBBCBDBEBF42
:200EC000C0C1C2C3C4C5C6C7C8C9CACBCCCDCECFD0D1D2D3D4D5D6D7D8D9DADBDCDDDEDF22
:200EE000E0E1E2E3E4E5E6E7E8E9EAEBECEDEEEFF0F1F2F3F4F5F6F7F8F9FAFBFCFDFEFF02
:200F0000000102030405060708090A0B0C0D0E0F101112131415161718191A1B1C1D1E1FE1
:200F2000202122232425262728292A2B2C2D2E2F303132333435363738393A3B3C3D3E3FC1
:200F4000404142434445464748494A4B4C4D4E4F505152535455565758595A5B5C5D5E5FA1
:200F6000606162636465666768696A6B6C6D6E6F707172737475767778797A7B7C7D7E7F81
:200F8000808182838485868788898A8B8C8D8E8F909192939495969798999A9B9C9D9E9F61
:200FA000A0A1A2A3A4A5A6A7A8A9AAABACADAEAFB0B1B2B3B4B5B6B7B8B9BABBBCBDBEBF41
:200FC000C0C1C2C3C4C5C6C7C8C9CACBCCCDCECFD0D1D2D3D4D5D6D7D8D9DADBDCDDDEDF21
:200FE000E0E1E2E3E4E5E6E7E8E9EAEBECEDEEEFF0F1F2F3F4F5F6F7F8F9FAFBFCFDFEFF01
:20100000000102030405060708090A0B0C0D0E0F101112131415161718191A1B1C1D1E1FE0
:20102000202122232425262728292A2B2C2D2E2F303132333435363738393A3B3C3D3E3FC0
:20104000404142434445464748494A4B4C4D4E4F505152535455565758595A5B5C5D5E5FA0
:20106000606162636465666768696A6B6C6D6E6F707172737475767778797A7B7C7D7E7F80
:20108000808182838485868788898A8B8C8D8E8F909192939495969798999A9B9C9D9E9F60
:2010A000A0A1A2A3A4A5A6A7A8A9AAABACADAEAFB0B1B2B3B4B5B6B7B8B9BABBBCBDBEBF40
:2010C000C0C1C2C3C4C5C6C7C8C9CACBCCCDCECFD0D1D2D3D4D5D6D7D8D9DADBDCDDDEDF20
:2010E000E0E1E2E3E4E5E6E7E8E9EAEBECEDEEEFF0F1F2F3F4F5F6F7F8F9FAFBFCFDFEFF00
:20110000000102030405060708090A0B0C0D0E0F101112131415161718191A1B1C1D1E1FDF
:20112000202122232425262728292A2B2C2D2E2F303132333435363738393A3B3C3D3E3FBF
:20114000404142434445464748494A4B4C4D4E4F505152535455565758595A5B5C5D5E5F9F
:20116000606162636465666768696A6B6C6D6E6F707172737475767778797A7B7C7D7E7F7F
:20118000808182838485868788898A8B8C8D8E8F909192939495969798999A9B9C9D9E9F5F
:2011A000A0A1A2A3A4A5A6A7A8A9AAABACADAEAFB0B1B2B3B4B5B6B7B8B9BABBBCBDBEBF3F
:2011C000C0C1C2C3C4C5C6C7C8C9CACBCCCDCECFD0D1D2D3D4D5D6D7D8D9DADBDCDDDEDF1F
:2011E000E0E1E2E3E4E5E6E7E8E9EAEBECEDEEEFF0F1F2F3F4F5F6F7F8F9FAFBFCFDFEFFFF
:20120000000102030405060708090A0B0C0D0E0F101112131415161718191A1B1C1D1E1FDE
:20122000202122232425262728292A2B2C2D2E2F303132333435363738393A3B3C3D3E3FBE
:20124000404142434445464748494A4B4C4D4E4F505152535455565758595A5B5C5D5E5F9E
:20126000606162636465666768696A6B6C6D6E6F707172737475767778797A7B7C7D7E7F7E
:20128000808182838485868788898A8B8C8D8E8F909192939495969798999A9B9C9D9E9F5E
:2012A000A0A1A2A3A4A5A6A7A8A9AAABACADAEAFB0B1B2B3B4B5B6B7B8B9BABBBCBDBEBF3E
:2012C000C0C1C2C3C4C5C6C7C8C9CACBCCCDCECFD0D1D2D3D4D5D6D7D8D9DADBDCDDDEDF1E
:2012E000E0E1E2E3E4E5E6E7E8E9EAEBECEDEEEFF0F1F2F3F4F5F6F7F8F9FAFBFCFDFEFFFE
:20130000000102030405060708090A0B0C0D0E0F101112131415161718191A1B1C1D1E1FDD
:20132000202122232425262728292A2B2C2D2E2F303132333435363738393A3B3C3D3E3FBD
:20134000404142434445464748494A4B4C4D4E4F505152535455565758595A5B5C5D5E5F9D
:20136000606162636465666768696A6B6C6D6E6F707172737475767778797A7B7C7D7E7F7D
:20138000808182838485868788898A8B8C8D8E8F909192939495969798999A9B9C9D9E9F5D
:2013A000A0A1A2A3A4A5A6A7A8A9AAABACADAEAFB0B1B2B3B4B5B6B7B8B9BABBBCBDBEBF3D
:2013C000C0C1C2C3C4C5C6C7C8C9CACBCCCDCECFD0D1D2D3D4D5D6D7D8D9DADBDCDDDEDF1D
:2013E000E0E1E2E3E4E5E6E7E8E9EAEBECEDEEEFF0F1F2F3F4F5F6F7F8F9FAFBFCFDFEFFFD
:20140000000102030405060708090A0B0C0D0E0F101112131415161718191A1B1C1D1E1FDC
:20142000202122232425262728292A2B2C2D2E2F303132333435363738393A3B3C3D3E3FBC
:20144000404142434445464748494A4B4C4D4E4F505152535455565758595A5B5C5D5E5F9C
:20146000606162636465666768696A6B6C6D6E6F707172737475767778797A7B7C7D7E7F7C
:20148000808182838485868788898A8B8C8D8E8F909192939495969798999A9B9C9D9E9F5C
:2014A000A0A1A2A3A4A5A6A7A8A9AAABACADAEAFB0B1B2B3B4B5B6B7B8B9BABBBCBDBEBF3C
:2014C000C0C1C2C3C4C5C6C7C8C9CACBCCCDCECFD0D1D2D3D4D5D6D7D8D9DADBDCDDDEDF1C
:2014E000E0E1E2E3E4E5E6E7E8E9EAEBECEDEEEFF0F1F2F3F4F5F6F7F8F9FAFBFCFDFEFFFC
:20150000000102030405060708090A0B0C0D0E0F101112131415161718191A1B1C1D1E1FDB
:20152000202122232425262728292A2B2C2D2E2F303132333435363738393A3B3C3D3E3FBB
:20154000404142434445464748494A4B4C4D4E4F505152535455565758595A5B5C5D5E5F9B
:20156000606162636465666768696A6B6C6D6E6F707172737475767778797A7B7C7D7E7F7B
:20158000808182838485868788898A8B8C8D8E8F909192939495969798999A9B9C9D9E9F5B
:2015A000A0A1A2A3A4A5A6A7A8A9AAABACADAEAFB0B1B2B3B4B5B6B7B8B9BABBBCBDBEBF3B
:2015C000C0C1C2C3C4C5C6C7C8C9CACBCCCDCECFD0D1D2D3D4D5D6D7D8D9DADBDCDDDEDF1B
:2015E000E0E1E2E3E4E5E6E7E8E9EAEBECEDEEEFF0F1F2F3F4F5F6F7F8F9FAFBFCFDFEFFFB
:20160000000102030405060708090A0B0C0D0E0F101112131415161718191A1B1C1D1E1FDA
:20162000202122232425262728292A2B2C2D2E2F303132333435363738393A3B3C3D3E3FBA
:20164000404142434445464748494A4B4C4D4E4F505152535455565758595A5B5C5D5E5F9A
:20166000606162636465666768696A6B6C6D6E6F707172737475767778797A7B7C7D7E7F7A
:20168000808182838485868788898A8B8C8D8E8F909192939495969798999A9B9C9D9E9F5A
:2016A000A0A1A2A3A4A5A6A7A8A9AAABACADAEAFB0B1B2B3B4B5B6B7B8B9BABBBCBDBEBF3A
:2016C000C0C1C2C3C4C5C6C7C8C9CACBCCCDCECFD0D1D2D3D4D5D6D7D8D9DADBDCDDDEDF1A
:2016E000E0E1E2E3E4E5E6E7E8E9EAEBECEDEEEFF0F1F2F3F4F5F6F7F8F9FAFBFCFDFEFFFA
:20170000000102030405060708090A0B0C0D0E0F101112131415161718191A1B1C1D1E1FD9
:20172000202122232425262728292A2B2C2D2E2F303132333435363738393A3B3C3D3E3FB9
:20174000404142434445464748494A4B4C4D4E4F505152535455565758595A5B5C5D5E5F99
:20176000606162636465666768696A6B6C6D6E6F707172737475767778797A7B7C7D7E7F79
:20178000808182838485868788898A8B8C8D8E8F909192939495969798999A9B9C9D9E9F59
:2017A000A0A1A2A3A4A5A6A7A8A9AAABACADAEAFB0B1B2B3B4B5B6B7B8B9BABBBCBDBEBF39
:2017C000C0C1C2C3C4C5C6C7C8C9CACBCCCDCECFD0D1D2D3D4D5D6D7D8D9DADBDCDDDEDF19
:2017E000E0E1E2E3E4E5E6E7E8E9EAEBECEDEEEFF0F1F2F3F4F5F6F7F8F9FAFBFCFDFEFFF9
:20180000000102030405060708090A0B0C0D0E0F101112131415161718191A1B1C1D1E1FD8
:20182000202122232425262728292A2B2C2D2E2F303132333435363738393A3B3C3D3E3FB8
:20184000404142434445464748494A4B4C4D4E4F505152535455565758595A5B5C5D5E5F98
:20186000606162636465666768696A6B6C6D6E6F707172737475767778797A7B7C7D7E7F78
:20188000808182838485868788898A8B8C8D8E8F909192939495969798999A9B9C9D9E9F58
:2018A000A0A1A2A3A4A5A6A7A8A9AAABACADAEAFB0B1B2B3B4B5B6B7B8B9BABBBCBDBEBF38
:2018C000C0C1C2C3C4C5C6C7C8C9CACBCCCDCECFD0D1D2D3D4D5D6D7D8D9DADBDCDDDEDF18
:2018E000E0E1E2E3E4E5E6E7E8E9EAEBECEDEEEFF0F1F2F3F4F5F6F7F8F9FAFBFCFDFEFFF8
:20190000000102030405060708090A0B0C0D0E0F101112131415161718191A1B1C1D1E1FD7
:20192000202122232425262728292A2B2C2D2E2F303132333435363738393A3B3C3D3E3FB7
:20194000404142434445464748494A4B4C4D4E4F505152535455565758595A5B5C5D5E5F97
:20196000606162636465666768696A6B6C6D6E6F707172737475767778797A7B7C7D7E7F77
:20198000808182838485868788898A8B8C8D8E8F909192939495969798999A9B9C9D9E9F57
:2019A000A0A1A2A3A4A5A6A7A8A9AAABACADAEAFB0B1B2B3B4B5B6B7B8B9BABBBCBDBEBF37
:2019C000C0C1C2C3C4C5C6C7C8C9CACBCCCDCECFD0D1D2D3D4D5D6D7D8D9DADBDCDDDEDF17
:2019E000E0E1E2E3E4E5E6E7E8E9EAEBECEDEEEFF0F1F2F3F4F5F6F7F8F9FAFBFCFDFEFFF7
:201A0000000102030405060708090A0B0C0D0E0F101112131415161718191A1B1C1D1E1FD6
:201A2000202122232425262728292A2B2C2D2E2F303132333435363738393A3B3C3D3E3FB6
:201A4000404142434445464748494A4B4C4D4E4F505152535455565758595A5B5C5D5E5F96
:201A6000606162636465666768696A6B6C6D6E6F707172737475767778797A7B7C7D7E7F76
:201A8000808182838485868788898A8B8C8D8E8F909192939495969798999A9B9C9D9E9F56
:201AA000A0A1A2A3A4A5A6A7A8A9AAABACADAEAFB0B1B2B3B4B5B6B7B8B9BABBBCBDBEBF36
:201AC000C0C1C2C3C4C5C6C7C8C9CACBCCCDCECFD0D1D2D3D4D5D6D7D8D9DADBDCDDDEDF16
:201AE000E0E1E2E3E4E5E6E7E8E9EAEBECEDEEEFF0F1F2F3F4F5F6F7F8F9FAFBFCFDFEFFF6
:201B0000000102030405060708090A0B0C0D0E0F101112131415161718191A1B1C1D1E1FD5
:201B2000202122232425262728292A2B2C2D2E2F303132333435363738393A3B3C3D3E3FB5
:201B4000404142434445464748494A4B4C4D4E4F505152535455565758595A5B5C5D5E5F95
:201B6000606162636465666768696A6B6C6D6E6F707172737475767778797A7B7C7D7E7F75
:201B8000808182838485868788898A8B8C8D8E8F909192939495969798999A9B9C9D9E9F55
:201BA000A0A1A2A3A4A5A6A7A8A9AAABACADAEAFB0B1B2B3B4B5B6B7B8B9BABBBCBDBEBF35
:201BC000C0C1C2C3C4C5C6C7C8C9CACBCCCDCECFD0D1D2D3D4D5D6D7D8D9DADBDCDDDEDF15
:201BE000E0E1E2E3E4E5E6E7E8E9EAEBECEDEEEFF0F1F2F3F4F5F6F7F8F9FAFBFCFDFEFFF5
:201C0000000102030405060708090A0B0C0D0E0F101112131415161718191A1B1C1D1E1FD4
:201C2000202122232425262728292A2B2C2D2E2F303132333435363738393A3B3C3D3E3FB4
:201C4000404142434445464748494A4B4C4D4E4F505152535455565758595A5B5C5D5E5F94
:201C6000606162636465666768696A6B6C6D6E6F707172737475767778797A7B7C7D7E7F74
:201C8000808182838485868788898A8B8C8D8E8F909192939495969798999A9B9C9D9E9F54
:201CA000A0A1A2A3A4A5A6A7A8A9AAABACADAEAFB0B1B2B3B4B5B6B7B8B9BABBBCBDBEBF34
:201CC000C0C1C2C3C4C5C6C7C8C9CACBCCCDCECFD0D1D2D3D4D5D6D7D8D9DADBDCDDDEDF14
:201CE000E0E1E2E3E4E5E6E7E8E9EAEBECEDEEEFF0F1F2F3F4F5F6F7F8F9FAFBFCFDFEFFF4
:201D0000000102030405060708090A0B0C0D0E0F101112131415161718191A1B1C1D1E1FD3
:201D2000202122232425262728292A2B2C2D2E2F303132333435363738393A3B3C3D3E3FB3
:201D4000404142434445464748494A4B4C4D4E4F505152535455565758595A5B5C5D5E5F93
:201D6000606162636465666768696A6B6C6D6E6F707172737475767778797A7B7C7D7E7F73
:201D8000808182838485868788898A8B8C8D8E8F909192939495969798999A9B9C9D9E9F53
:201DA000A0A1A2A3A4A5A6A7A8A9AAABACADAEAFB0B1B2B3B4B5B6B7B8B9BABBBCBDBEBF33
:201DC000C0C1C2C3C4C5C6C7C8C9CACBCCCDCECFD0D1D2D3D4D5D6D7D8D9DADBDCDDDEDF13
:201DE000E0E1E2E3E4E5E6E7E8E9EAEBECEDEEEFF0F1F2F3F4F5F6F7F8F9FAFBFCFDFEFFF3
:201E0000000102030405060708090A0B0C0D0E0F101112131415161718191A1B1C1D1E1FD2
:201E2000202122232425262728292A2B2C2D2E2F303132333435363738393A3B3C3D3E3FB2
:201E4000404142434445464748494A4B4C4D4E4F505152535455565758595A5B5C5D5E5F92
:201E6000606162636465666768696A6B6C6D6E6F707172737475767778797A7B7C7D7E7F72
:201E8000808182838485868788898A8B8C8D8E8F909192939495969798999A9B9C9D9E9F52
:201EA000A0A1A2A3A4A5A6A7A8A9AAABACADAEAFB0B1B2B3B4B5B6B7B8B9BABBBCBDBEBF32
:201EC000C0C1C2C3C4C5C6C7C8C9CACBCCCDCECFD0D1D2D3D4D5D6D7D8D9DADBDCDDDEDF12
:201EE000E0E1E2E3E4E5E6E7E8E9EAEBECEDEEEFF0F1F2F3F4F5F6F7F8F9FAFBFCFDFEFFF2
:201F0000000102030405060708090A0B0C0D0E0F101112131415161718191A1B1C1D1E1FD1
:201F2000202122232425262728292A2B2C2D2E2F303132333435363738393A3B3C3D3E3FB1
:201F4000404142434445464748494A4B4C4D4E4F505152535455565758595A5B5C5D5E5F91
:201F6000606162636465666768696A6B6C6D6E6F707172737475767778797A7B7C7D7E7F71
:201F8000808182838485868788898A8B8C8D8E8F909192939495969798999A9B9C9D9E9F51
:201FA000A0A1A2A3A4A5A6A7A8A9AAABACADAEAFB0B1B2B3B4B5B6B7B8B9BABBBCBDBEBF31
:201FC000C0C1C2C3C4C5C6C7C8C9CACBCCCDCECFD0D1D2D3D4D5D6D7D8D9DADBDCDDDEDF11
:201FE000E0E1E2E3E4E5E6E7E8E9EAEBECEDEEEFF0F1F2F3F4F5F6F7F8F9FAFBFCFDFEFFF1
:20200000000102030405060708090A0B0C0D0E0F101112131415161718191A1B1C1D1E1FD0
:20202000202122232425262728292A2B2C2D2E2F303132333435363738393A3B3C3D3E3FB0
:20204000404142434445464748494A4B4C4D4E4F505152535455565758595A5B5C5D5E5F90
:20206000606162636465666768696A6B6C6D6E6F707172737475767778797A7B7C7D7E7F70
:20208000808182838485868788898A8B8C8D8E8F909192939495969798999A9B9C9D9E9F50
:2020A000A0A1A2A3A4A5A6A7A8A9AAABACADAEAFB0B1B2B3B4B5B6B7B8B9BABBBCBDBEBF30
:2020C000C0C1C2C3C4C5C6C7C8C9CACBCCCDCECFD0D1D2D3D4D5D6D7D8D9DADBDCDDDEDF10
:2020E000E0E1E2E3E4E5E6E7E8E9EAEBECEDEEEFF0F1F2F3F4F5F6F7F8F9FAFBFCFDFEFFF0
:20210000000102030405060708090A0B0C0D0E0F101112131415161718191A1B1C1D1E1FCF
:20212000202122232425262728292A2B2C2D2E2F303132333435363738393A3B3C3D3E3FAF
:20214000404142434445464748494A4B4C4D4E4F505152535455565758595A5B5C5D5E5F8F
:20216000606162636465666768696A6B6C6D6E6F707172737475767778797A7B7C7D7E7F6F
:20218000808182838485868788898A8B8C8D8E8F909192939495969798999A9B9C9D9E9F4F
:2021A000A0A1A2A3A4A5A6A7A8A9AAABACADAEAFB0B1B2B3B4B5B6B7B8B9BABBBCBDBEBF2F
:2021C000C0C1C2C3C4C5C6C7C8C9CACBCCCDCECFD0D1D2D3D4D5D6D7D8D9DADBDCDDDEDF0F
:2021E000E0E1E2E3E4E5E6E7E8E9EAEBECEDEEEFF0F1F2F3F4F5F6F7F8F9FAFBFCFDFEFFEF
:20220000000102030405060708090A0B0C0D0E0F101112131415161718191A1B1C1D1E1FCE
:20222000202122232425262728292A2B2C2D2E2F303132333435363738393A3B3C3D3E3FAE
:20224000404142434445464748494A4B4C4D4E4F505152535455565758595A5B5C5D5E5F8E
:20226000606162636465666768696A6B6C6D6E6F707172737475767778797A7B7C7D7E7F6E
:20228000808182838485868788898A8B8C8D8E8F909192939495969798999A9B9C9D9E9F4E
:2022A000A0A1A2A3A4A5A6A7A8A9AAABACADAEAFB0B1B2B3B4B5B6B7B8B9BABBBCBDBEBF2E
:2022C000C0C1C2C3C4C5C6C7C8C9CACBCCCDCECFD0D1D2D3D4D5D6D7D8D9DADBDCDDDEDF0E
:2022E000E0E1E2E3E4E5E6E7E8E9EAEBECEDEEEFF0F1F2F3F4F5F6F7F8F9FAFBFCFDFEFFEE
:20230000000102030405060708090A0B0C0D0E0F101112131415161718191A1B1C1D1E1FCD
:20232000202122232425262728292A2B2C2D2E2F303132333435363738393A3B3C3D3E3FAD
:20234000404142434445464748494A4B4C4D4E4F505152535455565758595A5B5C5D5E5F8D
:20236000606162636465666768696A6B6C6D6E6F707172737475767778797A7B7C7D7E7F6D
:20238000808182838485868788898A8B8C8D8E8F909192939495969798999A9B9C9D9E9F4D
:2023A000A0A1A2A3A4A5A6A7A8A9AAABACADAEAFB0B1B2B3B4B5B6B7B8B9BABBBCBDBEBF2D
:2023C000C0C1C2C3C4C5C6C7C8C9CACBCCCDCECFD0D1D2D3D4D5D6D7D8D9DADBDCDDDEDF0D
:2023E000E0E1E2E3E4E5E6E7E8E9EAEBECEDEEEFF0F1F2F3F4F5F6F7F8F9FAFBFCFDFEFFED
:20240000000102030405060708090A0B0C0D0E0F101112131415161718191A1B1C1D1E1FCC
:20242000202122232425262728292A2B2C2D2E2F303132333435363738393A3B3C3D3E3FAC
:20244000404142434445464748494A4B4C4D4E4F505152535455565758595A5B5C5D5E5F8C
:20246000606162636465666768696A6B6C6D6E6F707172737475767778797A7B7C7D7E7F6C
:20248000808182838485868788898A8B8C8D8E8F909192939495969798999A9B9C9D9E9F4C
:2024A000A0A1A2A3A4A5A6A7A8A9AAABACADAEAFB0B1B2B3B4B5B6B7B8B9BABBBCBDBEBF2C
:2024C000C0C1C2C3C4C5C6C7C8C9CACBCCCDCECFD0D1D2D3D4D5D6D7D8D9DADBDCDDDEDF0C
:2024E000E0E1E2E3E4E5E6E7E8E9EAEBECEDEEEFF0F1F2F3F4F5F6F7F8F9FAFBFCFDFEFFEC
:20250000000102030405060708090A0B0C0D0E0F101112131415161718191A1B1C1D1E1FCB
:20252000202122232425262728292A2B2C2D2E2F303132333435363738393A3B3C3D3E3FAB
:20254000404142434445464748494A4B4C4D4E4F505152535455565758595A5B5C5D5E5F8B
:20256000606162636465666768696A6B6C6D6E6F707172737475767778797A7B7C7D7E7F6B
:20258000808182838485868788898A8B8C8D8E8F909192939495969798999A9B9C9D9E9F4B
:2025A000A0A1A2A3A4A5A6A7A8A9AAABACADAEAFB0B1B2B3B4B5B6B7B8B9BABBBCBDBEBF2B
:2025C000C0C1C2C3C4C5C6C7C8C9CACBCCCDCECFD0D1D2D3D4D5D6D7D8D9DADBDCDDDEDF0B
:2025E000E0E1E2E3E4E5E6E7E8E9EAEBECEDEEEFF0F1F2F3F4F5F6F7F8F9FAFBFCFDFEFFEB
:20260000000102030405060708090A0B0C0D0E0F101112131415161718191A1B1C1D1E1FCA
:20262000202122232425262728292A2B2C2D2E2F303132333435363738393A3B3C3D3E3FAA
:20264000404142434445464748494A4B4C4D4E4F505152535455565758595A5B5C5D5E5F8A
:20266000606162636465666768696A6B6C6D6E6F707172737475767778797A7B7C7D7E7F6A
:20268000808182838485868788898A8B8C8D8E8F909192939495969798999A9B9C9D9E9F4A
:2026A000A0A1A2A3A4A5A6A7A8A9AAABACADAEAFB0B1B2B3B4B5B6B7B8B9BABBBCBDBEBF2A
:2026C000C0C1C2C3C4C5C6C7C8C9CACBCCCDCECFD0D1D2D3D4D5D6D7D8D9DADBDCDDDEDF0A
:2026E000E0E1E2E3E4E5E6E7E8E9EAEBECEDEEEFF0F1F2F3F4F5F6F7F8F9FAFBFCFDFEFFEA
:20270000000102030405060708090A0B0C0D0E0F101112131415161718191A1B1C1D1E1FC9
:20272000202122232425262728292A2B2C2D2E2F303132333435363738393A3B3C3D3E3FA9
:20274000404142434445464748494A4B4C4D4E4F505152535455565758595A5B5C5D5E5F89
:20276000606162636465666768696A6B6C6D6E6F707172737475767778797A7B7C7D7E7F69
:20278000808182838485868788898A8B8C8D8E8F909192939495969798999A9B9C9D9E9F49
:2027A000A0A1A2A3A4A5A6A7A8A9AAABACADAEAFB0B1B2B3B4B5B6B7B8B9BABBBCBDBEBF29
:2027C000C0C1C2C3C4C5C6C7C8C9CACBCCCDCECFD0D1D2D3D4D5D6D7D8D9DADBDCDDDEDF09
:2027E000E0E1E2E3E4E5E6E7E8E9EAEBECEDEEEFF0F1F2F3F4F5F6F7F8F9FAFBFCFDFEFFE9
:20280000000102030405060708090A0B0C0D0E0F101112131415161718191A1B1C1D1E1FC8
:20282000202122232425262728292A2B2C2D2E2F303132333435363738393A3B3C3D3E3FA8
:20284000404142434445464748494A4B4C4D4E4F505152535455565758595A5B5C5D5E5F88
:20286000606162636465666768696A6B6C6D6E6F707172737475767778797A7B7C7D7E7F68
:20288000808182838485868788898A8B8C8D8E8F909192939495969798999A9B9C9D9E9F48
:2028A000A0A1A2A3A4A5A6A7A8A9AAABACADAEAFB0B1B2B3B4B5B6B7B8B9BABBBCBDBEBF28
:2028C000C0C1C2C3C4C5C6C7C8C9CACBCCCDCECFD0D1D2D3D4D5D6D7D8D9DADBDCDDDEDF08
:2028E000E0E1E2E3E4E5E6E7E8E9EAEBECEDEEEFF0F1F2F3F4F5F6F7F8F9FAFBFCFDFEFFE8
:20290000000102030405060708090A0B0C0D0E0F101112131415161718191A1B1C1D1E1FC7
:20292000202122232425262728292A2B2C2D2E2F303132333435363738393A3B3C3D3E3FA7
:20294000404142434445464748494A4B4C4D4E4F505152535455565758595A5B5C5D5E5F87
:20296000606162636465666768696A6B6C6D6E6F707172737475767778797A7B7C7D7E7F67
:20298000808182838485868788898A8B8C8D8E8F909192939495969798999A9B9C9D9E9F47
:2029A000A0A1A2A3A4A5A6A7A8A9AAABACADAEAFB0B1B2B3B4B5B6B7B8B9BABBBCBDBEBF27
:2029C000C0C1C2C3C4C5C6C7C8C9CACBCCCDCECFD0D1D2D3D4D5D6D7D8D9DADBDCDDDEDF07
:2029E000E0E1E2E3E4E5E6E7E8E9EAEBECEDEEEFF0F1F2F3F4F5F6F7F8F9FAFBFCFDFEFFE7
:202A0000000102030405060708090A0B0C0D0E0F101112131415161718191A1B1C1D1E1FC6
:202A2000202122232425262728292A2B2C2D2E2F303132333435363738393A3B3C3D3E3FA6
:202A4000404142434445464748494A4B4C4D4E4F505152535455565758595A5B5C5D5E5F86
:202A6000606162636465666768696A6B6C6D6E6F707172737475767778797A7B7C7D7E7F66
:202A8000808182838485868788898A8B8C8D8E8F909192939495969798999A9B9C9D9E9F46
:202AA000A0A1A2A3A4A5A6A7A8A9AAABACADAEAFB0B1B2B3B4B5B6B7B8B9BABBBCBDBEBF26
:202AC000C0C1C2C3C4C5C6C7C8C9CACBCCCDCECFD0D1D2D3D4D5D6D7D8D9DADBDCDDDEDF06
:202AE000E0E1E2E3E4E5E6E7E8E9EAEBECEDEEEFF0F1F2F3F4F5F6F7F8F9FAFBFCFDFEFFE6
:202B0000000102030405060708090A0B0C0D0E0F101112131415161718191A1B1C1D1E1FC5
:202B2000202122232425262728292A2B2C2D2E2F303132333435363738393A3B3C3D3E3FA5
:202B4000404142434445464748494A4B4C4D4E4F505152535455565758595A5B5C5D5E5F85
:202B6000606162636465666768696A6B6C6D6E6F707172737475767778797A7B7C7D7E7F65
:202B8000808182838485868788898A8B8C8D8E8F909192939495969798999A9B9C9D9E9F45
:202BA000A0A1A2A3A4A5A6A7A8A9AAABACADAEAFB0B1B2B3B4B5B6B7B8B9BABBBCBDBEBF25
:202BC000C0C1C2C3C4C5C6C7C8C9CACBCCCDCECFD0D1D2D3D4D5D6D7D8D9DADBDCDDDEDF05
:202BE000E0E1E2E3E4E5E6E7E8E9EAEBECEDEEEFF0F1F2F3F4F5F6F7F8F9FAFBFCFDFEFFE5
:202C0000000102030405060708090A0B0C0D0E0F101112131415161718191A1B1C1D1E1FC4
:202C2000202122232425262728292A2B2C2D2E2F303132333435363738393A3B3C3D3E3FA4
:202C4000404142434445464748494A4B4C4D4E4F505152535455565758595A5B5C5D5E5F84
:202C6000606162636465666768696A6B6C6D6E6F707172737475767778797A7B7C7D7E7F64
:202C8000808182838485868788898A8B8C8D8E8F909192939495969798999A9B9C9D9E9F44
:202CA000A0A1A2A3A4A5A6A7A8A9AAABACADAEAFB0B1B2B3B4B5B6B7B8B9BABBBCBDBEBF24
:202CC000C0C1C2C3C4C5C6C7C8C9CACBCCCDCECFD0D1D2D3D4D5D6D7D8D9DADBDCDDDEDF04
:202CE000E0E1E2E3E4E5E6E7E8E9EAEBECEDEEEFF0F1F2F3F4F5F6F7F8F9FAFBFCFDFEFFE4
:202D0000000102030405060708090A0B0C0D0E0F101112131415161718191A1B1C1D1E1FC3
:202D2000202122232425262728292A2B2C2D2E2F303132333435363738393A3B3C3D3E3FA3
:202D4000404142434445464748494A4B4C4D4E4F505152535455565758595A5B5C5D5E5F83
:202D6000606162636465666768696A6B6C6D6E6F707172737475767778797A7B7C7D7E7F63
:202D8000808182838485868788898A8B8C8D8E8F909192939495969798999A9B9C9D9E9F43
:202DA000A0A1A2A3A4A5A6A7A8A9AAABACADAEAFB0B1B2B3B4B5B6B7B8B9BABBBCBDBEBF23
:202DC000C0C1C2C3C4C5C6C7C8C9CACBCCCDCECFD0D1D2D3D4D5D6D7D8D9DADBDCDDDEDF03
:202DE000E0E1E2E3E4E5E6E7E8E9EAEBECEDEEEFF0F1F2F3F4F5F6F7F8F9FAFBFCFDFEFFE3
:202E0000000102030405060708090A0B0C0D0E0F101112131415161718191A1B1C1D1E1FC2
:202E2000202122232425262728292A2B2C2D2E2F303132333435363738393A3B3C3D3E3FA2
:202E4000404142434445464748494A4B4C4D4E4F505152535455565758595A5B5C5D5E5F82
:202E6000606162636465666768696A6B6C6D6E6F707172737475767778797A7B7C7D7E7F62
:202E8000808182838485868788898A8B8C8D8E8F909192939495969798999A9B9C9D9E9F42
:202EA000A0A1A2A3A4A5A6A7A8A9AAABACADAEAFB0B1B2B3B4B5B6B7B8B9BABBBCBDBEBF22
:202EC000C0C1C2C3C4C5C6C7C8C9CACBCCCDCECFD0D1D2D3D4D5D6D7D8D9DADBDCDDDEDF02
:202EE000E0E1E2E3E4E5E6E7E8E9EAEBECEDEEEFF0F1F2F3F4F5F6F7F8F9FAFBFCFDFEFFE2
:202F0000000102030405060708090A0B0C0D0E0F101112131415161718191A1B1C1D1E1FC1
:202F2000202122232425262728292A2B2C2D2E2F303132333435363738393A3B3C3D3E3FA1
:202F4000404142434445464748494A4B4C4D4E4F505152535455565758595A5B5C5D5E5F81
:202F6000606162636465666768696A6B6C6D6E6F707172737475767778797A7B7C7D7E7F61
:202F8000808182838485868788898A8B8C8D8E8F909192939495969798999A9B9C9D9E9F41
:202FA000A0A1A2A3A4A5A6A7A8A9AAABACADAEAFB0B1B2B3B4B5B6B7B8B9BABBBCBDBEBF21
:202FC000C0C1C2C3C4C5C6C7C8C9CACBCCCDCECFD0D1D2D3D4D5D6D7D8D9DADBDCDDDEDF01
:202FE000E0E1E2E3E4E5E6E7E8E9EAEBECEDEEEFF0F1F2F3F4F5F6F7F8F9FAFBFCFDFEFFE1
:20300000000102030405060708090A0B0C0D0E0F101112131415161718191A1B1C1D1E1FC0
:20302000202122232425262728292A2B2C2D2E2F303132333435363738393A3B3C3D3E3FA0
:20304000404142434445464748494A4B4C4D4E4F505152535455565758595A5B5C5D5E5F80
:20306000606162636465666768696A6B6C6D6E6F707172737475767778797A7B7C7D7E7F60
:20308000808182838485868788898A8B8C8D8E8F909192939495969798999A9B9C9D9E9F40
:2030A000A0A1A2A3A4A5A6A7A8A9AAABACADAEAFB0B1B2B3B4B5B6B7B8B9BABBBCBDBEBF20
:2030C000C0C1C2C3C4C5C6C7C8C9CACBCCCDCECFD0D1D2D3D4D5D6D7D8D9DADBDCDDDEDF00
:2030E000E0E1E2E3E4E5E6E7E8E9EAEBECEDEEEFF0F1F2F3F4F5F6F7F8F9FAFBFCFDFEFFE0
:20310000000102030405060708090A0B0C0D0E0F101112131415161718191A1B1C1D1E1FBF
:20312000202122232425262728292A2B2C2D2E2F303132333435363738393A3B3C3D3E3F9F
:20314000404142434445464748494A4B4C4D4E4F505152535455565758595A5B5C5D5E5F7F
:20316000606162636465666768696A6B6C6D6E6F707172737475767778797A7B7C7D7E7F5F
:20318000808182838485868788898A8B8C8D8E8F909192939495969798999A9B9C9D9E9F3F
:2031A000A0A1A2A3A4A5A6A7A8A9AAABACADAEAFB0B1B2B3B4B5B6B7B8B9BABBBCBDBEBF1F
:2031C000C0C1C2C3C4C5C6C7C8C9CACBCCCDCECFD0D1D2D3D4D5D6D7D8D9DADBDCDDDEDFFF
:2031E000E0E1E2E3E4E5E6E7E8E9EAEBECEDEEEFF0F1F2F3F4F5F6F7F8F9FAFBFCFDFEFFDF
:20320000000102030405060708090A0B0C0D0E0F101112131415161718191A1B1C1D1E1FBE
:20322000202122232425262728292A2B2C2D2E2F303132333435363738393A3B3C3D3E3F9E
:20324000404142434445464748494A4B4C4D4E4F505152535455565758595A5B5C5D5E5F7E
:20326000606162636465666768696A6B6C6D6E6F707172737475767778797A7B7C7D7E7F5E
:20328000808182838485868788898A8B8C8D8E8F909192939495969798999A9B9C9D9E9F3E
:2032A000A0A1A2A3A4A5A6A7A8A9AAABACADAEAFB0B1B2B3B4B5B6B7B8B9BABBBCBDBEBF1E
:2032C000C0C1C2C3C4C5C6C7C8C9CACBCCCDCECFD0D1D2D3D4D5D6D7D8D9DADBDCDDDEDFFE
:2032E000E0E1E2E3E4E5E6E7E8E9EAEBECEDEEEFF0F1F2F3F4F5F6F7F8F9FAFBFCFDFEFFDE
:20330000000102030405060708090A0B0C0D0E0F101112131415161718191A1B1C1D1E1FBD
:20332000202122232425262728292A2B2C2D2E2F303132333435363738393A3B3C3D3E3F9D
:20334000404142434445464748494A4B4C4D4E4F505152535455565758595A5B5C5D5E5F7D
:20336000606162636465666768696A6B6C6D6E6F707172737475767778797A7B7C7D7E7F5D
:20338000808182838485868788898A8B8C8D8E8F909192939495969798999A9B9C9D9E9F3D
:2033A000A0A1A2A3A4A5A6A7A8A9AAABACADAEAFB0B1B2B3B4B5B6B7B8B9BABBBCBDBEBF1D
:2033C000C0C1C2C3C4C5C6C7C8C9CACBCCCDCECFD0D1D2D3D4D5D6D7D8D9DADBDCDDDEDFFD
:2033E000E0E1E2E3E4E5E6E7E8E9EAEBECEDEEEFF0F1F2F3F4F5F6F7F8F9FAFBFCFDFEFFDD
:20340000000102030405060708090A0B0C0D0E0F101112131415161718191A1B1C1D1E1FBC
:20342000202122232425262728292A2B2C2D2E2F303132333435363738393A3B3C3D3E3F9C
:20344000404142434445464748494A4B4C4D4E4F505152535455565758595A5B5C5D5E5F7C
:20346000606162636465666768696A6B6C6D6E6F707172737475767778797A7B7C7D7E7F5C
:20348000808182838485868788898A8B8C8D8E8F909192939495969798999A9B9C9D9E9F3C
:2034A000A0A1A2A3A4A5A6A7A8A9AAABACADAEAFB0B1B2B3B4B5B6B7B8B9BABBBCBDBEBF1C
:2034C000C0C1C2C3C4C5C6C7C8C9CACBCCCDCECFD0D1D2D3D4D5D6D7D8D9DADBDCDDDEDFFC
:2034E000E0E1E2E3E4E5E6E7E8E9EAEBECEDEEEFF0F1F2F3F4F5F6F7F8F9FAFBFCFDFEFFDC
:20350000000102030405060708090A0B0C0D0E0F101112131415161718191A1B1C1D1E1FBB
:20352000202122232425262728292A2B2C2D2E2F303132333435363738393A3B3C3D3E3F9B
:20354000404142434445464748494A4B4C4D4E4F505152535455565758595A5B5C5D5E5F7B
:20356000606162636465666768696A6B6C6D6E6F707172737475767778797A7B7C7D7E7F5B
:20358000808182838485868788898A8B8C8D8E8F909192939495969798999A9B9C9D9E9F3B
:2035A000A0A1A2A3A4A5A6A7A8A9AAABACADAEAFB0B1B2B3B4B5B6B7B8B9BABBBCBDBEBF1B
:2035C000C0C1C2C3C4C5C6C7C8C9CACBCCCDCECFD0D1D2D3D4D5D6D7D8D9DADBDCDDDEDFFB
:2035E000E0E1E2E3E4E5E6E7E8E9EAEBECEDEEEFF0F1F2F3F4F5F6F7F8F9FAFBFCFDFEFFDB
:20360000000102030405060708090A0B0C0D0E0F101112131415161718191A1B1C1D1E1FBA
:20362000202122232425262728292A2B2C2D2E2F303132333435363738393A3B3C3D3E3F9A
:20364000404142434445464748494A4B4C4D4E4F505152535455565758595A5B5C5D5E5F7A
:20366000606162636465666768696A6B6C6D6E6F707172737475767778797A7B7C7D7E7F5A
:20368000808182838485868788898A8B8C8D8E8F909192939495969798999A9B9C9D9E9F3A
:2036A000A0A1A2A3A4A5A6A7A8A9AAABACADAEAFB0B1B2B3B4B5B6B7B8B9BABBBCBDBEBF1A
:2036C000C0C1C2C3C4C5C6C7C8C9CACBCCCDCECFD0D1D2D3D4D5D6D7D8D9DADBDCDDDEDFFA
:2036E000E0E1E2E3E4E5E6E7E8E9EAEBECEDEEEFF0F1F2F3F4F5F6F7F8F9FAFBFCFDFEFFDA
:20370000000102030405060708090A0B0C0D0E0F101112131415161718191A1B1C1D1E1FB9
:20372000202122232425262728292A2B2C2D2E2F303132333435363738393A3B3C3D3E3F99
:20374000404142434445464748494A4B4C4D4E4F505152535455565758595A5B5C5D5E5F79
:20376000606162636465666768696A6B6C6D6E6F707172737475767778797A7B7C7D7E7F59
:20378000808182838485868788898A8B8C8D8E8F909192939495969798999A9B9C9D9E9F39
:2037A000A0A1A2A3A4A5A6A7A8A9AAABACADAEAFB0B1B2B3B4B5B6B7B8B9BABBBCBDBEBF19
:2037C000C0C1C2C3C4C5C6C7C8C9CACBCCCDCECFD0D1D2D3D4D5D6D7D8D9DADBDCDDDEDFF9
:2037E000E0E1E2E3E4E5E6E7E8E9EAEBECEDEEEFF0F1F2F3F4F5F6F7F8F9FAFBFCFDFEFFD9
:20380000000102030405060708090A0B0C0D0E0F101112131415161718191A1B1C1D1E1FB8
:20382000202122232425262728292A2B2C2D2E2F303132333435363738393A3B3C3D3E3F98
:20384000404142434445464748494A4B4C4D4E4F505152535455565758595A5B5C5D5E5F78
:20386000606162636465666768696A6B6C6D6E6F707172737475767778797A7B7C7D7E7F58
:20388000808182838485868788898A8B8C8D8E8F909192939495969798999A9B9C9D9E9F38
:2038A000A0A1A2A3A4A5A6A7A8A9AAABACADAEAFB0B1B2B3B4B5B6B7B8B9BABBBCBDBEBF18
:2038C000C0C1C2C3C4C5C6C7C8C9CACBCCCDCECFD0D1D2D3D4D5D6D7D8D9DADBDCDDDEDFF8
:2038E000E0E1E2E3E4E5E6E7E8E9EAEBECEDEEEFF0F1F2F3F4F5F6F7F8F9FAFBFCFDFEFFD8
:20390000000102030405060708090A0B0C0D0E0F101112131415161718191A1B1C1D1E1FB7
:20392000202122232425262728292A2B2C2D2E2F303132333435363738393A3B3C3D3E3F97
:20394000404142434445464748494A4B4C4D4E4F505152535455565758595A5B5C5D5E5F77
:20396000606162636465666768696A6B6C6D6E6F707172737475767778797A7B7C7D7E7F57
:20398000808182838485868788898A8B8C8D8E8F909192939495969798999A9B9C9D9E9F37
:2039A000A0A1A2A3A4A5A6A7A8A9AAABACADAEAFB0B1B2B3B4B5B6B7B8B9BABBBCBDBEBF17
:2039C000C0C1C2C3C4C5C6C7C8C9CACBCCCDCECFD0D1D2D3D4D5D6D7D8D9DADBDCDDDEDFF7
:2039E000E0E1E2E3E4E5E6E7E8E9EAEBECEDEEEFF0F1F2F3F4F5F6F7F8F9FAFBFCFDFEFFD7
:203A0000000102030405060708090A0B0C0D0E0F101112131415161718191A1B1C1D1E1FB6
:203A2000202122232425262728292A2B2C2D2E2F303132333435363738393A3B3C3D3E3F96
:203A4000404142434445464748494A4B4C4D4E4F505152535455565758595A5B5C5D5E5F76
:203A6000606162636465666768696A6B6C6D6E6F707172737475767778797A7B7C7D7E7F56
:203A8000808182838485868788898A8B8C8D8E8F909192939495969798999A9B9C9D9E9F36
:203AA000A0A1A2A3A4A5A6A7A8A9AAABACADAEAFB0B1B2B3B4B5B6B7B8B9BABBBCBDBEBF16
:203AC000C0C1C2C3C4C5C6C7C8C9CACBCCCDCECFD0D1D2D3D4D5D6D7D8D9DADBDCDDDEDFF6
:203AE000E0E1E2E3E4E5E6E7E8E9EAEBECEDEEEFF0F1F2F3F4F5F6F7F8F9FAFBFCFDFEFFD6
:203B0000000102030405060708090A0B0C0D0E0F101112131415161718191A1B1C1D1E1FB5
:203B2000202122232425262728292A2B2C2D2E2F303132333435363738393A3B3C3D3E3F95
:203B4000404142434445464748494A4B4C4D4E4F505152535455565758595A5B5C5D5E5F75
:203B6000606162636465666768696A6B6C6D6E6F707172737475767778797A7B7C7D7E7F55
:203B8000808182838485868788898A8B8C8D8E8F909192939495969798999A9B9C9D9E9F35
:203BA000A0A1A2A3A4A5A6A7A8A9AAABACADAEAFB0B1B2B3B4B5B6B7B8B9BABBBCBDBEBF15
:203BC000C0C1C2C3C4C5C6C7C8C9CACBCCCDCECFD0D1D2D3D4D5D6D7D8D9DADBDCDDDEDFF5
:203BE000E0E1E2E3E4E5E6E7E8E9EAEBECEDEEEFF0F1F2F3F4F5F6F7F8F9FAFBFCFDFEFFD5
:203C0000000102030405060708090A0B0C0D0E0F101112131415161718191A1B1C1D1E1FB4
:203C2000202122232425262728292A2B2C2D2E2F303132333435363738393A3B3C3D3E3F94
:203C4000404142434445464748494A4B4C4D4E4F505152535455565758595A5B5C5D5E5F74
:203C6000606162636465666768696A6B6C6D6E6F707172737475767778797A7B7C7D7E7F54
:203C8000808182838485868788898A8B8C8D8E8F909192939495969798999A9B9C9D9E9F34
:203CA000A0A1A2A3A4A5A6A7A8A9AAABACADAEAFB0B1B2B3B4B5B6B7B8B9BABBBCBDBEBF14
:203CC000C0C1C2C3C4C5C6C7C8C9CACBCCCDCECFD0D1D2D3D4D5D6D7D8D9DADBDCDDDEDFF4
:203CE000E0E1E2E3E4E5E6E7E8E9EAEBECEDEEEFF0F1F2F3F4F5F6F7F8F9FAFBFCFDFEFFD4
:203D0000000102030405060708090A0B0C0D0E0F101112131415161718191A1B1C1D1E1FB3
:203D2000202122232425262728292A2B2C2D2E2F303132333435363738393A3B3C3D3E3F93
:203D4000404142434445464748494A4B4C4D4E4F505152535455565758595A5B5C5D5E5F73
:203D6000606162636465666768696A6B6C6D6E6F707172737475767778797A7B7C7D7E7F53
:203D8000808182838485868788898A8B8C8D8E8F909192939495969798999A9B9C9D9E9F33
:203DA000A0A1A2A3A4A5A6A7A8A9AAABACADAEAFB0B1B2B3B4B5B6B7B8B9BABBBCBDBEBF13
:203DC000C0C1C2C3C4C5C6C7C8C9CACBCCCDCECFD0D1D2D3D4D5D6D7D8D9DADBDCDDDEDFF3
:203DE000E0E1E2E3E4E5E6E7E8E9EAEBECEDEEEFF0F1F2F3F4F5F6F7F8F9FAFBFCFDFEFFD3
:203E0000000102030405060708090A0B0C0D0E0F101112131415161718191A1B1C1D1E1FB2
:203E2000202122232425262728292A2B2C2D2E2F303132333435363738393A3B3C3D3E3F92
:203E4000404142434445464748494A4B4C4D4E4F505152535455565758595A5B5C5D5E5F72
:203E6000606162636465666768696A6B6C6D6E6F707172737475767778797A7B7C7D7E7F52
:203E8000808182838485868788898A8B8C8D8E8F909192939495969798999A9B9C9D9E9F32
:203EA000A0A1A2A3A4A5A6A7A8A9AAABACADAEAFB0B1B2B3B4B5B6B7B8B9BABBBCBDBEBF12
:203EC000C0C1C2C3C4C5C6C7C8C9CACBCCCDCECFD0D1D2D3D4D5D6D7D8D9DADBDCDDDEDFF2
:203EE000E0E1E2E3E4E5E6E7E8E9EAEBECEDEEEFF0F1F2F3F4F5F6F7F8F9FAFBFCFDFEFFD2
:203F0000000102030405060708090A0B0C0D0E0F101112131415161718191A1B1C1D1E1FB1
:203F2000202122232425262728292A2B2C2D2E2F303132333435363738393A3B3C3D3E3F91
:203F4000404142434445464748494A4B4C4D4E4F505152535455565758595A5B5C5D5E5F71
:203F6000606162636465666768696A6B6C6D6E6F707172737475767778797A7B7C7D7E7F51
:203F8000808182838485868788898A8B8C8D8E8F909192939495969798999A9B9C9D9E9F31
:203FA000A0A1A2A3A4A5A6A7A8A9AAABACADAEAFB0B1B2B3B4B5B6B7B8B9BABBBCBDBEBF11
:203FC000C0C1C2C3C4C5C6C7C8C9CACBCCCDCECFD0D1D2D3D4D5D6D7D8D9DADBDCDDDEDFF1
:203FE000E0E1E2E3E4E5E6E7E8E9EAEBECEDEEEFF0F1F2F3F4F5F6F7F8F9FAFBFCFDFEFFD1
:20400000000102030405060708090A0B0C0D0E0F101112131415161718191A1B1C1D1E1FB0
:20402000202122232425262728292A2B2C2D2E2F303132333435363738393A3B3C3D3E3F90
:20404000404142434445464748494A4B4C4D4E4F505152535455565758595A5B5C5D5E5F70
:20406000606162636465666768696A6B6C6D6E6F707172737475767778797A7B7C7D7E7F50
:20408000808182838485868788898A8B8C8D8E8F909192939495969798999A9B9C9D9E9F30
:2040A000A0A1A2A3A4A5A6A7A8A9AAABACADAEAFB0B1B2B3B4B5B6B7B8B9BABBBCBDBEBF10
:2040C000C0C1C2C3C4C5C6C7C8C9CACBCCCDCECFD0D1D2D3D4D5D6D7D8D9DADBDCDDDEDFF0
:2040E000E0E1E2E3E4E5E6E7E8E9EAEBECEDEEEFF0F1F2F3F4F5F6F7F8F9FAFBFCFDFEFFD0
:20410000000102030405060708090A0B0C0D0E0F101112131415161718191A1B1C1D1E1FAF
:20412000202122232425262728292A2B2C2D2E2F303132333435363738393A3B3C3D3E3F8F
:20414000404142434445464748494A4B4C4D4E4F505152535455565758595A5B5C5D5E5F6F
:20416000606162636465666768696A6B6C6D6E6F707172737475767778797A7B7C7D7E7F4F
:20418000808182838485868788898A8B8C8D8E8F909192939495969798999A9B9C9D9E9F2F
:2041A000A0A1A2A3A4A5A6A7A8A9AAABACADAEAFB0B1B2B3B4B5B6B7B8B9BABBBCBDBEBF0F
:2041C000C0C1C2C3C4C5C6C7C8C9CACBCCCDCECFD0D1D2D3D4D5D6D7D8D9DADBDCDDDEDFEF
:2041E000E0E1E2E3E4E5E6E7E8E9EAEBECEDEEEFF0F1F2F3F4F5F6F7F8F9FAFBFCFDFEFFCF
:20420000000102030405060708090A0B0C0D0E0F101112131415161718191A1B1C1D1E1FAE
:20422000202122232425262728292A2B2C2D2E2F303132333435363738393A3B3C3D3E3F8E
:20424000404142434445464748494A4B4C4D4E4F505152535455565758595A5B5C5D5E5F6E
:20426000606162636465666768696A6B6C6D6E6F707172737475767778797A7B7C7D7E7F4E
:20428000808182838485868788898A8B8C8D8E8F909192939495969798999A9B9C9D9E9F2E
:2042A000A0A1A2A3A4A5A6A7A8A9AAABACADAEAFB0B1B2B3B4B5B6B7B8B9BABBBCBDBEBF0E
:2042C000C0C1C2C3C4C5C6C7C8C9CACBCCCDCECFD0D1D2D3D4D5D6D7D8D9DADBDCDDDEDFEE
:2042E000E0E1E2E3E4E5E6E7E8E9EAEBECEDEEEFF0F1F2F3F4F5F6F7F8F9FAFBFCFDFEFFCE
:20430000000102030405060708090A0B0C0D0E0F101112131415161718191A1B1C1D1E1FAD
:20432000202122232425262728292A2B2C2D2E2F303132333435363738393A3B3C3D3E3F8D
:20434000404142434445464748494A4B4C4D4E4F505152535455565758595A5B5C5D5E5F6D
:20436000606162636465666768696A6B6C6D6E6F707172737475767778797A7B7C7D7E7F4D
:20438000808182838485868788898A8B8C8D8E8F909192939495969798999A9B9C9D9E9F2D
:2043A000A0A1A2A3A4A5A6A7A8A9AAABACADAEAFB0B1B2B3B4B5B6B7B8B9BABBBCBDBEBF0D
:2043C000C0C1C2C3C4C5C6C7C8C9CACBCCCDCECFD0D1D2D3D4D5D6D7D8D9DADBDCDDDEDFED
:2043E000E0E1E2E3E4E5E6E7E8E9EAEBECEDEEEFF0F1F2F3F4F5F6F7F8F9FAFBFCFDFEFFCD
:20440000000102030405060708090A0B0C0D0E0F101112131415161718191A1B1C1D1E1FAC
:20442000202122232425262728292A2B2C2D2E2F303132333435363738393A3B3C3D3E3F8C
:20444000404142434445464748494A4B4C4D4E4F505152535455565758595A5B5C5D5E5F6C
:20446000606162636465666768696A6B6C6D6E6F707172737475767778797A7B7C7D7E7F4C
:20448000808182838485868788898A8B8C8D8E8F909192939495969798999A9B9C9D9E9F2C
:2044A000A0A1A2A3A4A5A6A7A8A9AAABACADAEAFB0B1B2B3B4B5B6B7B8B9BABBBCBDBEBF0C
:2044C000C0C1C2C3C4C5C6C7C8C9CACBCCCDCECFD0D1D2D3D4D5D6D7D8D9DADBDCDDDEDFEC
:2044E000E0E1E2E3E4E5E6E7E8E9EAEBECEDEEEFF0F1F2F3F4F5F6F7F8F9FAFBFCFDFEFFCC
:20450000000102030405060708090A0B0C0D0E0F101112131415161718191A1B1C1D1E1FAB
:20452000202122232425262728292A2B2C2D2E2F303132333435363738393A3B3C3D3E3F8B
:20454000404142434445464748494A4B4C4D4E4F505152535455565758595A5B5C5D5E5F6B
:20456000606162636465666768696A6B6C6D6E6F707172737475767778797A7B7C7D7E7F4B
:20458000808182838485868788898A8B8C8D8E8F909192939495969798999A9B9C9D9E9F2B
:2045A000A0A1A2A3A4A5A6A7A8A9AAABACADAEAFB0B1B2B3B4B5B6B7B8B9BABBBCBDBEBF0B
:2045C000C0C1C2C3C4C5C6C7C8C9CACBCCCDCECFD0D1D2D3D4D5D6D7D8D9DADBDCDDDEDFEB
:2045E000E0E1E2E3E4E5E6E7E8E9EAEBECEDEEEFF0F1F2F3F4F5F6F7F8F9FAFBFCFDFEFFCB
:20460000000102030405060708090A0B0C0D0E0F101112131415161718191A1B1C1D1E1FAA
:20462000202122232425262728292A2B2C2D2E2F303132333435363738393A3B3C3D3E3F8A
:20464000404142434445464748494A4B4C4D4E4F505152535455565758595A5B5C5D5E5F6A
:20466000606162636465666768696A6B6C6D6E6F707172737475767778797A7B7C7D7E7F4A
:20468000808182838485868788898A8B8C8D8E8F909192939495969798999A9B9C9D9E9F2A
:2046A000A0A1A2A3A4A5A6A7A8A9AAABACADAEAFB0B1B2B3B4B5B6B7B8B9BABBBCBDBEBF0A
:2046C000C0C1C2C3C4C5C6C7C8C9CACBCCCDCECFD0D1D2D3D4D5D6D7D8D9DADBDCDDDEDFEA
:2046E000E0E1E2E3E4E5E6E7E8E9EAEBECEDEEEFF0F1F2F3F4F5F6F7F8F9FAFBFCFDFEFFCA
:20470000000102030405060708090A0B0C0D0E0F101112131415161718191A1B1C1D1E1FA9
:20472000202122232425262728292A2B2C2D2E2F303132333435363738393A3B3C3D3E3F89
:20474000404142434445464748494A4B4C4D4E4F505152535455565758595A5B5C5D5E5F69
:20476000606162636465666768696A6B6C6D6E6F707172737475767778797A7B7C7D7E7F49
:20478000808182838485868788898A8B8C8D8E8F909192939495969798999A9B9C9D9E9F29
:2047A000A0A1A2A3A4A5A6A7A8A9AAABACADAEAFB0B1B2B3B4B5B6B7B8B9BABBBCBDBEBF09
:2047C000C0C1C2C3C4C5C6C7C8C9CACBCCCDCECFD0D1D2D3D4D5D6D7D8D9DADBDCDDDEDFE9
:2047E000E0E1E2E3E4E5E6E7E8E9EAEBECEDEEEFF0F1F2F3F4F5F6F7F8F9FAFBFCFDFEFFC9
:20480000000102030405060708090A0B0C0D0E0F101112131415161718191A1B1C1D1E1FA8
:20482000202122232425262728292A2B2C2D2E2F303132333435363738393A3B3C3D3E3F88
:20484000404142434445464748494A4B4C4D4E4F505152535455565758595A5B5C5D5E5F68
:20486000606162636465666768696A6B6C6D6E6F707172737475767778797A7B7C7D7E7F48
:20488000808182838485868788898A8B8C8D8E8F909192939495969798999A9B9C9D9E9F28
:2048A000A0A1A2A3A4A5A6A7A8A9AAABACADAEAFB0B1B2B3B4B5B6B7B8B9BABBBCBDBEBF08
:2048C000C0C1C2C3C4C5C6C7C8C9CACBCCCDCECFD0D1D2D3D4D5D6D7D8D9DADBDCDDDEDFE8
:2048E000E0E1E2E3E4E5E6E7E8E9EAEBECEDEEEFF0F1F2F3F4F5F6F7F8F9FAFBFCFDFEFFC8
:20490000000102030405060708090A0B0C0D0E0F101112131415161718191A1B1C1D1E1FA7
:20492000202122232425262728292A2B2C2D2E2F303132333435363738393A3B3C3D3E3F87
:20494000404142434445464748494A4B4C4D4E4F505152535455565758595A5B5C5D5E5F67
:20496000606162636465666768696A6B6C6D6E6F707172737475767778797A7B7C7D7E7F47
:20498000808182838485868788898A8B8C8D8E8F909192939495969798999A9B9C9D9E9F27
:2049A000A0A1A2A3A4A5A6A7A8A9AAABACADAEAFB0B1B2B3B4B5B6B7B8B9BABBBCBDBEBF07
:2049C000C0C1C2C3C4C5C6C7C8C9CACBCCCDCECFD0D1D2D3D4D5D6D7D8D9DADBDCDDDEDFE7
:2049E000E0E1E2E3E4E5E6E7E8E9EAEBECEDEEEFF0F1F2F3F4F5F6F7F8F9FAFBFCFDFEFFC7
:204A0000000102030405060708090A0B0C0D0E0F101112131415161718191A1B1C1D1E1FA6
:204A2000202122232425262728292A2B2C2D2E2F303132333435363738393A3B3C3D3E3F86
:204A4000404142434445464748494A4B4C4D4E4F505152535455565758595A5B5C5D5E5F66
:204A6000606162636465666768696A6B6C6D6E6F707172737475767778797A7B7C7D7E7F46
:204A8000808182838485868788898A8B8C8D8E8F909192939495969798999A9B9C9D9E9F26
:204AA000A0A1A2A3A4A5A6A7A8A9AAABACADAEAFB0B1B2B3B4B5B6B7B8B9BABBBCBDBEBF06
:204AC000C0C1C2C3C4C5C6C7C8C9CACBCCCDCECFD0D1D2D3D4D5D6D7D8D9DADBDCDDDEDFE6
:204AE000E0E1E2E3E4E5E6E7E8E9EAEBECEDEEEFF0F1F2F3F4F5F6F7F8F9FAFBFCFDFEFFC6
:204B0000000102030405060708090A0B0C0D0E0F101112131415161718191A1B1C1D1E1FA5
:204B2000202122232425262728292A2B2C2D2E2F303132333435363738393A3B3C3D3E3F85
:204B4000404142434445464748494A4B4C4D4E4F505152535455565758595A5B5C5D5E5F65
:204B6000606162636465666768696A6B6C6D6E6F707172737475767778797A7B7C7D7E7F45
:204B8000808182838485868788898A8B8C8D8E8F909192939495969798999A9B9C9D9E9F25
:204BA000A0A1A2A3A4A5A6A7A8A9AAABACADAEAFB0B1B2B3B4B5B6B7B8B9BABBBCBDBEBF05
:204BC000C0C1C2C3C4C5C6C7C8C9CACBCCCDCECFD0D1D2D3D4D5D6D7D8D9DADBDCDDDEDFE5
:204BE000E0E1E2E3E4E5E6E7E8E9EAEBECEDEEEFF0F1F2F3F4F5F6F7F8F9FAFBFCFDFEFFC5
:204C0000000102030405060708090A0B0C0D0E0F101112131415161718191A1B1C1D1E1FA4
:204C2000202122232425262728292A2B2C2D2E2F303132333435363738393A3B3C3D3E3F84
:204C4000404142434445464748494A4B4C4D4E4F505152535455565758595A5B5C5D5E5F64
:204C6000606162636465666768696A6B6C6D6E6F707172737475767778797A7B7C7D7E7F44
:204C8000808182838485868788898A8B8C8D8E8F909192939495969798999A9B9C9D9E9F24
:204CA000A0A1A2A3A4A5A6A7A8A9AAABACADAEAFB0B1B2B3B4B5B6B7B8B9BABBBCBDBEBF04
:204CC000C0C1C2C3C4C5C6C7C8C9CACBCCCDCECFD0D1D2D3D4D5D6D7D8D9DADBDCDDDEDFE4
:204CE000E0E1E2E3E4E5E6E7E8E9EAEBECEDEEEFF0F1F2F3F4F5F6F7F8F9FAFBFCFDFEFFC4
:204D0000000102030405060708090A0B0C0D0E0F101112131415161718191A1B1C1D1E1FA3
:204D2000202122232425262728292A2B2C2D2E2F303132333435363738393A3B3C3D3E3F83
:204D4000404142434445464748494A4B4C4D4E4F505152535455565758595A5B5C5D5E5F63
:204D6000606162636465666768696A6B6C6D6E6F707172737475767778797A7B7C7D7E7F43
:204D8000808182838485868788898A8B8C8D8E8F909192939495969798999A9B9C9D9E9F23
:204DA000A0A1A2A3A4A5A6A7A8A9AAABACADAEAFB0B1B2B3B4B5B6B7B8B9BABBBCBDBEBF03
:204DC000C0C1C2C3C4C5C6C7C8C9CACBCCCDCECFD0D1D2D3D4D5D6D7D8D9DADBDCDDDEDFE3
:204DE000E0E1E2E3E4E5E6E7E8E9EAEBECEDEEEFF0F1F2F3F4F5F6F7F8F9FAFBFCFDFEFFC3
:204E0000000102030405060708090A0B0C0D0E0F101112131415161718191A1B1C1D1E1FA2
:204E2000202122232425262728292A2B2C2D2E2F303132333435363738393A3B3C3D3E3F82
:204E4000404142434445464748494A4B4C4D4E4F505152535455565758595A5B5C5D5E5F62
:204E6000606162636465666768696A6B6C6D6E6F707172737475767778797A7B7C7D7E7F42
:204E8000808182838485868788898A8B8C8D8E8F909192939495969798999A9B9C9D9E9F22
:204EA000A0A1A2A3A4A5A6A7A8A9AAABACADAEAFB0B1B2B3B4B5B6B7B8B9BABBBCBDBEBF02
:204EC000C0C1C2C3C4C5C6C7C8C9CACBCCCDCECFD0D1D2D3D4D5D6D7D8D9DADBDCDDDEDFE2
:204EE000E0E1E2E3E4E5E6E7E8E9EAEBECEDEEEFF0F1F2F3F4F5F6F7F8F9FAFBFCFDFEFFC2
:204F0000000102030405060708090A0B0C0D0E0F101112131415161718191A1B1C1D1E1FA1
:204F2000202122232425262728292A2B2C2D2E2F303132333435363738393A3B3C3D3E3F81
:204F4000404142434445464748494A4B4C4D4E4F505152535455565758595A5B5C5D5E5F61
:204F6000606162636465666768696A6B6C6D6E6F707172737475767778797A7B7C7D7E7F41
:204F8000808182838485868788898A8B8C8D8E8F909192939495969798999A9B9C9D9E9F21
:204FA000A0A1A2A3A4A5A6A7A8A9AAABACADAEAFB0B1B2B3B4B5B6B7B8B9BABBBCBDBEBF01
:204FC000C0C1C2C3C4C5C6C7C8C9CACBCCCDCECFD0D1D2D3D4D5D6D7D8D9DADBDCDDDEDFE1
:204FE000E0E1E2E3E4E5E6E7E8E9EAEBECEDEEEFF0F1F2F3F4F5F6F7F8F9FAFBFCFDFEFFC1
:20500000000102030405060708090A0B0C0D0E0F101112131415161718191A1B1C1D1E1FA0
:20502000202122232425262728292A2B2C2D2E2F303132333435363738393A3B3C3D3E3F80
:20504000404142434445464748494A4B4C4D4E4F505152535455565758595A5B5C5D5E5F60
:20506000606162636465666768696A6B6C6D6E6F707172737475767778797A7B7C7D7E7F40
:20508000808182838485868788898A8B8C8D8E8F909192939495969798999A9B9C9D9E9F20
:2050A000A0A1A2A3A4A5A6A7A8A9AAABACADAEAFB0B1B2B3B4B5B6B7B8B9BABBBCBDBEBF00
:2050C000C0C1C2C3C4C5C6C7C8C9CACBCCCDCECFD0D1D2D3D4D5D6D7D8D9DADBDCDDDEDFE0
:2050E000E0E1E2E3E4E5E6E7E8E9EAEBECEDEEEFF0F1F2F3F4F5F6F7F8F9FAFBFCFDFEFFC0
:20510000000102030405060708090A0B0C0D0E0F101112131415161718191A1B1C1D1E1F9F
:20512000202122232425262728292A2B2C2D2E2F303132333435363738393A3B3C3D3E3F7F
:20514000404142434445464748494A4B4C4D4E4F505152535455565758595A5B5C5D5E5F5F
:20516000606162636465666768696A6B6C6D6E6F707172737475767778797A7B7C7D7E7F3F
:20518000808182838485868788898A8B8C8D8E8F909192939495969798999A9B9C9D9E9F1F
:2051A000A0A1A2A3A4A5A6A7A8A9AAABACADAEAFB0B1B2B3B4B5B6B7B8B9BABBBCBDBEBFFF
:2051C000C0C1C2C3C4C5C6C7C8C9CACBCCCDCECFD0D1D2D3D4D5D6D7D8D9DADBDCDDDEDFDF
:2051E000E0E1E2E3E4E5E6E7E8E9EAEBECEDEEEFF0F1F2F3F4F5F6F7F8F9FAFBFCFDFEFFBF
:20520000000102030405060708090A0B0C0D0E0F101112131415161718191A1B1C1D1E1F9E
:20522000202122232425262728292A2B2C2D2E2F303132333435363738393A3B3C3D3E3F7E
:20524000404142434445464748494A4B4C4D4E4F505152535455565758595A5B5C5D5E5F5E
:20526000606162636465666768696A6B6C6D6E6F707172737475767778797A7B7C7D7E7F3E
:20528000808182838485868788898A8B8C8D8E8F909192939495969798999A9B9C9D9E9F1E
:2052A000A0A1A2A3A4A5A6A7A8A9AAABACADAEAFB0B1B2B3B4B5B6B7B8B9BABBBCBDBEBFFE
:2052C000C0C1C2C3C4C5C6C7C8C9CACBCCCDCECFD0D1D2D3D4D5D6D7D8D9DADBDCDDDEDFDE
:2052E000E0E1E2E3E4E5E6E7E8E9EAEBECEDEEEFF0F1F2F3F4F5F6F7F8F9FAFBFCFDFEFFBE
:20530000000102030405060708090A0B0C0D0E0F101112131415161718191A1B1C1D1E1F9D
:20532000202122232425262728292A2B2C2D2E2F303132333435363738393A3B3C3D3E3F7D
:20534000404142434445464748494A4B4C4D4E4F505152535455565758595A5B5C5D5E5F5D
:20536000606162636465666768696A6B6C6D6E6F707172737475767778797A7B7C7D7E7F3D
:20538000808182838485868788898A8B8C8D8E8F909192939495969798999A9B9C9D9E9F1D
:2053A000A0A1A2A3A4A5A6A7A8A9AAABACADAEAFB0B1B2B3B4B5B6B7B8B9BABBBCBDBEBFFD
:2053C000C0C1C2C3C4C5C6C7C8C9CACBCCCDCECFD0D1D2D3D4D5D6D7D8D9DADBDCDDDEDFDD
:2053E000E0E1E2E3E4E5E6E7E8E9EAEBECEDEEEFF0F1F2F3F4F5F6F7F8F9FAFBFCFDFEFFBD
:20540000000102030405060708090A0B0C0D0E0F101112131415161718191A1B1C1D1E1F9C
:20542000202122232425262728292A2B2C2D2E2F303132333435363738393A3B3C3D3E3F7C
:20544000404142434445464748494A4B4C4D4E4F505152535455565758595A5B5C5D5E5F5C
:20546000606162636465666768696A6B6C6D6E6F707172737475767778797A7B7C7D7E7F3C
:20548000808182838485868788898A8B8C8D8E8F909192939495969798999A9B9C9D9E9F1C
:2054A000A0A1A2A3A4A5A6A7A8A9AAABACADAEAFB0B1B2B3B4B5B6B7B8B9BABBBCBDBEBFFC
:2054C000C0C1C2C3C4C5C6C7C8C9CACBCCCDCECFD0D1D2D3D4D5D6D7D8D9DADBDCDDDEDFDC
:2054E000E0E1E2E3E4E5E6E7E8E9EAEBECEDEEEFF0F1F2F3F4F5F6F7F8F9FAFBFCFDFEFFBC
:20550000000102030405060708090A0B0C0D0E0F101112131415161718191A1B1C1D1E1F9B
:20552000202122232425262728292A2B2C2D2E2F303132333435363738393A3B3C3D3E3F7B
:20554000404142434445464748494A4B4C4D4E4F505152535455565758595A5B5C5D5E5F5B
:20556000606162636465666768696A6B6C6D6E6F707172737475767778797A7B7C7D7E7F3B
:20558000808182838485868788898A8B8C8D8E8F909192939495969798999A9B9C9D9E9F1B
:2055A000A0A1A2A3A4A5A6A7A8A9AAABACADAEAFB0B1B2B3B4B5B6B7B8B9BABBBCBDBEBFFB
:2055C000C0C1C2C3C4C5C6C7C8C9CACBCCCDCECFD0D1D2D3D4D5D6D7D8D9DADBDCDDDEDFDB
:2055E000E0E1E2E3E4E5E6E7E8E9EAEBECEDEEEFF0F1F2F3F4F5F6F7F8F9FAFBFCFDFEFFBB
:20560000000102030405060708090A0B0C0D0E0F101112131415161718191A1B1C1D1E1F9A
:20562000202122232425262728292A2B2C2D2E2F303132333435363738393A3B3C3D3E3F7A
:20564000404142434445464748494A4B4C4D4E4F505152535455565758595A5B5C5D5E5F5A
:20566000606162636465666768696A6B6C6D6E6F707172737475767778797A7B7C7D7E7F3A
:20568000808182838485868788898A8B8C8D8E8F909192939495969798999A9B9C9D9E9F1A
:2056A000A0A1A2A3A4A5A6A7A8A9AAABACADAEAFB0B1B2B3B4B5B6B7B8B9BABBBCBDBEBFFA
:2056C000C0C1C2C3C4C5C6C7C8C9CACBCCCDCECFD0D1D2D3D4D5D6D7D8D9DADBDCDDDEDFDA
:2056E000E0E1E2E3E4E5E6E7E8E9EAEBECEDEEEFF0F1F2F3F4F5F6F7F8F9FAFBFCFDFEFFBA
:20570000000102030405060708090A0B0C0D0E0F101112131415161718191A1B1C1D1E1F99
:20572000202122232425262728292A2B2C2D2E2F303132333435363738393A3B3C3D3E3F79
:20574000404142434445464748494A4B4C4D4E4F505152535455565758595A5B5C5D5E5F59
:20576000606162636465666768696A6B6C6D6E6F707172737475767778797A7B7C7D7E7F39
:20578000808182838485868788898A8B8C8D8E8F909192939495969798999A9B9C9D9E9F19
:2057A000A0A1A2A3A4A5A6A7A8A9AAABACADAEAFB0B1B2B3B4B5B6B7B8B9BABBBCBDBEBFF9
:2057C000C0C1C2C3C4C5C6C7C8C9CACBCCCDCECFD0D1D2D3D4D5D6D7D8D9DADBDCDDDEDFD9
:2057E000E0E1E2E3E4E5E6E7E8E9EAEBECEDEEEFF0F1F2F3F4F5F6F7F8F9FAFBFCFDFEFFB9
:20580000000102030405060708090A0B0C0D0E0F101112131415161718191A1B1C1D1E1F98
:20582000202122232425262728292A2B2C2D2E2F303132333435363738393A3B3C3D3E3F78
:20584000404142434445464748494A4B4C4D4E4F505152535455565758595A5B5C5D5E5F58
:20586000606162636465666768696A6B6C6D6E6F707172737475767778797A7B7C7D7E7F38
:20588000808182838485868788898A8B8C8D8E8F909192939495969798999A9B9C9D9E9F18
:2058A000A0A1A2A3A4A5A6A7A8A9AAABACADAEAFB0B1B2B3B4B5B6B7B8B9BABBBCBDBEBFF8
:2058C000C0C1C2C3C4C5C6C7C8C9CACBCCCDCECFD0D1D2D3D4D5D6D7D8D9DADBDCDDDEDFD8
:2058E000E0E1E2E3E4E5E6E7E8E9EAEBECEDEEEFF0F1F2F3F4F5F6F7F8F9FAFBFCFDFEFFB8
:20590000000102030405060708090A0B0C0D0E0F101112131415161718191A1B1C1D1E1F97
:20592000202122232425262728292A2B2C2D2E2F303132333435363738393A3B3C3D3E3F77
:20594000404142434445464748494A4B4C4D4E4F505152535455565758595A5B5C5D5E5F57
:20596000606162636465666768696A6B6C6D6E6F707172737475767778797A7B7C7D7E7F37
:20598000808182838485868788898A8B8C8D8E8F909192939495969798999A9B9C9D9E9F17
:2059A000A0A1A2A3A4A5A6A7A8A9AAABACADAEAFB0B1B2B3B4B5B6B7B8B9BABBBCBDBEBFF7
:2059C000C0C1C2C3C4C5C6C7C8C9CACBCCCDCECFD0D1D2D3D4D5D6D7D8D9DADBDCDDDEDFD7
:2059E000E0E1E2E3E4E5E6E7E8E9EAEBECEDEEEFF0F1F2F3F4F5F6F7F8F9FAFBFCFDFEFFB7
:205A0000000102030405060708090A0B0C0D0E0F101112131415161718191A1B1C1D1E1F96
:205A2000202122232425262728292A2B2C2D2E2F303132333435363738393A3B3C3D3E3F76
:205A4000404142434445464748494A4B4C4D4E4F505152535455565758595A5B5C5D5E5F56
:205A6000606162636465666768696A6B6C6D6E6F707172737475767778797A7B7C7D7E7F36
:205A8000808182838485868788898A8B8C8D8E8F909192939495969798999A9B9C9D9E9F16
:205AA000A0A1A2A3A4A5A6A7A8A9AAABACADAEAFB0B1B2B3B4B5B6B7B8B9BABBBCBDBEBFF6
:205AC000C0C1C2C3C4C5C6C7C8C9CACBCCCDCECFD0D1D2D3D4D5D6D7D8D9DADBDCDDDEDFD6
:205AE000E0E1E2E3E4E5E6E7E8E9EAEBECEDEEEFF0F1F2F3F4F5F6F7F8F9FAFBFCFDFEFFB6
:205B0000000102030405060708090A0B0C0D0E0F101112131415161718191A1B1C1D1E1F95
:205B2000202122232425262728292A2B2C2D2E2F303132333435363738393A3B3C3D3E3F75
:205B4000404142434445464748494A4B4C4D4E4F505152535455565758595A5B5C5D5E5F55
:205B6000606162636465666768696A6B6C6D6E6F707172737475767778797A7B7C7D7E7F35
:205B8000808182838485868788898A8B8C8D8E8F909192939495969798999A9B9C9D9E9F15
:205BA000A0A1A2A3A4A5A6A7A8A9AAABACADAEAFB0B1B2B3B4B5B6B7B8B9BABBBCBDBEBFF5
:205BC000C0C1C2C3C4C5C6C7C8C9CACBCCCDCECFD0D1D2D3D4D5D6D7D8D9DADBDCDDDEDFD5
:205BE000E0E1E2E3E4E5E6E7E8E9EAEBECEDEEEFF0F1F2F3F4F5F6F7F8F9FAFBFCFDFEFFB5
:205C0000000102030405060708090A0B0C0D0E0F101112131415161718191A1B1C1D1E1F94
:205C2000202122232425262728292A2B2C2D2E2F303132333435363738393A3B3C3D3E3F74
:205C4000404142434445464748494A4B4C4D4E4F505152535455565758595A5B5C5D5E5F54
:205C6000606162636465666768696A6B6C6D6E6F707172737475767778797A7B7C7D7E7F34
:205C8000808182838485868788898A8B8C8D8E8F909192939495969798999A9B9C9D9E9F14
:205CA000A0A1A2A3A4A5A6A7A8A9AAABACADAEAFB0B1B2B3B4B5B6B7B8B9BABBBCBDBEBFF4
:205CC000C0C1C2C3C4C5C6C7C8C9CACBCCCDCECFD0D1D2D3D4D5D6D7D8D9DADBDCDDDEDFD4
:205CE000E0E1E2E3E4E5E6E7E8E9EAEBECEDEEEFF0F1F2F3F4F5F6F7F8F9FAFBFCFDFEFFB4
:205D0000000102030405060708090A0B0C0D0E0F101112131415161718191A1B1C1D1E1F93
:205D2000202122232425262728292A2B2C2D2E2F303132333435363738393A3B3C3D3E3F73
:205D4000404142434445464748494A4B4C4D4E4F505152535455565758595A5B5C5D5E5F53
:205D6000606162636465666768696A6B6C6D6E6F707172737475767778797A7B7C7D7E7F33
:205D8000808182838485868788898A8B8C8D8E8F909192939495969798999A9B9C9D9E9F13
:205DA000A0A1A2A3A4A5A6A7A8A9AAABACADAEAFB0B1B2B3B4B5B6B7B8B9BABBBCBDBEBFF3
:205DC000C0C1C2C3C4C5C6C7C8C9CACBCCCDCECFD0D1D2D3D4D5D6D7D8D9DADBDCDDDEDFD3
:205DE000E0E1E2E3E4E5E6E7E8E9EAEBECEDEEEFF0F1F2F3F4F5F6F7F8F9FAFBFCFDFEFFB3
:205E0000000102030405060708090A0B0C0D0E0F101112131415161718191A1B1C1D1E1F92
:205E2000202122232425262728292A2B2C2D2E2F303132333435363738393A3B3C3D3E3F72
:205E4000404142434445464748494A4B4C4D4E4F505152535455565758595A5B5C5D5E5F52
:205E6000606162636465666768696A6B6C6D6E6F707172737475767778797A7B7C7D7E7F32
:205E8000808182838485868788898A8B8C8D8E8F909192939495969798999A9B9C9D9E9F12
:205EA000A0A1A2A3A4A5A6A7A8A9AAABACADAEAFB0B1B2B3B4B5B6B7B8B9BABBBCBDBEBFF2
:205EC000C0C1C2C3C4C5C6C7C8C9CACBCCCDCECFD0D1D2D3D4D5D6D7D8D9DADBDCDDDEDFD2
:205EE000E0E1E2E3E4E5E6E7E8E9EAEBECEDEEEFF0F1F2F3F4F5F6F7F8F9FAFBFCFDFEFFB2
:205F0000000102030405060708090A0B0C0D0E0F101112131415161718191A1B1C1D1E1F91
:205F2000202122232425262728292A2B2C2D2E2F303132333435363738393A3B3C3D3E3F71
:205F4000404142434445464748494A4B4C4D4E4F505152535455565758595A5B5C5D5E5F51
:205F6000606162636465666768696A6B6C6D6E6F707172737475767778797A7B7C7D7E7F31
:205F8000808182838485868788898A8B8C8D8E8F909192939495969798999A9B9C9D9E9F11
:205FA000A0A1A2A3A4A5A6A7A8A9AAABACADAEAFB0B1B2B3B4B5B6B7B8B9BABBBCBDBEBFF1
:205FC000C0C1C2C3C4C5C6C7C8C9CACBCCCDCECFD0D1D2D3D4D5D6D7D8D9DADBDCDDDEDFD1
:205FE000E0E1E2E3E4E5E6E7E8E9EAEBECEDEEEFF0F1F2F3F4F5F6F7F8F9FAFBFCFDFEFFB1
:20600000000102030405060708090A0B0C0D0E0F101112131415161718191A1B1C1D1E1F90
:20602000202122232425262728292A2B2C2D2E2F303132333435363738393A3B3C3D3E3F70
:20604000404142434445464748494A4B4C4D4E4F505152535455565758595A5B5C5D5E5F50
:20606000606162636465666768696A6B6C6D6E6F707172737475767778797A7B7C7D7E7F30
:20608000808182838485868788898A8B8C8D8E8F909192939495969798999A9B9C9D9E9F10
:2060A000A0A1A2A3A4A5A6A7A8A9AAABACADAEAFB0B1B2B3B4B5B6B7B8B9BABBBCBDBEBFF0
:2060C000C0C1C2C3C4C5C6C7C8C9CACBCCCDCECFD0D1D2D3D4D5D6D7D8D9DADBDCDDDEDFD0
:2060E000E0E1E2E3E4E5E6E7E8E9EAEBECEDEEEFF0F1F2F3F4F5F6F7F8F9FAFBFCFDFEFFB0
:20610000000102030405060708090A0B0C0D0E0F101112131415161718191A1B1C1D1E1F8F
:20612000202122232425262728292A2B2C2D2E2F303132333435363738393A3B3C3D3E3F6F
:20614000404142434445464748494A4B4C4D4E4F505152535455565758595A5B5C5D5E5F4F
:20616000606162636465666768696A6B6C6D6E6F707172737475767778797A7B7C7D7E7F2F
:20618000808182838485868788898A8B8C8D8E8F909192939495969798999A9B9C9D9E9F0F
:2061A000A0A1A2A3A4A5A6A7A8A9AAABACADAEAFB0B1B2B3B4B5B6B7B8B9BABBBCBDBEBFEF
:2061C000C0C1C2C3C4C5C6C7C8C9CACBCCCDCECFD0D1D2D3D4D5D6D7D8D9DADBDCDDDEDFCF
:2061E000E0E1E2E3E4E5E6E7E8E9EAEBECEDEEEFF0F1F2F3F4F5F6F7F8F9FAFBFCFDFEFFAF
:20620000000102030405060708090A0B0C0D0E0F101112131415161718191A1B1C1D1E1F8E
:20622000202122232425262728292A2B2C2D2E2F303132333435363738393A3B3C3D3E3F6E
:20624000404142434445464748494A4B4C4D4E4F505152535455565758595A5B5C5D5E5F4E
:20626000606162636465666768696A6B6C6D6E6F707172737475767778797A7B7C7D7E7F2E
:20628000808182838485868788898A8B8C8D8E8F909192939495969798999A9B9C9D9E9F0E
:2062A000A0A1A2A3A4A5A6A7A8A9AAABACADAEAFB0B1B2B3B4B5B6B7B8B9BABBBCBDBEBFEE
:2062C000C0C1C2C3C4C5C6C7C8C9CACBCCCDCECFD0D1D2D3D4D5D6D7D8D9DADBDCDDDEDFCE
:2062E000E0E1E2E3E4E5E6E7E8E9EAEBECEDEEEFF0F1F2F3F4F5F6F7F8F9FAFBFCFDFEFFAE
:20630000000102030405060708090A0B0C0D0E0F101112131415161718191A1B1C1D1E1F8D
:20632000202122232425262728292A2B2C2D2E2F303132333435363738393A3B3C3D3E3F6D
:20634000404142434445464748494A4B4C4D4E4F505152535455565758595A5B5C5D5E5F4D
:20636000606162636465666768696A6B6C6D6E6F707172737475767778797A7B7C7D7E7F2D
:20638000808182838485868788898A8B8C8D8E8F909192939495969798999A9B9C9D9E9F0D
:2063A000A0A1A2A3A4A5A6A7A8A9AAABACADAEAFB0B1B2B3B4B5B6B7B8B9BABBBCBDBEBFED
:2063C000C0C1C2C3C4C5C6C7C8C9CACBCCCDCECFD0D1D2D3D4D5D6D7D8D9DADBDCDDDEDFCD
:2063E000E0E1E2E3E4E5E6E7E8E9EAEBECEDEEEFF0F1F2F3F4F5F6F7F8F9FAFBFCFDFEFFAD
:20640000000102030405060708090A0B0C0D0E0F101112131415161718191A1B1C1D1E1F8C
:20642000202122232425262728292A2B2C2D2E2F303132333435363738393A3B3C3D3E3F6C
:20644000404142434445464748494A4B4C4D4E4F505152535455565758595A5B5C5D5E5F4C
:20646000606162636465666768696A6B6C6D6E6F707172737475767778797A7B7C7D7E7F2C
:20648000808182838485868788898A8B8C8D8E8F909192939495969798999A9B9C9D9E9F0C
:2064A000A0A1A2A3A4A5A6A7A8A9AAABACADAEAFB0B1B2B3B4B5B6B7B8B9BABBBCBDBEBFEC
:2064C000C0C1C2C3C4C5C6C7C8C9CACBCCCDCECFD0D1D2D3D4D5D6D7D8D9DADBDCDDDEDFCC
:2064E000E0E1E2E3E4E5E6E7E8E9EAEBECEDEEEFF0F1F2F3F4F5F6F7F8F9FAFBFCFDFEFFAC
:20650000000102030405060708090A0B0C0D0E0F101112131415161718191A1B1C1D1E1F8B
:20652000202122232425262728292A2B2C2D2E2F303132333435363738393A3B3C3D3E3F6B
:20654000404142434445464748494A4B4C4D4E4F505152535455565758595A5B5C5D5E5F4B
:20656000606162636465666768696A6B6C6D6E6F707172737475767778797A7B7C7D7E7F2B
:20658000808182838485868788898A8B8C8D8E8F909192939495969798999A9B9C9D9E9F0B
:2065A000A0A1A2A3A4A5A6A7A8A9AAABACADAEAFB0B1B2B3B4B5B6B7B8B9BABBBCBDBEBFEB
:2065C000C0C1C2C3C4C5C6C7C8C9CACBCCCDCECFD0D1D2D3D4D5D6D7D8D9DADBDCDDDEDFCB
:2065E000E0E1E2E3E4E5E6E7E8E9EAEBECEDEEEFF0F1F2F3F4F5F6F7F8F9FAFBFCFDFEFFAB
:20660000000102030405060708090A0B0C0D0E0F101112131415161718191A1B1C1D1E1F8A
:20662000202122232425262728292A2B2C2D2E2F303132333435363738393A3B3C3D3E3F6A
:20664000404142434445464748494A4B4C4D4E4F505152535455565758595A5B5C5D5E5F4A
:20666000606162636465666768696A6B6C6D6E6F707172737475767778797A7B7C7D7E7F2A
:20668000808182838485868788898A8B8C8D8E8F909192939495969798999A9B9C9D9E9F0A
:2066A000A0A1A2A3A4A5A6A7A8A9AAABACADAEAFB0B1B2B3B4B5B6B7B8B9BABBBCBDBEBFEA
:2066C000C0C1C2C3C4C5C6C7C8C9CACBCCCDCECFD0D1D2D3D4D5D6D7D8D9DADBDCDDDEDFCA
:2066E000E0E1E2E3E4E5E6E7E8E9EAEBECEDEEEFF0F1F2F3F4F5F6F7F8F9FAFBFCFDFEFFAA
:20670000000102030405060708090A0B0C0D0E0F101112131415161718191A1B1C1D1E1F89
:20672000202122232425262728292A2B2C2D2E2F303132333435363738393A3B3C3D3E3F69
:20674000404142434445464748494A4B4C4D4E4F505152535455565758595A5B5C5D5E5F49
:20676000606162636465666768696A6B6C6D6E6F707172737475767778797A7B7C7D7E7F29
:20678000808182838485868788898A8B8C8D8E8F909192939495969798999A9B9C9D9E9F09
:2067A000A0A1A2A3A4A5A6A7A8A9AAABACADAEAFB0B1B2B3B4B5B6B7B8B9BABBBCBDBEBFE9
:2067C000C0C1C2C3C4C5C6C7C8C9CACBCCCDCECFD0D1D2D3D4D5D6D7D8D9DADBDCDDDEDFC9
:2067E000E0E1E2E3E4E5E6E7E8E9EAEBECEDEEEFF0F1F2F3F4F5F6F7F8F9FAFBFCFDFEFFA9
:20680000000102030405060708090A0B0C0D0E0F101112131415161718191A1B1C1D1E1F88
:20682000202122232425262728292A2B2C2D2E2F303132333435363738393A3B3C3D3E3F68
:20684000404142434445464748494A4B4C4D4E4F505152535455565758595A5B5C5D5E5F48
:20686000606162636465666768696A6B6C6D6E6F707172737475767778797A7B7C7D7E7F28
:20688000808182838485868788898A8B8C8D8E8F909192939495969798999A9B9C9D9E9F08
:2068A000A0A1A2A3A4A5A6A7A8A9AAABACADAEAFB0B1B2B3B4B5B6B7B8B9BABBBCBDBEBFE8
:2068C000C0C1C2C3C4C5C6C7C8C9CACBCCCDCECFD0D1D2D3D4D5D6D7D8D9DADBDCDDDEDFC8
:2068E000E0E1E2E3E4E5E6E7E8E9EAEBECEDEEEFF0F1F2F3F4F5F6F7F8F9FAFBFCFDFEFFA8
:20690000000102030405060708090A0B0C0D0E0F101112131415161718191A1B1C1D1E1F87
:20692000202122232425262728292A2B2C2D2E2F303132333435363738393A3B3C3D3E3F67
:20694000404142434445464748494A4B4C4D4E4F505152535455565758595A5B5C5D5E5F47
:20696000606162636465666768696A6B6C6D6E6F707172737475767778797A7B7C7D7E7F27
:20698000808182838485868788898A8B8C8D8E8F909192939495969798999A9B9C9D9E9F07
:2069A000A0A1A2A3A4A5A6A7A8A9AAABACADAEAFB0B1B2B3B4B5B6B7B8B9BABBBCBDBEBFE7
:2069C000C0C1C2C3C4C5C6C7C8C9CACBCCCDCECFD0D1D2D3D4D5D6D7D8D9DADBDCDDDEDFC7
:2069E000E0E1E2E3E4E5E6E7E8E9EAEBECEDEEEFF0F1F2F3F4F5F6F7F8F9FAFBFCFDFEFFA7
:206A0000000102030405060708090A0B0C0D0E0F101112131415161718191A1B1C1D1E1F86
:206A2000202122232425262728292A2B2C2D2E2F303132333435363738393A3B3C3D3E3F66
:206A4000404142434445464748494A4B4C4D4E4F505152535455565758595A5B5C5D5E5F46
:206A6000606162636465666768696A6B6C6D6E6F707172737475767778797A7B7C7D7E7F26
:206A8000808182838485868788898A8B8C8D8E8F909192939495969798999A9B9C9D9E9F06
:206AA000A0A1A2A3A4A5A6A7A8A9AAABACADAEAFB0B1B2B3B4B5B6B7B8B9BABBBCBDBEBFE6
:206AC000C0C1C2C3C4C5C6C7C8C9CACBCCCDCECFD0D1D2D3D4D5D6D7D8D9DADBDCDDDEDFC6
:206AE000E0E1E2E3E4E5E6E7E8E9EAEBECEDEEEFF0F1F2F3F4F5F6F7F8F9FAFBFCFDFEFFA6
:206B0000000102030405060708090A0B0C0D0E0F101112131415161718191A1B1C1D1E1F85
:206B2000202122232425262728292A2B2C2D2E2F303132333435363738393A3B3C3D3E3F65
:206B4000404142434445464748494A4B4C4D4E4F505152535455565758595A5B5C5D5E5F45
:206B6000606162636465666768696A6B6C6D6E6F707172737475767778797A7B7C7D7E7F25
:206B8000808182838485868788898A8B8C8D8E8F909192939495969798999A9B9C9D9E9F05
:206BA000A0A1A2A3A4A5A6A7A8A9AAABACADAEAFB0B1B2B3B4B5B6B7B8B9BABBBCBDBEBFE5
:206BC000C0C1C2C3C4C5C6C7C8C9CACBCCCDCECFD0D1D2D3D4D5D6D7D8D9DADBDCDDDEDFC5
:206BE000E0E1E2E3E4E5E6E7E8E9EAEBECEDEEEFF0F1F2F3F4F5F6F7F8F9FAFBFCFDFEFFA5
:206C0000000102030405060708090A0B0C0D0E0F101112131415161718191A1B1C1D1E1F84
:206C2000202122232425262728292A2B2C2D2E2F303132333435363738393A3B3C3D3E3F64
:206C4000404142434445464748494A4B4C4D4E4F505152535455565758595A5B5C5D5E5F44
:206C6000606162636465666768696A6B6C6D6E6F707172737475767778797A7B7C7D7E7F24
:206C8000808182838485868788898A8B8C8D8E8F909192939495969798999A9B9C9D9E9F04
:206CA000A0A1A2A3A4A5A6A7A8A9AAABACADAEAFB0B1B2B3B4B5B6B7B8B9BABBBCBDBEBFE4
:206CC000C0C1C2C3C4C5C6C7C8C9CACBCCCDCECFD0D1D2D3D4D5D6D7D8D9DADBDCDDDEDFC4
:206CE000E0E1E2E3E4E5E6E7E8E9EAEBECEDEEEFF0F1F2F3F4F5F6F7F8F9FAFBFCFDFEFFA4
:206D0000000102030405060708090A0B0C0D0E0F101112131415161718191A1B1C1D1E1F83
:206D2000202122232425262728292A2B2C2D2E2F303132333435363738393A3B3C3D3E3F63
:206D4000404142434445464748494A4B4C4D4E4F505152535455565758595A5B5C5D5E5F43
:206D6000606162636465666768696A6B6C6D6E6F707172737475767778797A7B7C7D7E7F23
:206D8000808182838485868788898A8B8C8D8E8F909192939495969798999A9B9C9D9E9F03
:206DA000A0A1A2A3A4A5A6A7A8A9AAABACADAEAFB0B1B2B3B4B5B6B7B8B9BABBBCBDBEBFE3
:206DC000C0C1C2C3C4C5C6C7C8C9CACBCCCDCECFD0D1D2D3D4D5D6D7D8D9DADBDCDDDEDFC3
:206DE000E0E1E2E3E4E5E6E7E8E9EAEBECEDEEEFF0F1F2F3F4F5F6F7F8F9FAFBFCFDFEFFA3
:206E0000000102030405060708090A0B0C0D0E0F101112131415161718191A1B1C1D1E1F82
:206E2000202122232425262728292A2B2C2D2E2F303132333435363738393A3B3C3D3E3F62
:206E4000404142434445464748494A4B4C4D4E4F505152535455565758595A5B5C5D5E5F42
:206E6000606162636465666768696A6B6C6D6E6F707172737475767778797A7B7C7D7E7F22
:206E8000808182838485868788898A8B8C8D8E8F909192939495969798999A9B9C9D9E9F02
:206EA000A0A1A2A3A4A5A6A7A8A9AAABACADAEAFB0B1B2B3B4B5B6B7B8B9BABBBCBDBEBFE2
:206EC000C0C1C2C3C4C5C6C7C8C9CACBCCCDCECFD0D1D2D3D4D5D6D7D8D9DADBDCDDDEDFC2
:206EE000E0E1E2E3E4E5E6E7E8E9EAEBECEDEEEFF0F1F2F3F4F5F6F7F8F9FAFBFCFDFEFFA2
:206F0000000102030405060708090A0B0C0D0E0F101112131415161718191A1B1C1D1E1F81
:206F2000202122232425262728292A2B2C2D2E2F303132333435363738393A3B3C3D3E3F61
:206F4000404142434445464748494A4B4C4D4E4F505152535455565758595A5B5C5D5E5F41
:206F6000606162636465666768696A6B6C6D6E6F707172737475767778797A7B7C7D7E7F21
:206F8000808182838485868788898A8B8C8D8E8F909192939495969798999A9B9C9D9E9F01
:206FA000A0A1A2A3A4A5A6A7A8A9AAABACADAEAFB0B1B2B3B4B5B6B7B8B9BABBBCBDBEBFE1
:206FC000C0C1C2C3C4C5C6C7C8C9CACBCCCDCECFD0D1D2D3D4D5D6D7D8D9DADBDCDDDEDFC1
:206FE000E0E1E2E3E4E5E6E7E8E9EAEBECEDEEEFF0F1F2F3F4F5F6F7F8F9FAFBFCFDFEFFA1
:20700000000102030405060708090A0B0C0D0E0F101112131415161718191A1B1C1D1E1F80
:20702000202122232425262728292A2B2C2D2E2F303132333435363738393A3B3C3D3E3F60
:20704000404142434445464748494A4B4C4D4E4F505152535455565758595A5B5C5D5E5F40
:20706000606162636465666768696A6B6C6D6E6F707172737475767778797A7B7C7D7E7F20
:20708000808182838485868788898A8B8C8D8E8F909192939495969798999A9B9C9D9E9F00
:2070A000A0A1A2A3A4A5A6A7A8A9AAABACADAEAFB0B1B2B3B4B5B6B7B8B9BABBBCBDBEBFE0
:2070C000C0C1C2C3C4C5C6C7C8C9CACBCCCDCECFD0D1D2D3D4D5D6D7D8D9DADBDCDDDEDFC0
:2070E000E0E1E2E3E4E5E6E7E8E9EAEBECEDEEEFF0F1F2F3F4F5F6F7F8F9FAFBFCFDFEFFA0
:20710000000102030405060708090A0B0C0D0E0F101112131415161718191A1B1C1D1E1F7F
:20712000202122232425262728292A2B2C2D2E2F303132333435363738393A3B3C3D3E3F5F
:20714000404142434445464748494A4B4C4D4E4F505152535455565758595A5B5C5D5E5F3F
:20716000606162636465666768696A6B6C6D6E6F707172737475767778797A7B7C7D7E7F1F
:20718000808182838485868788898A8B8C8D8E8F909192939495969798999A9B9C9D9E9FFF
:2071A000A0A1A2A3A4A5A6A7A8A9AAABACADAEAFB0B1B2B3B4B5B6B7B8B9BABBBCBDBEBFDF
:2071C000C0C1C2C3C4C5C6C7C8C9CACBCCCDCECFD0D1D2D3D4D5D6D7D8D9DADBDCDDDEDFBF
:2071E000E0E1E2E3E4E5E6E7E8E9EAEBECEDEEEFF0F1F2F3F4F5F6F7F8F9FAFBFCFDFEFF9F
:20720000000102030405060708090A0B0C0D0E0F101112131415161718191A1B1C1D1E1F7E
:20722000202122232425262728292A2B2C2D2E2F303132333435363738393A3B3C3D3E3F5E
:20724000404142434445464748494A4B4C4D4E4F505152535455565758595A5B5C5D5E5F3E
:20726000606162636465666768696A6B6C6D6E6F707172737475767778797A7B7C7D7E7F1E
:20728000808182838485868788898A8B8C8D8E8F909192939495969798999A9B9C9D9E9FFE
:2072A000A0A1A2A3A4A5A6A7A8A9AAABACADAEAFB0B1B2B3B4B5B6B7B8B9BABBBCBDBEBFDE
:2072C000C0C1C2C3C4C5C6C7C8C9CACBCCCDCECFD0D1D2D3D4D5D6D7D8D9DADBDCDDDEDFBE
:2072E000E0E1E2E3E4E5E6E7E8E9EAEBECEDEEEFF0F1F2F3F4F5F6F7F8F9FAFBFCFDFEFF9E
:20730000000102030405060708090A0B0C0D0E0F101112131415161718191A1B1C1D1E1F7D
:20732000202122232425262728292A2B2C2D2E2F303132333435363738393A3B3C3D3E3F5D
:20734000404142434445464748494A4B4C4D4E4F505152535455565758595A5B5C5D5E5F3D
:20736000606162636465666768696A6B6C6D6E6F707172737475767778797A7B7C7D7E7F1D
:20738000808182838485868788898A8B8C8D8E8F909192939495969798999A9B9C9D9E9FFD
:2073A000A0A1A2A3A4A5A6A7A8A9AAABACADAEAFB0B1B2B3B4B5B6B7B8B9BABBBCBDBEBFDD
:2073C000C0C1C2C3C4C5C6C7C8C9CACBCCCDCECFD0D1D2D3D4D5D6D7D8D9DADBDCDDDEDFBD
:2073E000E0E1E2E3E4E5E6E7E8E9EAEBECEDEEEFF0F1F2F3F4F5F6F7F8F9FAFBFCFDFEFF9D
:20740000000102030405060708090A0B0C0D0E0F101112131415161718191A1B1C1D1E1F7C
:20742000202122232425262728292A2B2C2D2E2F303132333435363738393A3B3C3D3E3F5C
:20744000404142434445464748494A4B4C4D4E4F505152535455565758595A5B5C5D5E5F3C
:20746000606162636465666768696A6B6C6D6E6F707172737475767778797A7B7C7D7E7F1C
:20748000808182838485868788898A8B8C8D8E8F909192939495969798999A9B9C9D9E9FFC
:2074A000A0A1A2A3A4A5A6A7A8A9AAABACADAEAFB0B1B2B3B4B5B6B7B8B9BABBBCBDBEBFDC
:2074C000C0C1C2C3C4C5C6C7C8C9CACBCCCDCECFD0D1D2D3D4D5D6D7D8D9DADBDCDDDEDFBC
:2074E000E0E1E2E3E4E5E6E7E8E9EAEBECEDEEEFF0F1F2F3F4F5F6F7F8F9FAFBFCFDFEFF9C
:20750000000102030405060708090A0B0C0D0E0F101112131415161718191A1B1C1D1E1F7B
:20752000202122232425262728292A2B2C2D2E2F303132333435363738393A3B3C3D3E3F5B
:20754000404142434445464748494A4B4C4D4E4F505152535455565758595A5B5C5D5E5F3B
:20756000606162636465666768696A6B6C6D6E6F707172737475767778797A7B7C7D7E7F1B
:20758000808182838485868788898A8B8C8D8E8F909192939495969798999A9B9C9D9E9FFB
:2075A000A0A1A2A3A4A5A6A7A8A9AAABACADAEAFB0B1B2B3B4B5B6B7B8B9BABBBCBDBEBFDB
:2075C000C0C1C2C3C4C5C6C7C8C9CACBCCCDCECFD0D1D2D3D4D5D6D7D8D9DADBDCDDDEDFBB
:2075E000E0E1E2E3E4E5E6E7E8E9EAEBECEDEEEFF0F1F2F3F4F5F6F7F8F9FAFBFCFDFEFF9B
:20760000000102030405060708090A0B0C0D0E0F101112131415161718191A1B1C1D1E1F7A
:20762000202122232425262728292A2B2C2D2E2F303132333435363738393A3B3C3D3E3F5A
:20764000404142434445464748494A4B4C4D4E4F505152535455565758595A5B5C5D5E5F3A
:20766000606162636465666768696A6B6C6D6E6F707172737475767778797A7B7C7D7E7F1A
:20768000808182838485868788898A8B8C8D8E8F909192939495969798999A9B9C9D9E9FFA
:2076A000A0A1A2A3A4A5A6A7A8A9AAABACADAEAFB0B1B2B3B4B5B6B7B8B9BABBBCBDBEBFDA
:2076C000C0C1C2C3C4C5C6C7C8C9CACBCCCDCECFD0D1D2D3D4D5D6D7D8D9DADBDCDDDEDFBA
:2076E000E0E1E2E3E4E5E6E7E8E9EAEBECEDEEEFF0F1F2F3F4F5F6F7F8F9FAFBFCFDFEFF9A
:20770000000102030405060708090A0B0C0D0E0F101112131415161718191A1B1C1D1E1F79
:20772000202122232425262728292A2B2C2D2E2F303132333435363738393A3B3C3D3E3F59
:20774000404142434445464748494A4B4C4D4E4F505152535455565758595A5B5C5D5E5F39
:20776000606162636465666768696A6B6C6D6E6F707172737475767778797A7B7C7D7E7F19
:20778000808182838485868788898A8B8C8D8E8F909192939495969798999A9B9C9D9E9FF9
:2077A000A0A1A2A3A4A5A6A7A8A9AAABACADAEAFB0B1B2B3B4B5B6B7B8B9BABBBCBDBEBFD9
:2077C000C0C1C2C3C4C5C6C7C8C9CACBCCCDCECFD0D1D2D3D4D5D6D7D8D9DADBDCDDDEDFB9
:2077E000E0E1E2E3E4E5E6E7E8E9EAEBECEDEEEFF0F1F2F3F4F5F6F7F8F9FAFBFCFDFEFF99
:20780000000102030405060708090A0B0C0D0E0F101112131415161718191A1B1C1D1E1F78
:20782000202122232425262728292A2B2C2D2E2F303132333435363738393A3B3C3D3E3F58
:20784000404142434445464748494A4B4C4D4E4F505152535455565758595A5B5C5D5E5F38
:20786000606162636465666768696A6B6C6D6E6F707172737475767778797A7B7C7D7E7F18
:20788000808182838485868788898A8B8C8D8E8F909192939495969798999A9B9C9D9E9FF8
:2078A000A0A1A2A3A4A5A6A7A8A9AAABACADAEAFB0B1B2B3B4B5B6B7B8B9BABBBCBDBEBFD8
:2078C000C0C1C2C3C4C5C6C7C8C9CACBCCCDCECFD0D1D2D3D4D5D6D7D8D9DADBDCDDDEDFB8
:2078E000E0E1E2E3E4E5E6E7E8E9EAEBECEDEEEFF0F1F2F3F4F5F6F7F8F9FAFBFCFDFEFF98
:20790000000102030405060708090A0B0C0D0E0F101112131415161718191A1B1C1D1E1F77
:20792000202122232425262728292A2B2C2D2E2F303132333435363738393A3B3C3D3E3F57
:20794000404142434445464748494A4B4C4D4E4F505152535455565758595A5B5C5D5E5F37
:20796000606162636465666768696A6B6C6D6E6F707172737475767778797A7B7C7D7E7F17
:20798000808182838485868788898A8B8C8D8E8F909192939495969798999A9B9C9D9E9FF7
:2079A000A0A1A2A3A4A5A6A7A8A9AAABACADAEAFB0B1B2B3B4B5B6B7B8B9BABBBCBDBEBFD7
:2079C000C0C1C2C3C4C5C6C7C8C9CACBCCCDCECFD0D1D2D3D4D5D6D7D8D9DADBDCDDDEDFB7
:2079E000E0E1E2E3E4E5E6E7E8E9EAEBECEDEEEFF0F1F2F3F4F5F6F7F8F9FAFBFCFDFEFF97
:207A0000000102030405060708090A0B0C0D0E0F101112131415161718191A1B1C1D1E1F76
:207A2000202122232425262728292A2B2C2D2E2F303132333435363738393A3B3C3D3E3F56
:207A4000404142434445464748494A4B4C4D4E4F505152535455565758595A5B5C5D5E5F36
:207A6000606162636465666768696A6B6C6D6E6F707172737475767778797A7B7C7D7E7F16
:207A8000808182838485868788898A8B8C8D8E8F909192939495969798999A9B9C9D9E9FF6
:207AA000A0A1A2A3A4A5A6A7A8A9AAABACADAEAFB0B1B2B3B4B5B6B7B8B9BABBBCBDBEBFD6
:207AC000C0C1C2C3C4C5C6C7C8C9CACBCCCDCECFD0D1D2D3D4D5D6D7D8D9DADBDCDDDEDFB6
:207AE000E0E1E2E3E4E5E6E7E8E9EAEBECEDEEEFF0F1F2F3F4F5F6F7F8F9FAFBFCFDFEFF96
:207B0000000102030405060708090A0B0C0D0E0F101112131415161718191A1B1C1D1E1F75
:207B2000202122232425262728292A2B2C2D2E2F303132333435363738393A3B3C3D3E3F55
:207B4000404142434445464748494A4B4C4D4E4F505152535455565758595A5B5C5D5E5F35
:207B6000606162636465666768696A6B6C6D6E6F707172737475767778797A7B7C7D7E7F15
:207B8000808182838485868788898A8B8C8D8E8F909192939495969798999A9B9C9D9E9FF5
:207BA000A0A1A2A3A4A5A6A7A8A9AAABACADAEAFB0B1B2B3B4B5B6B7B8B9BABBBCBDBEBFD5
:207BC000C0C1C2C3C4C5C6C7C8C9CACBCCCDCECFD0D1D2D3D4D5D6D7D8D9DADBDCDDDEDFB5
:207BE000E0E1E2E3E4E5E6E7E8E9EAEBECEDEEEFF0F1F2F3F4F5F6F7F8F9FAFBFCFDFEFF95
:207C0000000102030405060708090A0B0C0D0E0F101112131415161718191A1B1C1D1E1F74
:207C2000202122232425262728292A2B2C2D2E2F303132333435363738393A3B3C3D3E3F54
:207C4000404142434445464748494A4B4C4D4E4F505152535455565758595A5B5C5D5E5F34
:207C6000606162636465666768696A6B6C6D6E6F707172737475767778797A7B7C7D7E7F14
:207C8000808182838485868788898A8B8C8D8E8F909192939495969798999A9B9C9D9E9FF4
:207CA000A0A1A2A3A4A5A6A7A8A9AAABACADAEAFB0B1B2B3B4B5B6B7B8B9BABBBCBDBEBFD4
:207CC000C0C1C2C3C4C5C6C7C8C9CACBCCCDCECFD0D1D2D3D4D5D6D7D8D9DADBDCDDDEDFB4
:207CE000E0E1E2E3E4E5E6E7E8E9EAEBECEDEEEFF0F1F2F3F4F5F6F7F8F9FAFBFCFDFEFF94
:207D0000000102030405060708090A0B0C0D0E0F101112131415161718191A1B1C1D1E1F73
:207D2000202122232425262728292A2B2C2D2E2F303132333435363738393A3B3C3D3E3F53
:207D4000404142434445464748494A4B4C4D4E4F505152535455565758595A5B5C5D5E5F33
:207D6000606162636465666768696A6B6C6D6E6F707172737475767778797A7B7C7D7E7F13
:207D8000808182838485868788898A8B8C8D8E8F909192939495969798999A9B9C9D9E9FF3
:207DA000A0A1A2A3A4A5A6A7A8A9AAABACADAEAFB0B1B2B3B4B5B6B7B8B9BABBBCBDBEBFD3
:207DC000C0C1C2C3C4C5C6C7C8C9CACBCCCDCECFD0D1D2D3D4D5D6D7D8D9DADBDCDDDEDFB3
:207DE000E0E1E2E3E4E5E6E7E8E9EAEBECEDEEEFF0F1F2F3F4F5F6F7F8F9FAFBFCFDFEFF93
:207E0000000102030405060708090A0B0C0D0E0F101112131415161718191A1B1C1D1E1F72
:207E2000202122232425262728292A2B2C2D2E2F303132333435363738393A3B3C3D3E3F52
:207E4000404142434445464748494A4B4C4D4E4F505152535455565758595A5B5C5D5E5F32
:207E6000606162636465666768696A6B6C6D6E6F707172737475767778797A7B7C7D7E7F12
:207E8000808182838485868788898A8B8C8D8E8F909192939495969798999A9B9C9D9E9FF2
:207EA000A0A1A2A3A4A5A6A7A8A9AAABACADAEAFB0B1B2B3B4B5B6B7B8B9BABBBCBDBEBFD2
:207EC000C0C1C2C3C4C5C6C7C8C9CACBCCCDCECFD0D1D2D3D4D5D6D7D8D9DADBDCDDDEDFB2
:207EE000E0E1E2E3E4E5E6E7E8E9EAEBECEDEEEFF0F1F2F3F4F5F6F7F8F9FAFBFCFDFEFF92
:207F0000000102030405060708090A0B0C0D0E0F101112131415161718191A1B1C1D1E1F71
:207F2000202122232425262728292A2B2C2D2E2F303132333435363738393A3B3C3D3E3F51
:207F4000404142434445464748494A4B4C4D4E4F505152535455565758595A5B5C5D5E5F31
:207F6000606162636465666768696A6B6C6D6E6F707172737475767778797A7B7C7D7E7F11
:207F8000808182838485868788898A8B8C8D8E8F909192939495969798999A9B9C9D9E9FF1
:207FA000A0A1A2A3A4A5A6A7A8A9AAABACADAEAFB0B1B2B3B4B5B6B7B8B9BABBBCBDBEBFD1
:207FC000C0C1C2C3C4C5C6C7C8C9CACBCCCDCECFD0D1D2D3D4D5D6D7D8D9DADBDCDDDEDFB1
:207FE000E0E1E2E3E4E5E6E7E8E9EAEBECEDEEEFF0F1F2F3F4F5F6F7F8F9FAFBFCFDFEFF91
:20800000000102030405060708090A0B0C0D0E0F101112131415161718191A1B1C1D1E1F70
:20802000202122232425262728292A2B2C2D2E2F303132333435363738393A3B3C3D3E3F50
:20804000404142434445464748494A4B4C4D4E4F505152535455565758595A5B5C5D5E5F30
:20806000606162636465666768696A6B6C6D6E6F707172737475767778797A7B7C7D7E7F10
:20808000808182838485868788898A8B8C8D8E8F909192939495969798999A9B9C9D9E9FF0
:2080A000A0A1A2A3A4A5A6A7A8A9AAABACADAEAFB0B1B2B3B4B5B6B7B8B9BABBBCBDBEBFD0
:2080C000C0C1C2C3C4C5C6C7C8C9CACBCCCDCECFD0D1D2D3D4D5D6D7D8D9DADBDCDDDEDFB0
:2080E000E0E1E2E3E4E5E6E7E8E9EAEBECEDEEEFF0F1F2F3F4F5F6F7F8F9FAFBFCFDFEFF90
:20810000000102030405060708090A0B0C0D0E0F101112131415161718191A1B1C1D1E1F6F
:20812000202122232425262728292A2B2C2D2E2F303132333435363738393A3B3C3D3E3F4F
:20814000404142434445464748494A4B4C4D4E4F505152535455565758595A5B5C5D5E5F2F
:20816000606162636465666768696A6B6C6D6E6F707172737475767778797A7B7C7D7E7F0F
:20818000808182838485868788898A8B8C8D8E8F909192939495969798999A9B9C9D9E9FEF
:2081A000A0A1A2A3A4A5A6A7A8A9AAABACADAEAFB0B1B2B3B4B5B6B7B8B9BABBBCBDBEBFCF
:2081C000C0C1C2C3C4C5C6C7C8C9CACBCCCDCECFD0D1D2D3D4D5D6D7D8D9DADBDCDDDEDFAF
:2081E000E0E1E2E3E4E5E6E7E8E9EAEBECEDEEEFF0F1F2F3F4F5F6F7F8F9FAFBFCFDFEFF8F
:20820000000102030405060708090A0B0C0D0E0F101112131415161718191A1B1C1D1E1F6E
:20822000202122232425262728292A2B2C2D2E2F303132333435363738393A3B3C3D3E3F4E
:20824000404142434445464748494A4B4C4D4E4F505152535455565758595A5B5C5D5E5F2E
:20826000606162636465666768696A6B6C6D6E6F707172737475767778797A7B7C7D7E7F0E
:20828000808182838485868788898A8B8C8D8E8F909192939495969798999A9B9C9D9E9FEE
:2082A000A0A1A2A3A4A5A6A7A8A9AAABACADAEAFB0B1B2B3B4B5B6B7B8B9BABBBCBDBEBFCE
:2082C000C0C1C2C3C4C5C6C7C8C9CACBCCCDCECFD0D1D2D3D4D5D6D7D8D9DADBDCDDDEDFAE
:2082E000E0E1E2E3E4E5E6E7E8E9EAEBECEDEEEFF0F1F2F3F4F5F6F7F8F9FAFBFCFDFEFF8E
:20830000000102030405060708090A0B0C0D0E0F101112131415161718191A1B1C1D1E1F6D
:20832000202122232425262728292A2B2C2D2E2F303132333435363738393A3B3C3D3E3F4D
:20834000404142434445464748494A4B4C4D4E4F505152535455565758595A5B5C5D5E5F2D
:20836000606162636465666768696A6B6C6D6E6F707172737475767778797A7B7C7D7E7F0D
:20838000808182838485868788898A8B8C8D8E8F909192939495969798999A9B9C9D9E9FED
:2083A000A0A1A2A3A4A5A6A7A8A9AAABACADAEAFB0B1B2B3B4B5B6B7B8B9BABBBCBDBEBFCD
:2083C000C0C1C2C3C4C5C6C7C8C9CACBCCCDCECFD0D1D2D3D4D5D6D7D8D9DADBDCDDDEDFAD
:2083E000E0E1E2E3E4E5E6E7E8E9EAEBECEDEEEFF0F1F2F3F4F5F6F7F8F9FAFBFCFDFEFF8D
:20840000000102030405060708090A0B0C0D0E0F101112131415161718191A1B1C1D1E1F6C
:20842000202122232425262728292A2B2C2D2E2F303132333435363738393A3B3C3D3E3F4C
:20844000404142434445464748494A4B4C4D4E4F505152535455565758595A5B5C5D5E5F2C
:20846000606162636465666768696A6B6C6D6E6F707172737475767778797A7B7C7D7E7F0C
:20848000808182838485868788898A8B8C8D8E8F909192939495969798999A9B9C9D9E9FEC
:2084A000A0A1A2A3A4A5A6A7A8A9AAABACADAEAFB0B1B2B3B4B5B6B7B8B9BABBBCBDBEBFCC
:2084C000C0C1C2C3C4C5C6C7C8C9CACBCCCDCECFD0D1D2D3D4D5D6D7D8D9DADBDCDDDEDFAC
:2084E000E0E1E2E3E4E5E6E7E8E9EAEBECEDEEEFF0F1F2F3F4F5F6F7F8F9FAFBFCFDFEFF8C
:20850000000102030405060708090A0B0C0D0E0F101112131415161718191A1B1C1D1E1F6B
:20852000202122232425262728292A2B2C2D2E2F303132333435363738393A3B3C3D3E3F4B
:20854000404142434445464748494A4B4C4D4E4F505152535455565758595A5B5C5D5E5F2B
:20856000606162636465666768696A6B6C6D6E6F707172737475767778797A7B7C7D7E7F0B
:20858000808182838485868788898A8B8C8D8E8F909192939495969798999A9B9C9D9E9FEB
:2085A000A0A1A2A3A4A5A6A7A8A9AAABACADAEAFB0B1B2B3B4B5B6B7B8B9BABBBCBDBEBFCB
:2085C000C0C1C2C3C4C5C6C7C8C9CACBCCCDCECFD0D1D2D3D4D5D6D7D8D9DADBDCDDDEDFAB
:2085E000E0E1E2E3E4E5E6E7E8E9EAEBECEDEEEFF0F1F2F3F4F5F6F7F8F9FAFBFCFDFEFF8B
:20860000000102030405060708090A0B0C0D0E0F101112131415161718191A1B1C1D1E1F6A
:20862000202122232425262728292A2B2C2D2E2F303132333435363738393A3B3C3D3E3F4A
:20864000404142434445464748494A4B4C4D4E4F505152535455565758595A5B5C5D5E5F2A
:20866000606162636465666768696A6B6C6D6E6F707172737475767778797A7B7C7D7E7F0A
:20868000808182838485868788898A8B8C8D8E8F909192939495969798999A9B9C9D9E9FEA
:2086A000A0A1A2A3A4A5A6A7A8A9AAABACADAEAFB0B1B2B3B4B5B6B7B8B9BABBBCBDBEBFCA
:2086C000C0C1C2C3C4C5C6C7C8C9CACBCCCDCECFD0D1D2D3D4D5D6D7D8D9DADBDCDDDEDFAA
:2086E000E0E1E2E3E4E5E6E7E8E9EAEBECEDEEEFF0F1F2F3F4F5F6F7F8F9FAFBFCFDFEFF8A
:20870000000102030405060708090A0B0C0D0E0F101112131415161718191A1B1C1D1E1F69
:20872000202122232425262728292A2B2C2D2E2F303132333435363738393A3B3C3D3E3F49
:20874000404142434445464748494A4B4C4D4E4F505152535455565758595A5B5C5D5E5F29
:20876000606162636465666768696A6B6C6D6E6F707172737475767778797A7B7C7D7E7F09
:20878000808182838485868788898A8B8C8D8E8F909192939495969798999A9B9C9D9E9FE9
:2087A000A0A1A2A3A4A5A6A7A8A9AAABACADAEAFB0B1B2B3B4B5B6B7B8B9BABBBCBDBEBFC9
:2087C000C0C1C2C3C4C5C6C7C8C9CACBCCCDCECFD0D1D2D3D4D5D6D7D8D9DADBDCDDDEDFA9
:2087E000E0E1E2E3E4E5E6E7E8E9EAEBECEDEEEFF0F1F2F3F4F5F6F7F8F9FAFBFCFDFEFF89
:20880000000102030405060708090A0B0C0D0E0F101112131415161718191A1B1C1D1E1F68
:20882000202122232425262728292A2B2C2D2E2F303132333435363738393A3B3C3D3E3F48
:20884000404142434445464748494A4B4C4D4E4F505152535455565758595A5B5C5D5E5F28
:20886000606162636465666768696A6B6C6D6E6F707172737475767778797A7B7C7D7E7F08
:20888000808182838485868788898A8B8C8D8E8F909192939495969798999A9B9C9D9E9FE8
:2088A000A0A1A2A3A4A5A6A7A8A9AAABACADAEAFB0B1B2B3B4B5B6B7B8B9BABBBCBDBEBFC8
:2088C000C0C1C2C3C4C5C6C7C8C9CACBCCCDCECFD0D1D2D3D4D5D6D7D8D9DADBDCDDDEDFA8
:2088E000E0E1E2E3E4E5E6E7E8E9EAEBECEDEEEFF0F1F2F3F4F5F6F7F8F9FAFBFCFDFEFF88
:20890000000102030405060708090A0B0C0D0E0F101112131415161718191A1B1C1D1E1F67
:20892000202122232425262728292A2B2C2D2E2F303132333435363738393A3B3C3D3E3F47
:20894000404142434445464748494A4B4C4D4E4F505152535455565758595A5B5C5D5E5F27
:20896000606162636465666768696A6B6C6D6E6F707172737475767778797A7B7C7D7E7F07
:20898000808182838485868788898A8B8C8D8E8F909192939495969798999A9B9C9D9E9FE7
:2089A000A0A1A2A3A4A5A6A7A8A9AAABACADAEAFB0B1B2B3B4B5B6B7B8B9BABBBCBDBEBFC7
:2089C000C0C1C2C3C4C5C6C7C8C9CACBCCCDCECFD0D1D2D3D4D5D6D7D8D9DADBDCDDDEDFA7
:2089E000E0E1E2E3E4E5E6E7E8E9EAEBECEDEEEFF0F1F2F3F4F5F6F7F8F9FAFBFCFDFEFF87
:208A0000000102030405060708090A0B0C0D0E0F101112131415161718191A1B1C1D1E1F66
:208A2000202122232425262728292A2B2C2D2E2F303132333435363738393A3B3C3D3E3F46
:208A4000404142434445464748494A4B4C4D4E4F505152535455565758595A5B5C5D5E5F26
:208A6000606162636465666768696A6B6C6D6E6F707172737475767778797A7B7C7D7E7F06
:208A8000808182838485868788898A8B8C8D8E8F909192939495969798999A9B9C9D9E9FE6
:208AA000A0A1A2A3A4A5A6A7A8A9AAABACADAEAFB0B1B2B3B4B5B6B7B8B9BABBBCBDBEBFC6
:208AC000C0C1C2C3C4C5C6C7C8C9CACBCCCDCECFD0D1D2D3D4D5D6D7D8D9DADBDCDDDEDFA6
:208AE000E0E1E2E3E4E5E6E7E8E9EAEBECEDEEEFF0F1F2F3F4F5F6F7F8F9FAFBFCFDFEFF86
:208B0000000102030405060708090A0B0C0D0E0F101112131415161718191A1B1C1D1E1F65
:208B2000202122232425262728292A2B2C2D2E2F303132333435363738393A3B3C3D3E3F45
:208B4000404142434445464748494A4B4C4D4E4F505152535455565758595A5B5C5D5E5F25
:208B6000606162636465666768696A6B6C6D6E6F707172737475767778797A7B7C7D7E7F05
:208B8000808182838485868788898A8B8C8D8E8F909192939495969798999A9B9C9D9E9FE5
:208BA000A0A1A2A3A4A5A6A7A8A9AAABACADAEAFB0B1B2B3B4B5B6B7B8B9BABBBCBDBEBFC5
:208BC000C0C1C2C3C4C5C6C7C8C9CACBCCCDCECFD0D1D2D3D4D5D6D7D8D9DADBDCDDDEDFA5
:208BE000E0E1E2E3E4E5E6E7E8E9EAEBECEDEEEFF0F1F2F3F4F5F6F7F8F9FAFBFCFDFEFF85
:208C0000000102030405060708090A0B0C0D0E0F101112131415161718191A1B1C1D1E1F64
:208C2000202122232425262728292A2B2C2D2E2F303132333435363738393A3B3C3D3E3F44
:208C4000404142434445464748494A4B4C4D4E4F505152535455565758595A5B5C5D5E5F24
:208C6000606162636465666768696A6B6C6D6E6F707172737475767778797A7B7C7D7E7F04
:208C8000808182838485868788898A8B8C8D8E8F909192939495969798999A9B9C9D9E9FE4
:208CA000A0A1A2A3A4A5A6A7A8A9AAABACADAEAFB0B1B2B3B4B5B6B7B8B9BABBBCBDBEBFC4
:208CC000C0C1C2C3C4C5C6C7C8C9CACBCCCDCECFD0D1D2D3D4D5D6D7D8D9DADBDCDDDEDFA4
:208CE000E0E1E2E3E4E5E6E7E8E9EAEBECEDEEEFF0F1F2F3F4F5F6F7F8F9FAFBFCFDFEFF84
:208D0000000102030405060708090A0B0C0D0E0F101112131415161718191A1B1C1D1E1F63
:208D2000202122232425262728292A2B2C2D2E2F303132333435363738393A3B3C3D3E3F43
:208D4000404142434445464748494A4B4C4D4E4F505152535455565758595A5B5C5D5E5F23
:208D6000606162636465666768696A6B6C6D6E6F707172737475767778797A7B7C7D7E7F03
:208D8000808182838485868788898A8B8C8D8E8F909192939495969798999A9B9C9D9E9FE3
:208DA000A0A1A2A3A4A5A6A7A8A9AAABACADAEAFB0B1B2B3B4B5B6B7B8B9BABBBCBDBEBFC3
:208DC000C0C1C2C3C4C5C6C7C8C9CACBCCCDCECFD0D1D2D3D4D5D6D7D8D9DADBDCDDDEDFA3
:208DE000E0E1E2E3E4E5E6E7E8E9EAEBECEDEEEFF0F1F2F3F4F5F6F7F8F9FAFBFCFDFEFF83
:208E0000000102030405060708090A0B0C0D0E0F101112131415161718191A1B1C1D1E1F62
:208E2000202122232425262728292A2B2C2D2E2F303132333435363738393A3B3C3D3E3F42
:208E4000404142434445464748494A4B4C4D4E4F505152535455565758595A5B5C5D5E5F22
:208E6000606162636465666768696A6B6C6D6E6F707172737475767778797A7B7C7D7E7F02
:208E8000808182838485868788898A8B8C8D8E8F909192939495969798999A9B9C9D9E9FE2
:208EA000A0A1A2A3A4A5A6A7A8A9AAABACADAEAFB0B1B2B3B4B5B6B7B8B9BABBBCBDBEBFC2
:208EC000C0C1C2C3C4C5C6C7C8C9CACBCCCDCECFD0D1D2D3D4D5D6D7D8D9DADBDCDDDEDFA2
:208EE000E0E1E2E3E4E5E6E7E8E9EAEBECEDEEEFF0F1F2F3F4F5F6F7F8F9FAFBFCFDFEFF82
:208F0000000102030405060708090A0B0C0D0E0F101112131415161718191A1B1C1D1E1F61
:208F2000202122232425262728292A2B2C2D2E2F303132333435363738393A3B3C3D3E3F41
:208F4000404142434445464748494A4B4C4D4E4F505152535455565758595A5B5C5D5E5F21
:208F6000606162636465666768696A6B6C6D6E6F707172737475767778797A7B7C7D7E7F01
:208F8000808182838485868788898A8B8C8D8E8F909192939495969798999A9B9C9D9E9FE1
:208FA000A0A1A2A3A4A5A6A7A8A9AAABACADAEAFB0B1B2B3B4B5B6B7B8B9BABBBCBDBEBFC1
:208FC000C0C1C2C3C4C5C6C7C8C9CACBCCCDCECFD0D1D2D3D4D5D6D7D8D9DADBDCDDDEDFA1
:208FE000E0E1E2E3E4E5E6E7E8E9EAEBECEDEEEFF0F1F2F3F4F5F6F7F8F9FAFBFCFDFEFF81
:20900000000102030405060708090A0B0C0D0E0F101112131415161718191A1B1C1D1E1F60
:20902000202122232425262728292A2B2C2D2E2F303132333435363738393A3B3C3D3E3F40
:20904000404142434445464748494A4B4C4D4E4F505152535455565758595A5B5C5D5E5F20
:20906000606162636465666768696A6B6C6D6E6F707172737475767778797A7B7C7D7E7F00
:20908000808182838485868788898A8B8C8D8E8F909192939495969798999A9B9C9D9E9FE0
:2090A000A0A1A2A3A4A5A6A7A8A9AAABACADAEAFB0B1B2B3B4B5B6B7B8B9BABBBCBDBEBFC0
:2090C000C0C1C2C3C4C5C6C7C8C9CACBCCCDCECFD0D1D2D3D4D5D6D7D8D9DADBDCDDDEDFA0
:2090E000E0E1E2E3E4E5E6E7E8E9EAEBECEDEEEFF0F1F2F3F4F5F6F7F8F9FAFBFCFDFEFF80
:20910000000102030405060708090A0B0C0D0E0F101112131415161718191A1B1C1D1E1F5F
:20912000202122232425262728292A2B2C2D2E2F303132333435363738393A3B3C3D3E3F3F
:20914000404142434445464748494A4B4C4D4E4F505152535455565758595A5B5C5D5E5F1F
:20916000606162636465666768696A6B6C6D6E6F707172737475767778797A7B7C7D7E7FFF
:20918000808182838485868788898A8B8C8D8E8F909192939495969798999A9B9C9D9E9FDF
:2091A000A0A1A2A3A4A5A6A7A8A9AAABACADAEAFB0B1B2B3B4B5B6B7B8B9BABBBCBDBEBFBF
:2091C000C0C1C2C3C4C5C6C7C8C9CACBCCCDCECFD0D1D2D3D4D5D6D7D8D9DADBDCDDDEDF9F
:2091E000E0E1E2E3E4E5E6E7E8E9EAEBECEDEEEFF0F1F2F3F4F5F6F7F8F9FAFBFCFDFEFF7F
:20920000000102030405060708090A0B0C0D0E0F101112131415161718191A1B1C1D1E1F5E
:20922000202122232425262728292A2B2C2D2E2F303132333435363738393A3B3C3D3E3F3E
:20924000404142434445464748494A4B4C4D4E4F505152535455565758595A5B5C5D5E5F1E
:20926000606162636465666768696A6B6C6D6E6F707172737475767778797A7B7C7D7E7FFE
:20928000808182838485868788898A8B8C8D8E8F909192939495969798999A9B9C9D9E9FDE
:2092A000A0A1A2A3A4A5A6A7A8A9AAABACADAEAFB0B1B2B3B4B5B6B7B8B9BABBBCBDBEBFBE
:2092C000C0C1C2C3C4C5C6C7C8C9CACBCCCDCECFD0D1D2D3D4D5D6D7D8D9DADBDCDDDEDF9E
:2092E000E0E1E2E3E4E5E6E7E8E9EAEBECEDEEEFF0F1F2F3F4F5F6F7F8F9FAFBFCFDFEFF7E
:20930000000102030405060708090A0B0C0D0E0F101112131415161718191A1B1C1D1E1F5D
:20932000202122232425262728292A2B2C2D2E2F303132333435363738393A3B3C3D3E3F3D
:20934000404142434445464748494A4B4C4D4E4F505152535455565758595A5B5C5D5E5F1D
:20936000606162636465666768696A6B6C6D6E6F707172737475767778797A7B7C7D7E7FFD
:20938000808182838485868788898A8B8C8D8E8F909192939495969798999A9B9C9D9E9FDD
:2093A000A0A1A2A3A4A5A6A7A8A9AAABACADAEAFB0B1B2B3B4B5B6B7B8B9BABBBCBDBEBFBD
:2093C000C0C1C2C3C4C5C6C7C8C9CACBCCCDCECFD0D1D2D3D4D5D6D7D8D9DADBDCDDDEDF9D
:2093E000E0E1E2E3E4E5E6E7E8E9EAEBECEDEEEFF0F1F2F3F4F5F6F7F8F9FAFBFCFDFEFF7D
:20940000000102030405060708090A0B0C0D0E0F101112131415161718191A1B1C1D1E1F5C
:20942000202122232425262728292A2B2C2D2E2F303132333435363738393A3B3C3D3E3F3C
:20944000404142434445464748494A4B4C4D4E4F505152535455565758595A5B5C5D5E5F1C
:20946000606162636465666768696A6B6C6D6E6F707172737475767778797A7B7C7D7E7FFC
:20948000808182838485868788898A8B8C8D8E8F909192939495969798999A9B9C9D9E9FDC
:2094A000A0A1A2A3A4A5A6A7A8A9AAABACADAEAFB0B1B2B3B4B5B6B7B8B9BABBBCBDBEBFBC
:2094C000C0C1C2C3C4C5C6C7C8C9CACBCCCDCECFD0D1D2D3D4D5D6D7D8D9DADBDCDDDEDF9C
:2094E000E0E1E2E3E4E5E6E7E8E9EAEBECEDEEEFF0F1F2F3F4F5F6F7F8F9FAFBFCFDFEFF7C
:20950000000102030405060708090A0B0C0D0E0F101112131415161718191A1B1C1D1E1F5B
:20952000202122232425262728292A2B2C2D2E2F303132333435363738393A3B3C3D3E3F3B
:20954000404142434445464748494A4B4C4D4E4F505152535455565758595A5B5C5D5E5F1B
:20956000606162636465666768696A6B6C6D6E6F707172737475767778797A7B7C7D7E7FFB
:20958000808182838485868788898A8B8C8D8E8F909192939495969798999A9B9C9D9E9FDB
:2095A000A0A1A2A3A4A5A6A7A8A9AAABACADAEAFB0B1B2B3B4B5B6B7B8B9BABBBCBDBEBFBB
:2095C000C0C1C2C3C4C5C6C7C8C9CACBCCCDCECFD0D1D2D3D4D5D6D7D8D9DADBDCDDDEDF9B
:2095E000E0E1E2E3E4E5E6E7E8E9EAEBECEDEEEFF0F1F2F3F4F5F6F7F8F9FAFBFCFDFEFF7B
:20960000000102030405060708090A0B0C0D0E0F101112131415161718191A1B1C1D1E1F5A
:20962000202122232425262728292A2B2C2D2E2F303132333435363738393A3B3C3D3E3F3A
:20964000404142434445464748494A4B4C4D4E4F505152535455565758595A5B5C5D5E5F1A
:20966000606162636465666768696A6B6C6D6E6F707172737475767778797A7B7C7D7E7FFA
:20968000808182838485868788898A8B8C8D8E8F909192939495969798999A9B9C9D9E9FDA
:2096A000A0A1A2A3A4A5A6A7A8A9AAABACADAEAFB0B1B2B3B4B5B6B7B8B9BABBBCBDBEBFBA
:2096C000C0C1C2C3C4C5C6C7C8C9CACBCCCDCECFD0D1D2D3D4D5D6D7D8D9DADBDCDDDEDF9A
:2096E000E0E1E2E3E4E5E6E7E8E9EAEBECEDEEEFF0F1F2F3F4F5F6F7F8F9FAFBFCFDFEFF7A
:20970000000102030405060708090A0B0C0D0E0F101112131415161718191A1B1C1D1E1F59
:20972000202122232425262728292A2B2C2D2E2F303132333435363738393A3B3C3D3E3F39
:20974000404142434445464748494A4B4C4D4E4F505152535455565758595A5B5C5D5E5F19
:20976000606162636465666768696A6B6C6D6E6F707172737475767778797A7B7C7D7E7FF9
:20978000808182838485868788898A8B8C8D8E8F909192939495969798999A9B9C9D9E9FD9
:2097A000A0A1A2A3A4A5A6A7A8A9AAABACADAEAFB0B1B2B3B4B5B6B7B8B9BABBBCBDBEBFB9
:2097C000C0C1C2C3C4C5C6C7C8C9CACBCCCDCECFD0D1D2D3D4D5D6D7D8D9DADBDCDDDEDF99
:2097E000E0E1E2E3E4E5E6E7E8E9EAEBECEDEEEFF0F1F2F3F4F5F6F7F8F9FAFBFCFDFEFF79
:20980000000102030405060708090A0B0C0D0E0F101112131415161718191A1B1C1D1E1F58
:20982000202122232425262728292A2B2C2D2E2F303132333435363738393A3B3C3D3E3F38
:20984000404142434445464748494A4B4C4D4E4F505152535455565758595A5B5C5D5E5F18
:20986000606162636465666768696A6B6C6D6E6F707172737475767778797A7B7C7D7E7FF8
:20988000808182838485868788898A8B8C8D8E8F909192939495969798999A9B9C9D9E9FD8
:2098A000A0A1A2A3A4A5A6A7A8A9AAABACADAEAFB0B1B2B3B4B5B6B7B8B9BABBBCBDBEBFB8
:2098C000C0C1C2C3C4C5C6C7C8C9CACBCCCDCECFD0D1D2D3D4D5D6D7D8D9DADBDCDDDEDF98
:2098E000E0E1E2E3E4E5E6E7E8E9EAEBECEDEEEFF0F1F2F3F4F5F6F7F8F9FAFBFCFDFEFF78
:20990000000102030405060708090A0B0C0D0E0F101112131415161718191A1B1C1D1E1F57
:20992000202122232425262728292A2B2C2D2E2F303132333435363738393A3B3C3D3E3F37
:20994000404142434445464748494A4B4C4D4E4F505152535455565758595A5B5C5D5E5F17
:20996000606162636465666768696A6B6C6D6E6F707172737475767778797A7B7C7D7E7FF7
:20998000808182838485868788898A8B8C8D8E8F909192939495969798999A9B9C9D9E9FD7
:2099A000A0A1A2A3A4A5A6A7A8A9AAABACADAEAFB0B1B2B3B4B5B6B7B8B9BABBBCBDBEBFB7
:2099C000C0C1C2C3C4C5C6C7C8C9CACBCCCDCECFD0D1D2D3D4D5D6D7D8D9DADBDCDDDEDF97
:2099E000E0E1E2E3E4E5E6E7E8E9EAEBECEDEEEFF0F1F2F3F4F5F6F7F8F9FAFBFCFDFEFF77
:209A0000000102030405060708090A0B0C0D0E0F101112131415161718191A1B1C1D1E1F56
:209A2000202122232425262728292A2B2C2D2E2F303132333435363738393A3B3C3D3E3F36
:209A4000404142434445464748494A4B4C4D4E4F505152535455565758595A5B5C5D5E5F16
:209A6000606162636465666768696A6B6C6D6E6F707172737475767778797A7B7C7D7E7FF6
:209A8000808182838485868788898A8B8C8D8E8F909192939495969798999A9B9C9D9E9FD6
:209AA000A0A1A2A3A4A5A6A7A8A9AAABACADAEAFB0B1B2B3B4B5B6B7B8B9BABBBCBDBEBFB6
:209AC000C0C1C2C3C4C5C6C7C8C9CACBCCCDCECFD0D1D2D3D4D5D6D7D8D9DADBDCDDDEDF96
:209AE000E0E1E2E3E4E5E6E7E8E9EAEBECEDEEEFF0F1F2F3F4F5F6F7F8F9FAFBFCFDFEFF76
:209B0000000102030405060708090A0B0C0D0E0F101112131415161718191A1B1C1D1E1F55
:209B2000202122232425262728292A2B2C2D2E2F303132333435363738393A3B3C3D3E3F35
:209B4000404142434445464748494A4B4C4D4E4F505152535455565758595A5B5C5D5E5F15
:209B6000606162636465666768696A6B6C6D6E6F707172737475767778797A7B7C7D7E7FF5
:209B8000808182838485868788898A8B8C8D8E8F909192939495969798999A9B9C9D9E9FD5
:209BA000A0A1A2A3A4A5A6A7A8A9AAABACADAEAFB0B1B2B3B4B5B6B7B8B9BABBBCBDBEBFB5
:209BC000C0C1C2C3C4C5C6C7C8C9CACBCCCDCECFD0D1D2D3D4D5D6D7D8D9DADBDCDDDEDF95
:209BE000E0E1E2E3E4E5E6E7E8E9EAEBECEDEEEFF0F1F2F3F4F5F6F7F8F9FAFBFCFDFEFF75
:209C0000000102030405060708090A0B0C0D0E0F101112131415161718191A1B1C1D1E1F54
:209C2000202122232425262728292A2B2C2D2E2F303132333435363738393A3B3C3D3E3F34
:209C4000404142434445464748494A4B4C4D4E4F505152535455565758595A5B5C5D5E5F14
:209C6000606162636465666768696A6B6C6D6E6F707172737475767778797A7B7C7D7E7FF4
:209C8000808182838485868788898A8B8C8D8E8F909192939495969798999A9B9C9D9E9FD4
:209CA000A0A1A2A3A4A5A6A7A8A9AAABACADAEAFB0B1B2B3B4B5B6B7B8B9BABBBCBDBEBFB4
:209CC000C0C1C2C3C4C5C6C7C8C9CACBCCCDCECFD0D1D2D3D4D5D6D7D8D9DADBDCDDDEDF94
:209CE000E0E1E2E3E4E5E6E7E8E9EAEBECEDEEEFF0F1F2F3F4F5F6F7F8F9FAFBFCFDFEFF74
:209D0000000102030405060708090A0B0C0D0E0F101112131415161718191A1B1C1D1E1F53
:209D2000202122232425262728292A2B2C2D2E2F303132333435363738393A3B3C3D3E3F33
:209D4000404142434445464748494A4B4C4D4E4F505152535455565758595A5B5C5D5E5F13
:209D6000606162636465666768696A6B6C6D6E6F707172737475767778797A7B7C7D7E7FF3
:209D8000808182838485868788898A8B8C8D8E8F909192939495969798999A9B9C9D9E9FD3
:209DA000A0A1A2A3A4A5A6A7A8A9AAABACADAEAFB0B1B2B3B4B5B6B7B8B9BABBBCBDBEBFB3
:209DC000C0C1C2C3C4C5C6C7C8C9CACBCCCDCECFD0D1D2D3D4D5D6D7D8D9DADBDCDDDEDF93
:209DE000E0E1E2E3E4E5E6E7E8E9EAEBECEDEEEFF0F1F2F3F4F5F6F7F8F9FAFBFCFDFEFF73
:209E0000000102030405060708090A0B0C0D0E0F101112131415161718191A1B1C1D1E1F52
:209E2000202122232425262728292A2B2C2D2E2F303132333435363738393A3B3C3D3E3F32
:209E4000404142434445464748494A4B4C4D4E4F505152535455565758595A5B5C5D5E5F12
:209E6000606162636465666768696A6B6C6D6E6F707172737475767778797A7B7C7D7E7FF2
:209E8000808182838485868788898A8B8C8D8E8F909192939495969798999A9B9C9D9E9FD2
:209EA000A0A1A2A3A4A5A6A7A8A9AAABACADAEAFB0B1B2B3B4B5B6B7B8B9BABBBCBDBEBFB2
:209EC000C0C1C2C3C4C5C6C7C8C9CACBCCCDCECFD0D1D2D3D4D5D6D7D8D9DADBDCDDDEDF92
:209EE000E0E1E2E3E4E5E6E7E8E9EAEBECEDEEEFF0F1F2F3F4F5F6F7F8F9FAFBFCFDFEFF72
:209F0000000102030405060708090A0B0C0D0E0F101112131415161718191A1B1C1D1E1F51
:209F2000202122232425262728292A2B2C2D2E2F303132333435363738393A3B3C3D3E3F31
:209F4000404142434445464748494A4B4C4D4E4F505152535455565758595A5B5C5D5E5F11
:209F6000606162636465666768696A6B6C6D6E6F707172737475767778797A7B7C7D7E7FF1
:209F8000808182838485868788898A8B8C8D8E8F909192939495969798999A9B9C9D9E9FD1
:209FA000A0A1A2A3A4A5A6A7A8A9AAABACADAEAFB0B1B2B3B4B5B6B7B8B9BABBBCBDBEBFB1
:209FC000C0C1C2C3C4C5C6C7C8C9CACBCCCDCECFD0D1D2D3D4D5D6D7D8D9DADBDCDDDEDF91
:209FE000E0E1E2E3E4E5E6E7E8E9EAEBECEDEEEFF0F1F2F3F4F5F6F7F8F9FAFBFCFDFEFF71
:20A00000000102030405060708090A0B0C0D0E0F101112131415161718191A1B1C1D1E1F50
:20A02000202122232425262728292A2B2C2D2E2F303132333435363738393A3B3C3D3E3F30
:20A04000404142434445464748494A4B4C4D4E4F505152535455565758595A5B5C5D5E5F10
:20A06000606162636465666768696A6B6C6D6E6F707172737475767778797A7B7C7D7E7FF0
:20A08000808182838485868788898A8B8C8D8E8F909192939495969798999A9B9C9D9E9FD0
:20A0A000A0A1A2A3A4A5A6A7A8A9AAABACADAEAFB0B1B2B3B4B5B6B7B8B9BABBBCBDBEBFB0
:20A0C000C0C1C2C3C4C5C6C7C8C9CACBCCCDCECFD0D1D2D3D4D5D6D7D8D9DADBDCDDDEDF90
:20A0E000E0E1E2E3E4E5E6E7E8E9EAEBECEDEEEFF0F1F2F3F4F5F6F7F8F9FAFBFCFDFEFF70
:20A10000000102030405060708090A0B0C0D0E0F101112131415161718191A1B1C1D1E1F4F
:20A12000202122232425262728292A2B2C2D2E2F303132333435363738393A3B3C3D3E3F2F
:20A14000404142434445464748494A4B4C4D4E4F505152535455565758595A5B5C5D5E5F0F
:20A16000606162636465666768696A6B6C6D6E6F707172737475767778797A7B7C7D7E7FEF
:20A18000808182838485868788898A8B8C8D8E8F909192939495969798999A9B9C9D9E9FCF
:20A1A000A0A1A2A3A4A5A6A7A8A9AAABACADAEAFB0B1B2B3B4B5B6B7B8B9BABBBCBDBEBFAF
:20A1C000C0C1C2C3C4C5C6C7C8C9CACBCCCDCECFD0D1D2D3D4D5D6D7D8D9DADBDCDDDEDF8F
:20A1E000E0E1E2E3E4E5E6E7E8E9EAEBECEDEEEFF0F1F2F3F4F5F6F7F8F9FAFBFCFDFEFF6F
:20A20000000102030405060708090A0B0C0D0E0F101112131415161718191A1B1C1D1E1F4E
:20A22000202122232425262728292A2B2C2D2E2F303132333435363738393A3B3C3D3E3F2E
:20A24000404142434445464748494A4B4C4D4E4F505152535455565758595A5B5C5D5E5F0E
:20A26000606162636465666768696A6B6C6D6E6F707172737475767778797A7B7C7D7E7FEE
:20A28000808182838485868788898A8B8C8D8E8F909192939495969798999A9B9C9D9E9FCE
:20A2A000A0A1A2A3A4A5A6A7A8A9AAABACADAEAFB0B1B2B3B4B5B6B7B8B9BABBBCBDBEBFAE
:20A2C000C0C1C2C3C4C5C6C7C8C9CACBCCCDCECFD0D1D2D3D4D5D6D7D8D9DADBDCDDDEDF8E
:20A2E000E0E1E2E3E4E5E6E7E8E9EAEBECEDEEEFF0F1F2F3F4F5F6F7F8F9FAFBFCFDFEFF6E
:20A30000000102030405060708090A0B0C0D0E0F101112131415161718191A1B1C1D1E1F4D
:20A32000202122232425262728292A2B2C2D2E2F303132333435363738393A3B3C3D3E3F2D
:20A34000404142434445464748494A4B4C4D4E4F505152535455565758595A5B5C5D5E5F0D
:20A36000606162636465666768696A6B6C6D6E6F707172737475767778797A7B7C7D7E7FED
:20A38000808182838485868788898A8B8C8D8E8F909192939495969798999A9B9C9D9E9FCD
:20A3A000A0A1A2A3A4A5A6A7A8A9AAABACADAEAFB0B1B2B3B4B5B6B7B8B9BABBBCBDBEBFAD
:20A3C000C0C1C2C3C4C5C6C7C8C9CACBCCCDCECFD0D1D2D3D4D5D6D7D8D9DADBDCDDDEDF8D
:20A3E000E0E1E2E3E4E5E6E7E8E9EAEBECEDEEEFF0F1F2F3F4F5F6F7F8F9FAFBFCFDFEFF6D
:20A40000000102030405060708090A0B0C0D0E0F101112131415161718191A1B1C1D1E1F4C
:20A42000202122232425262728292A2B2C2D2E2F303132333435363738393A3B3C3D3E3F2C
:20A44000404142434445464748494A4B4C4D4E4F505152535455565758595A5B5C5D5E5F0C
:20A46000606162636465666768696A6B6C6D6E6F707172737475767778797A7B7C7D7E7FEC
:20A48000808182838485868788898A8B8C8D8E8F909192939495969798999A9B9C9D9E9FCC
:20A4A000A0A1A2A3A4A5A6A7A8A9AAABACADAEAFB0B1B2B3B4B5B6B7B8B9BABBBCBDBEBFAC
:20A4C000C0C1C2C3C4C5C6C7C8C9CACBCCCDCECFD0D1D2D3D4D5D6D7D8D9DADBDCDDDEDF8C
:20A4E000E0E1E2E3E4E5E6E7E8E9EAEBECEDEEEFF0F1F2F3F4F5F6F7F8F9FAFBFCFDFEFF6C
:20A50000000102030405060708090A0B0C0D0E0F101112131415161718191A1B1C1D1E1F4B
:20A52000202122232425262728292A2B2C2D2E2F303132333435363738393A3B3C3D3E3F2B
:20A54000404142434445464748494A4B4C4D4E4F505152535455565758595A5B5C5D5E5F0B
:20A56000606162636465666768696A6B6C6D6E6F707172737475767778797A7B7C7D7E7FEB
:20A58000808182838485868788898A8B8C8D8E8F909192939495969798999A9B9C9D9E9FCB
:20A5A000A0A1A2A3A4A5A6A7A8A9AAABACADAEAFB0B1B2B3B4B5B6B7B8B9BABBBCBDBEBFAB
:20A5C000C0C1C2C3C4C5C6C7C8C9CACBCCCDCECFD0D1D2D3D4D5D6D7D8D9DADBDCDDDEDF8B
:20A5E000E0E1E2E3E4E5E6E7E8E9EAEBECEDEEEFF0F1F2F3F4F5F6F7F8F9FAFBFCFDFEFF6B
:20A60000000102030405060708090A0B0C0D0E0F101112131415161718191A1B1C1D1E1F4A
:20A62000202122232425262728292A2B2C2D2E2F303132333435363738393A3B3C3D3E3F2A
:20A64000404142434445464748494A4B4C4D4E4F505152535455565758595A5B5C5D5E5F0A
:20A66000606162636465666768696A6B6C6D6E6F707172737475767778797A7B7C7D7E7FEA
:20A68000808182838485868788898A8B8C8D8E8F909192939495969798999A9B9C9D9E9FCA
:20A6A000A0A1A2A3A4A5A6A7A8A9AAABACADAEAFB0B1B2B3B4B5B6B7B8B9BABBBCBDBEBFAA
:20A6C000C0C1C2C3C4C5C6C7C8C9CACBCCCDCECFD0D1D2D3D4D5D6D7D8D9DADBDCDDDEDF8A
:20A6E000E0E1E2E3E4E5E6E7E8E9EAEBECEDEEEFF0F1F2F3F4F5F6F7F8F9FAFBFCFDFEFF6A
:20A70000000102030405060708090A0B0C0D0E0F101112131415161718191A1B1C1D1E1F49
:20A72000202122232425262728292A2B2C2D2E2F303132333435363738393A3B3C3D3E3F29
:20A74000404142434445464748494A4B4C4D4E4F505152535455565758595A5B5C5D5E5F09
:20A76000606162636465666768696A6B6C6D6E6F707172737475767778797A7B7C7D7E7FE9
:20A78000808182838485868788898A8B8C8D8E8F909192939495969798999A9B9C9D9E9FC9
:20A7A000A0A1A2A3A4A5A6A7A8A9AAABACADAEAFB0B1B2B3B4B5B6B7B8B9BABBBCBDBEBFA9
:20A7C000C0C1C2C3C4C5C6C7C8C9CACBCCCDCECFD0D1D2D3D4D5D6D7D8D9DADBDCDDDEDF89
:20A7E000E0E1E2E3E4E5E6E7E8E9EAEBECEDEEEFF0F1F2F3F4F5F6F7F8F9FAFBFCFDFEFF69
:20A80000000102030405060708090A0B0C0D0E0F101112131415161718191A1B1C1D1E1F48
:20A82000202122232425262728292A2B2C2D2E2F303132333435363738393A3B3C3D3E3F28
:20A84000404142434445464748494A4B4C4D4E4F505152535455565758595A5B5C5D5E5F08
:20A86000606162636465666768696A6B6C6D6E6F707172737475767778797A7B7C7D7E7FE8
:20A88000808182838485868788898A8B8C8D8E8F909192939495969798999A9B9C9D9E9FC8
:20A8A000A0A1A2A3A4A5A6A7A8A9AAABACADAEAFB0B1B2B3B4B5B6B7B8B9BABBBCBDBEBFA8
:20A8C000C0C1C2C3C4C5C6C7C8C9CACBCCCDCECFD0D1D2D3D4D5D6D7D8D9DADBDCDDDEDF88
:20A8E000E0E1E2E3E4E5E6E7E8E9EAEBECEDEEEFF0F1F2F3F4F5F6F7F8F9FAFBFCFDFEFF68
:20A90000000102030405060708090A0B0C0D0E0F101112131415161718191A1B1C1D1E1F47
:20A92000202122232425262728292A2B2C2D2E2F303132333435363738393A3B3C3D3E3F27
:20A94000404142434445464748494A4B4C4D4E4F505152535455565758595A5B5C5D5E5F07
:20A96000606162636465666768696A6B6C6D6E6F707172737475767778797A7B7C7D7E7FE7
:20A98000808182838485868788898A8B8C8D8E8F909192939495969798999A9B9C9D9E9FC7
:20A9A000A0A1A2A3A4A5A6A7A8A9AAABACADAEAFB0B1B2B3B4B5B6B7B8B9BABBBCBDBEBFA7
:20A9C000C0C1C2C3C4C5C6C7C8C9CACBCCCDCECFD0D1D2D3D4D5D6D7D8D9DADBDCDDDEDF87
:20A9E000E0E1E2E3E4E5E6E7E8E9EAEBECEDEEEFF0F1F2F3F4F5F6F7F8F9FAFBFCFDFEFF67
:20AA0000000102030405060708090A0B0C0D0E0F101112131415161718191A1B1C1D1E1F46
:20AA2000202122232425262728292A2B2C2D2E2F303132333435363738393A3B3C3D3E3F26
:20AA4000404142434445464748494A4B4C4D4E4F505152535455565758595A5B5C5D5E5F06
:20AA6000606162636465666768696A6B6C6D6E6F707172737475767778797A7B7C7D7E7FE6
:20AA8000808182838485868788898A8B8C8D8E8F909192939495969798999A9B9C9D9E9FC6
:20AAA000A0A1A2A3A4A5A6A7A8A9AAABACADAEAFB0B1B2B3B4B5B6B7B8B9BABBBCBDBEBFA6
:20AAC000C0C1C2C3C4C5C6C7C8C9CACBCCCDCECFD0D1D2D3D4D5D6D7D8D9DADBDCDDDEDF86
:20AAE000E0E1E2E3E4E5E6E7E8E9EAEBECEDEEEFF0F1F2F3F4F5F6F7F8F9FAFBFCFDFEFF66
:20AB0000000102030405060708090A0B0C0D0E0F101112131415161718191A1B1C1D1E1F45
:20AB2000202122232425262728292A2B2C2D2E2F303132333435363738393A3B3C3D3E3F25
:20AB4000404142434445464748494A4B4C4D4E4F505152535455565758595A5B5C5D5E5F05
:20AB6000606162636465666768696A6B6C6D6E6F707172737475767778797A7B7C7D7E7FE5
:20AB8000808182838485868788898A8B8C8D8E8F909192939495969798999A9B9C9D9E9FC5
:20ABA000A0A1A2A3A4A5A6A7A8A9AAABACADAEAFB0B1B2B3B4B5B6B7B8B9BABBBCBDBEBFA5
:20ABC000C0C1C2C3C4C5C6C7C8C9CACBCCCDCECFD0D1D2D3D4D5D6D7D8D9DADBDCDDDEDF85
:20ABE000E0E1E2E3E4E5E6E7E8E9EAEBECEDEEEFF0F1F2F3F4F5F6F7F8F9FAFBFCFDFEFF65
:20AC0000000102030405060708090A0B0C0D0E0F101112131415161718191A1B1C1D1E1F44
:20AC2000202122232425262728292A2B2C2D2E2F303132333435363738393A3B3C3D3E3F24
:20AC4000404142434445464748494A4B4C4D4E4F505152535455565758595A5B5C5D5E5F04
:20AC6000606162636465666768696A6B6C6D6E6F707172737475767778797A7B7C7D7E7FE4
:20AC8000808182838485868788898A8B8C8D8E8F909192939495969798999A9B9C9D9E9FC4
:20ACA000A0A1A2A3A4A5A6A7A8A9AAABACADAEAFB0B1B2B3B4B5B6B7B8B9BABBBCBDBEBFA4
:20ACC000C0C1C2C3C4C5C6C7C8C9CACBCCCDCECFD0D1D2D3D4D5D6D7D8D9DADBDCDDDEDF84
:20ACE000E0E1E2E3E4E5E6E7E8E9EAEBECEDEEEFF0F1F2F3F4F5F6F7F8F9FAFBFCFDFEFF64
:20AD0000000102030405060708090A0B0C0D0E0F101112131415161718191A1B1C1D1E1F43
:20AD2000202122232425262728292A2B2C2D2E2F303132333435363738393A3B3C3D3E3F23
:20AD4000404142434445464748494A4B4C4D4E4F505152535455565758595A5B5C5D5E5F03
:20AD6000606162636465666768696A6B6C6D6E6F707172737475767778797A7B7C7D7E7FE3
:20AD8000808182838485868788898A8B8C8D8E8F909192939495969798999A9B9C9D9E9FC3
:20ADA000A0A1A2A3A4A5A6A7A8A9AAABACADAEAFB0B1B2B3B4B5B6B7B8B9BABBBCBDBEBFA3
:20ADC000C0C1C2C3C4C5C6C7C8C9CACBCCCDCECFD0D1D2D3D4D5D6D7D8D9DADBDCDDDEDF83
:20ADE000E0E1E2E3E4E5E6E7E8E9EAEBECEDEEEFF0F1F2F3F4F5F6F7F8F9FAFBFCFDFEFF63
:20AE0000000102030405060708090A0B0C0D0E0F101112131415161718191A1B1C1D1E1F42
:20AE2000202122232425262728292A2B2C2D2E2F303132333435363738393A3B3C3D3E3F22
:20AE4000404142434445464748494A4B4C4D4E4F505152535455565758595A5B5C5D5E5F02
:20AE6000606162636465666768696A6B6C6D6E6F707172737475767778797A7B7C7D7E7FE2
:20AE8000808182838485868788898A8B8C8D8E8F909192939495969798999A9B9C9D9E9FC2
:20AEA000A0A1A2A3A4A5A6A7A8A9AAABACADAEAFB0B1B2B3B4B5B6B7B8B9BABBBCBDBEBFA2
:20AEC000C0C1C2C3C4C5C6C7C8C9CACBCCCDCECFD0D1D2D3D4D5D6D7D8D9DADBDCDDDEDF82
:20AEE000E0E1E2E3E4E5E6E7E8E9EAEBECEDEEEFF0F1F2F3F4F5F6F7F8F9FAFBFCFDFEFF62
:20AF0000000102030405060708090A0B0C0D0E0F101112131415161718191A1B1C1D1E1F41
:20AF2000202122232425262728292A2B2C2D2E2F303132333435363738393A3B3C3D3E3F21
:20AF4000404142434445464748494A4B4C4D4E4F505152535455565758595A5B5C5D5E5F01
:20AF6000606162636465666768696A6B6C6D6E6F707172737475767778797A7B7C7D7E7FE1
:20AF8000808182838485868788898A8B8C8D8E8F909192939495969798999A9B9C9D9E9FC1
:20AFA000A0A1A2A3A4A5A6A7A8A9AAABACADAEAFB0B1B2B3B4B5B6B7B8B9BABBBCBDBEBFA1
:20AFC000C0C1C2C3C4C5C6C7C8C9CACBCCCDCECFD0D1D2D3D4D5D6D7D8D9DADBDCDDDEDF81
:20AFE000E0E1E2E3E4E5E6E7E8E9EAEBECEDEEEFF0F1F2F3F4F5F6F7F8F9FAFBFCFDFEFF61
:20B00000000102030405060708090A0B0C0D0E0F101112131415161718191A1B1C1D1E1F40
:20B02000202122232425262728292A2B2C2D2E2F303132333435363738393A3B3C3D3E3F20
:20B04000404142434445464748494A4B4C4D4E4F505152535455565758595A5B5C5D5E5F00
:20B06000606162636465666768696A6B6C6D6E6F707172737475767778797A7B7C7D7E7FE0
:20B08000808182838485868788898A8B8C8D8E8F909192939495969798999A9B9C9D9E9FC0
:20B0A000A0A1A2A3A4A5A6A7A8A9AAABACADAEAFB0B1B2B3B4B5B6B7B8B9BABBBCBDBEBFA0
:20B0C000C0C1C2C3C4C5C6C7C8C9CACBCCCDCECFD0D1D2D3D4D5D6D7D8D9DADBDCDDDEDF80
:20B0E000E0E1E2E3E4E5E6E7E8E9EAEBECEDEEEFF0F1F2F3F4F5F6F7F8F9FAFBFCFDFEFF60
:20B10000000102030405060708090A0B0C0D0E0F101112131415161718191A1B1C1D1E1F3F
:20B12000202122232425262728292A2B2C2D2E2F303132333435363738393A3B3C3D3E3F1F
:20B14000404142434445464748494A4B4C4D4E4F505152535455565758595A5B5C5D5E5FFF
:20B16000606162636465666768696A6B6C6D6E6F707172737475767778797A7B7C7D7E7FDF
:20B18000808182838485868788898A8B8C8D8E8F909192939495969798999A9B9C9D9E9FBF
:20B1A000A0A1A2A3A4A5A6A7A8A9AAABACADAEAFB0B1B2B3B4B5B6B7B8B9BABBBCBDBEBF9F
:20B1C000C0C1C2C3C4C5C6C7C8C9CACBCCCDCECFD0D1D2D3D4D5D6D7D8D9DADBDCDDDEDF7F
:20B1E000E0E1E2E3E4E5E6E7E8E9EAEBECEDEEEFF0F1F2F3F4F5F6F7F8F9FAFBFCFDFEFF5F
:20B20000000102030405060708090A0B0C0D0E0F101112131415161718191A1B1C1D1E1F3E
:20B22000202122232425262728292A2B2C2D2E2F303132333435363738393A3B3C3D3E3F1E
:20B24000404142434445464748494A4B4C4D4E4F505152535455565758595A5B5C5D5E5FFE
:20B26000606162636465666768696A6B6C6D6E6F707172737475767778797A7B7C7D7E7FDE
:20B28000808182838485868788898A8B8C8D8E8F909192939495969798999A9B9C9D9E9FBE
:20B2A000A0A1A2A3A4A5A6A7A8A9AAABACADAEAFB0B1B2B3B4B5B6B7B8B9BABBBCBDBEBF9E
:20B2C000C0C1C2C3C4C5C6C7C8C9CACBCCCDCECFD0D1D2D3D4D5D6D7D8D9DADBDCDDDEDF7E
:20B2E000E0E1E2E3E4E5E6E7E8E9EAEBECEDEEEFF0F1F2F3F4F5F6F7F8F9FAFBFCFDFEFF5E
:20B30000000102030405060708090A0B0C0D0E0F101112131415161718191A1B1C1D1E1F3D
:20B32000202122232425262728292A2B2C2D2E2F303132333435363738393A3B3C3D3E3F1D
:20B34000404142434445464748494A4B4C4D4E4F505152535455565758595A5B5C5D5E5FFD
:20B36000606162636465666768696A6B6C6D6E6F707172737475767778797A7B7C7D7E7FDD
:20B38000808182838485868788898A8B8C8D8E8F909192939495969798999A9B9C9D9E9FBD
:20B3A000A0A1A2A3A4A5A6A7A8A9AAABACADAEAFB0B1B2B3B4B5B6B7B8B9BABBBCBDBEBF9D
:20B3C000C0C1C2C3C4C5C6C7C8C9CACBCCCDCECFD0D1D2D3D4D5D6D7D8D9DADBDCDDDEDF7D
:20B3E000E0E1E2E3E4E5E6E7E8E9EAEBECEDEEEFF0F1F2F3F4F5F6F7F8F9FAFBFCFDFEFF5D
:20B40000000102030405060708090A0B0C0D0E0F101112131415161718191A1B1C1D1E1F3C
:20B42000202122232425262728292A2B2C2D2E2F303132333435363738393A3B3C3D3E3F1C
:20B44000404142434445464748494A4B4C4D4E4F505152535455565758595A5B5C5D5E5FFC
:20B46000606162636465666768696A6B6C6D6E6F707172737475767778797A7B7C7D7E7FDC
:20B48000808182838485868788898A8B8C8D8E8F909192939495969798999A9B9C9D9E9FBC
:20B4A000A0A1A2A3A4A5A6A7A8A9AAABACADAEAFB0B1B2B3B4B5B6B7B8B9BABBBCBDBEBF9C
:20B4C000C0C1C2C3C4C5C6C7C8C9CACBCCCDCECFD0D1D2D3D4D5D6D7D8D9DADBDCDDDEDF7C
:20B4E000E0E1E2E3E4E5E6E7E8E9EAEBECEDEEEFF0F1F2F3F4F5F6F7F8F9FAFBFCFDFEFF5C
:20B50000000102030405060708090A0B0C0D0E0F101112131415161718191A1B1C1D1E1F3B
:20B52000202122232425262728292A2B2C2D2E2F303132333435363738393A3B3C3D3E3F1B
:20B54000404142434445464748494A4B4C4D4E4F505152535455565758595A5B5C5D5E5FFB
:20B56000606162636465666768696A6B6C6D6E6F707172737475767778797A7B7C7D7E7FDB
:20B58000808182838485868788898A8B8C8D8E8F909192939495969798999A9B9C9D9E9FBB
:20B5A000A0A1A2A3A4A5A6A7A8A9AAABACADAEAFB0B1B2B3B4B5B6B7B8B9BABBBCBDBEBF9B
:20B5C000C0C1C2C3C4C5C6C7C8C9CACBCCCDCECFD0D1D2D3D4D5D6D7D8D9DADBDCDDDEDF7B
:20B5E000E0E1E2E3E4E5E6E7E8E9EAEBECEDEEEFF0F1F2F3F4F5F6F7F8F9FAFBFCFDFEFF5B
:20B60000000102030405060708090A0B0C0D0E0F101112131415161718191A1B1C1D1E1F3A
:20B62000202122232425262728292A2B2C2D2E2F303132333435363738393A3B3C3D3E3F1A
:20B64000404142434445464748494A4B4C4D4E4F505152535455565758595A5B5C5D5E5FFA
:20B66000606162636465666768696A6B6C6D6E6F707172737475767778797A7B7C7D7E7FDA
:20B68000808182838485868788898A8B8C8D8E8F909192939495969798999A9B9C9D9E9FBA
:20B6A000A0A1A2A3A4A5A6A7A8A9AAABACADAEAFB0B1B2B3B4B5B6B7B8B9BABBBCBDBEBF9A
:20B6C000C0C1C2C3C4C5C6C7C8C9CACBCCCDCECFD0D1D2D3D4D5D6D7D8D9DADBDCDDDEDF7A
:20B6E000E0E1E2E3E4E5E6E7E8E9EAEBECEDEEEFF0F1F2F3F4F5F6F7F8F9FAFBFCFDFEFF5A
:20B70000000102030405060708090A0B0C0D0E0F101112131415161718191A1B1C1D1E1F39
:20B72000202122232425262728292A2B2C2D2E2F303132333435363738393A3B3C3D3E3F19
:20B74000404142434445464748494A4B4C4D4E4F505152535455565758595A5B5C5D5E5FF9
:20B76000606162636465666768696A6B6C6D6E6F707172737475767778797A7B7C7D7E7FD9
:20B78000808182838485868788898A8B8C8D8E8F909192939495969798999A9B9C9D9E9FB9
:20B7A000A0A1A2A3A4A5A6A7A8A9AAABACADAEAFB0B1B2B3B4B5B6B7B8B9BABBBCBDBEBF99
:20B7C000C0C1C2C3C4C5C6C7C8C9CACBCCCDCECFD0D1D2D3D4D5D6D7D8D9DADBDCDDDEDF79
:20B7E000E0E1E2E3E4E5E6E7E8E9EAEBECEDEEEFF0F1F2F3F4F5F6F7F8F9FAFBFCFDFEFF59
:20B80000000102030405060708090A0B0C0D0E0F101112131415161718191A1B1C1D1E1F38
:20B82000202122232425262728292A2B2C2D2E2F303132333435363738393A3B3C3D3E3F18
:20B84000404142434445464748494A4B4C4D4E4F505152535455565758595A5B5C5D5E5FF8
:20B86000606162636465666768696A6B6C6D6E6F707172737475767778797A7B7C7D7E7FD8
:20B88000808182838485868788898A8B8C8D8E8F909192939495969798999A9B9C9D9E9FB8
:20B8A000A0A1A2A3A4A5A6A7A8A9AAABACADAEAFB0B1B2B3B4B5B6B7B8B9BABBBCBDBEBF98
:20B8C000C0C1C2C3C4C5C6C7C8C9CACBCCCDCECFD0D1D2D3D4D5D6D7D8D9DADBDCDDDEDF78
:20B8E000E0E1E2E3E4E5E6E7E8E9EAEBECEDEEEFF0F1F2F3F4F5F6F7F8F9FAFBFCFDFEFF58
:20B90000000102030405060708090A0B0C0D0E0F101112131415161718191A1B1C1D1E1F37
:20B92000202122232425262728292A2B2C2D2E2F303132333435363738393A3B3C3D3E3F17
:20B94000404142434445464748494A4B4C4D4E4F505152535455565758595A5B5C5D5E5FF7
:20B96000606162636465666768696A6B6C6D6E6F707172737475767778797A7B7C7D7E7FD7
:20B98000808182838485868788898A8B8C8D8E8F909192939495969798999A9B9C9D9E9FB7
:20B9A000A0A1A2A3A4A5A6A7A8A9AAABACADAEAFB0B1B2B3B4B5B6B7B8B9BABBBCBDBEBF97
:20B9C000C0C1C2C3C4C5C6C7C8C9CACBCCCDCECFD0D1D2D3D4D5D6D7D8D9DADBDCDDDEDF77
:20B9E000E0E1E2E3E4E5E6E7E8E9EAEBECEDEEEFF0F1F2F3F4F5F6F7F8F9FAFBFCFDFEFF57
:20BA0000000102030405060708090A0B0C0D0E0F101112131415161718191A1B1C1D1E1F36
:20BA2000202122232425262728292A2B2C2D2E2F303132333435363738393A3B3C3D3E3F16
:20BA4000404142434445464748494A4B4C4D4E4F505152535455565758595A5B5C5D5E5FF6
:20BA6000606162636465666768696A6B6C6D6E6F707172737475767778797A7B7C7D7E7FD6
:20BA8000808182838485868788898A8B8C8D8E8F909192939495969798999A9B9C9D9E9FB6
:20BAA000A0A1A2A3A4A5A6A7A8A9AAABACADAEAFB0B1B2B3B4B5B6B7B8B9BABBBCBDBEBF96
:20BAC000C0C1C2C3C4C5C6C7C8C9CACBCCCDCECFD0D1D2D3D4D5D6D7D8D9DADBDCDDDEDF76
:20BAE000E0E1E2E3E4E5E6E7E8E9EAEBECEDEEEFF0F1F2F3F4F5F6F7F8F9FAFBFCFDFEFF56
:20BB0000000102030405060708090A0B0C0D0E0F101112131415161718191A1B1C1D1E1F35
:20BB2000202122232425262728292A2B2C2D2E2F303132333435363738393A3B3C3D3E3F15
:20BB4000404142434445464748494A4B4C4D4E4F505152535455565758595A5B5C5D5E5FF5
:20BB6000606162636465666768696A6B6C6D6E6F707172737475767778797A7B7C7D7E7FD5
:20BB8000808182838485868788898A8B8C8D8E8F909192939495969798999A9B9C9D9E9FB5
:20BBA000A0A1A2A3A4A5A6A7A8A9AAABACADAEAFB0B1B2B3B4B5B6B7B8B9BABBBCBDBEBF95
:20BBC000C0C1C2C3C4C5C6C7C8C9CACBCCCDCECFD0D1D2D3D4D5D6D7D8D9DADBDCDDDEDF75
:20BBE000E0E1E2E3E4E5E6E7E8E9EAEBECEDEEEFF0F1F2F3F4F5F6F7F8F9FAFBFCFDFEFF55
:20BC0000000102030405060708090A0B0C0D0E0F101112131415161718191A1B1C1D1E1F34
:20BC2000202122232425262728292A2B2C2D2E2F303132333435363738393A3B3C3D3E3F14
:20BC4000404142434445464748494A4B4C4D4E4F505152535455565758595A5B5C5D5E5FF4
:20BC6000606162636465666768696A6B6C6D6E6F707172737475767778797A7B7C7D7E7FD4
:20BC8000808182838485868788898A8B8C8D8E8F909192939495969798999A9B9C9D9E9FB4
:20BCA000A0A1A2A3A4A5A6A7A8A9AAABACADAEAFB0B1B2B3B4B5B6B7B8B9BABBBCBDBEBF94
:20BCC000C0C1C2C3C4C5C6C7C8C9CACBCCCDCECFD0D1D2D3D4D5D6D7D8D9DADBDCDDDEDF74
:20BCE000E0E1E2E3E4E5E6E7E8E9EAEBECEDEEEFF0F1F2F3F4F5F6F7F8F9FAFBFCFDFEFF54
:20BD0000000102030405060708090A0B0C0D0E0F101112131415161718191A1B1C1D1E1F33
:20BD2000202122232425262728292A2B2C2D2E2F303132333435363738393A3B3C3D3E3F13
:20BD4000404142434445464748494A4B4C4D4E4F505152535455565758595A5B5C5D5E5FF3
:20BD6000606162636465666768696A6B6C6D6E6F707172737475767778797A7B7C7D7E7FD3
:20BD8000808182838485868788898A8B8C8D8E8F909192939495969798999A9B9C9D9E9FB3
:20BDA000A0A1A2A3A4A5A6A7A8A9AAABACADAEAFB0B1B2B3B4B5B6B7B8B9BABBBCBDBEBF93
:20BDC000C0C1C2C3C4C5C6C7C8C9CACBCCCDCECFD0D1D2D3D4D5D6D7D8D9DADBDCDDDEDF73
:20BDE000E0E1E2E3E4E5E6E7E8E9EAEBECEDEEEFF0F1F2F3F4F5F6F7F8F9FAFBFCFDFEFF53
:20BE0000000102030405060708090A0B0C0D0E0F101112131415161718191A1B1C1D1E1F32
:20BE2000202122232425262728292A2B2C2D2E2F303132333435363738393A3B3C3D3E3F12
:20BE4000404142434445464748494A4B4C4D4E4F505152535455565758595A5B5C5D5E5FF2
:20BE6000606162636465666768696A6B6C6D6E6F707172737475767778797A7B7C7D7E7FD2
:20BE8000808182838485868788898A8B8C8D8E8F909192939495969798999A9B9C9D9E9FB2
:20BEA000A0A1A2A3A4A5A6A7A8A9AAABACADAEAFB0B1B2B3B4B5B6B7B8B9BABBBCBDBEBF92
:20BEC000C0C1C2C3C4C5C6C7C8C9CACBCCCDCECFD0D1D2D3D4D5D6D7D8D9DADBDCDDDEDF72
:20BEE000E0E1E2E3E4E5E6E7E8E9EAEBECEDEEEFF0F1F2F3F4F5F6F7F8F9FAFBFCFDFEFF52
:20BF0000000102030405060708090A0B0C0D0E0F101112131415161718191A1B1C1D1E1F31
:20BF2000202122232425262728292A2B2C2D2E2F303132333435363738393A3B3C3D3E3F11
:20BF4000404142434445464748494A4B4C4D4E4F505152535455565758595A5B5C5D5E5FF1
:20BF6000606162636465666768696A6B6C6D6E6F707172737475767778797A7B7C7D7E7FD1
:20BF8000808182838485868788898A8B8C8D8E8F909192939495969798999A9B9C9D9E9FB1
:20BFA000A0A1A2A3A4A5A6A7A8A9AAABACADAEAFB0B1B2B3B4B5B6B7B8B9BABBBCBDBEBF91
:20BFC000C0C1C2C3C4C5C6C7C8C9CACBCCCDCECFD0D1D2D3D4D5D6D7D8D9DADBDCDDDEDF71
:20BFE000E0E1E2E3E4E5E6E7E8E9EAEBECEDEEEFF0F1F2F3F4F5F6F7F8F9FAFBFCFDFEFF51
:20C00000000102030405060708090A0B0C0D0E0F101112131415161718191A1B1C1D1E1F30
:20C02000202122232425262728292A2B2C2D2E2F303132333435363738393A3B3C3D3E3F10
:20C04000404142434445464748494A4B4C4D4E4F505152535455565758595A5B5C5D5E5FF0
:20C06000606162636465666768696A6B6C6D6E6F707172737475767778797A7B7C7D7E7FD0
:20C08000808182838485868788898A8B8C8D8E8F909192939495969798999A9B9C9D9E9FB0
:20C0A000A0A1A2A3A4A5A6A7A8A9AAABACADAEAFB0B1B2B3B4B5B6B7B8B9BABBBCBDBEBF90
:20C0C000C0C1C2C3C4C5C6C7C8C9CACBCCCDCECFD0D1D2D3D4D5D6D7D8D9DADBDCDDDEDF70
:20C0E000E0E1E2E3E4E5E6E7E8E9EAEBECEDEEEFF0F1F2F3F4F5F6F7F8F9FAFBFCFDFEFF50
:20C10000000102030405060708090A0B0C0D0E0F101112131415161718191A1B1C1D1E1F2F
:20C12000202122232425262728292A2B2C2D2E2F303132333435363738393A3B3C3D3E3F0F
:20C14000404142434445464748494A4B4C4D4E4F505152535455565758595A5B5C5D5E5FEF
:20C16000606162636465666768696A6B6C6D6E6F707172737475767778797A7B7C7D7E7FCF
:20C18000808182838485868788898A8B8C8D8E8F909192939495969798999A9B9C9D9E9FAF
:20C1A000A0A1A2A3A4A5A6A7A8A9AAABACADAEAFB0B1B2B3B4B5B6B7B8B9BABBBCBDBEBF8F
:20C1C000C0C1C2C3C4C5C6C7C8C9CACBCCCDCECFD0D1D2D3D4D5D6D7D8D9DADBDCDDDEDF6F
:20C1E000E0E1E2E3E4E5E6E7E8E9EAEBECEDEEEFF0F1F2F3F4F5F6F7F8F9FAFBFCFDFEFF4F
:20C20000000102030405060708090A0B0C0D0E0F101112131415161718191A1B1C1D1E1F2E
:20C22000202122232425262728292A2B2C2D2E2F303132333435363738393A3B3C3D3E3F0E
:20C24000404142434445464748494A4B4C4D4E4F505152535455565758595A5B5C5D5E5FEE
:20C26000606162636465666768696A6B6C6D6E6F707172737475767778797A7B7C7D7E7FCE
:20C28000808182838485868788898A8B8C8D8E8F909192939495969798999A9B9C9D9E9FAE
:20C2A000A0A1A2A3A4A5A6A7A8A9AAABACADAEAFB0B1B2B3B4B5B6B7B8B9BABBBCBDBEBF8E
:20C2C000C0C1C2C3C4C5C6C7C8C9CACBCCCDCECFD0D1D2D3D4D5D6D7D8D9DADBDCDDDEDF6E
:20C2E000E0E1E2E3E4E5E6E7E8E9EAEBECEDEEEFF0F1F2F3F4F5F6F7F8F9FAFBFCFDFEFF4E
:20C30000000102030405060708090A0B0C0D0E0F101112131415161718191A1B1C1D1E1F2D
:20C32000202122232425262728292A2B2C2D2E2F303132333435363738393A3B3C3D3E3F0D
:20C34000404142434445464748494A4B4C4D4E4F505152535455565758595A5B5C5D5E5FED
:20C36000606162636465666768696A6B6C6D6E6F707172737475767778797A7B7C7D7E7FCD
:20C38000808182838485868788898A8B8C8D8E8F909192939495969798999A9B9C9D9E9FAD
:20C3A000A0A1A2A3A4A5A6A7A8A9AAABACADAEAFB0B1B2B3B4B5B6B7B8B9BABBBCBDBEBF8D
:20C3C000C0C1C2C3C4C5C6C7C8C9CACBCCCDCECFD0D1D2D3D4D5D6D7D8D9DADBDCDDDEDF6D
:20C3E000E0E1E2E3E4E5E6E7E8E9EAEBECEDEEEFF0F1F2F3F4F5F6F7F8F9FAFBFCFDFEFF4D
:20C40000000102030405060708090A0B0C0D0E0F101112131415161718191A1B1C1D1E1F2C
:20C42000202122232425262728292A2B2C2D2E2F303132333435363738393A3B3C3D3E3F0C
:20C44000404142434445464748494A4B4C4D4E4F505152535455565758595A5B5C5D5E5FEC
:20C46000606162636465666768696A6B6C6D6E6F707172737475767778797A7B7C7D7E7FCC
:20C48000808182838485868788898A8B8C8D8E8F909192939495969798999A9B9C9D9E9FAC
:20C4A000A0A1A2A3A4A5A6A7A8A9AAABACADAEAFB0B1B2B3B4B5B6B7B8B9BABBBCBDBEBF8C
:20C4C000C0C1C2C3C4C5C6C7C8C9CACBCCCDCECFD0D1D2D3D4D5D6D7D8D9DADBDCDDDEDF6C
:20C4E000E0E1E2E3E4E5E6E7E8E9EAEBECEDEEEFF0F1F2F3F4F5F6F7F8F9FAFBFCFDFEFF4C
:20C50000000102030405060708090A0B0C0D0E0F101112131415161718191A1B1C1D1E1F2B
:20C52000202122232425262728292A2B2C2D2E2F303132333435363738393A3B3C3D3E3F0B
:20C54000404142434445464748494A4B4C4D4E4F505152535455565758595A5B5C5D5E5FEB
:20C56000606162636465666768696A6B6C6D6E6F707172737475767778797A7B7C7D7E7FCB
:20C58000808182838485868788898A8B8C8D8E8F909192939495969798999A9B9C9D9E9FAB
:20C5A000A0A1A2A3A4A5A6A7A8A9AAABACADAEAFB0B1B2B3B4B5B6B7B8B9BABBBCBDBEBF8B
:20C5C000C0C1C2C3C4C5C6C7C8C9CACBCCCDCECFD0D1D2D3D4D5D6D7D8D9DADBDCDDDEDF6B
:20C5E000E0E1E2E3E4E5E6E7E8E9EAEBECEDEEEFF0F1F2F3F4F5F6F7F8F9FAFBFCFDFEFF4B
:20C60000000102030405060708090A0B0C0D0E0F101112131415161718191A1B1C1D1E1F2A
:20C62000202122232425262728292A2B2C2D2E2F303132333435363738393A3B3C3D3E3F0A
:20C64000404142434445464748494A4B4C4D4E4F505152535455565758595A5B5C5D5E5FEA
:20C66000606162636465666768696A6B6C6D6E6F707172737475767778797A7B7C7D7E7FCA
:20C68000808182838485868788898A8B8C8D8E8F909192939495969798999A9B9C9D9E9FAA
:20C6A000A0A1A2A3A4A5A6A7A8A9AAABACADAEAFB0B1B2B3B4B5B6B7B8B9BABBBCBDBEBF8A
:20C6C000C0C1C2C3C4C5C6C7C8C9CACBCCCDCECFD0D1D2D3D4D5D6D7D8D9DADBDCDDDEDF6A
:20C6E000E0E1E2E3E4E5E6E7E8E9EAEBECEDEEEFF0F1F2F3F4F5F6F7F8F9FAFBFCFDFEFF4A
:20C70000000102030405060708090A0B0C0D0E0F101112131415161718191A1B1C1D1E1F29
:20C72000202122232425262728292A2B2C2D2E2F303132333435363738393A3B3C3D3E3F09
:20C74000404142434445464748494A4B4C4D4E4F505152535455565758595A5B5C5D5E5FE9
:20C76000606162636465666768696A6B6C6D6E6F707172737475767778797A7B7C7D7E7FC9
:20C78000808182838485868788898A8B8C8D8E8F909192939495969798999A9B9C9D9E9FA9
:20C7A000A0A1A2A3A4A5A6A7A8A9AAABACADAEAFB0B1B2B3B4B5B6B7B8B9BABBBCBDBEBF89
:20C7C000C0C1C2C3C4C5C6C7C8C9CACBCCCDCECFD0D1D2D3D4D5D6D7D8D9DADBDCDDDEDF69
:20C7E000E0E1E2E3E4E5E6E7E8E9EAEBECEDEEEFF0F1F2F3F4F5F6F7F8F9FAFBFCFDFEFF49
:20C80000000102030405060708090A0B0C0D0E0F101112131415161718191A1B1C1D1E1F28
:20C82000202122232425262728292A2B2C2D2E2F303132333435363738393A3B3C3D3E3F08
:20C84000404142434445464748494A4B4C4D4E4F505152535455565758595A5B5C5D5E5FE8
:20C86000606162636465666768696A6B6C6D6E6F707172737475767778797A7B7C7D7E7FC8
:20C88000808182838485868788898A8B8C8D8E8F909192939495969798999A9B9C9D9E9FA8
:20C8A000A0A1A2A3A4A5A6A7A8A9AAABACADAEAFB0B1B2B3B4B5B6B7B8B9BABBBCBDBEBF88
:20C8C000C0C1C2C3C4C5C6C7C8C9CACBCCCDCECFD0D1D2D3D4D5D6D7D8D9DADBDCDDDEDF68
:20C8E000E0E1E2E3E4E5E6E7E8E9EAEBECEDEEEFF0F1F2F3F4F5F6F7F8F9FAFBFCFDFEFF48
:20C90000000102030405060708090A0B0C0D0E0F101112131415161718191A1B1C1D1E1F27
:20C92000202122232425262728292A2B2C2D2E2F303132333435363738393A3B3C3D3E3F07
:20C94000404142434445464748494A4B4C4D4E4F505152535455565758595A5B5C5D5E5FE7
:20C96000606162636465666768696A6B6C6D6E6F707172737475767778797A7B7C7D7E7FC7
:20C98000808182838485868788898A8B8C8D8E8F909192939495969798999A9B9C9D9E9FA7
:20C9A000A0A1A2A3A4A5A6A7A8A9AAABACADAEAFB0B1B2B3B4B5B6B7B8B9BABBBCBDBEBF87
:20C9C000C0C1C2C3C4C5C6C7C8C9CACBCCCDCECFD0D1D2D3D4D5D6D7D8D9DADBDCDDDEDF67
:20C9E000E0E1E2E3E4E5E6E7E8E9EAEBECEDEEEFF0F1F2F3F4F5F6F7F8F9FAFBFCFDFEFF47
:20CA0000000102030405060708090A0B0C0D0E0F101112131415161718191A1B1C1D1E1F26
:20CA2000202122232425262728292A2B2C2D2E2F303132333435363738393A3B3C3D3E3F06
:20CA4000404142434445464748494A4B4C4D4E4F505152535455565758595A5B5C5D5E5FE6
:20CA6000606162636465666768696A6B6C6D6E6F707172737475767778797A7B7C7D7E7FC6
:20CA8000808182838485868788898A8B8C8D8E8F909192939495969798999A9B9C9D9E9FA6
:20CAA000A0A1A2A3A4A5A6A7A8A9AAABACADAEAFB0B1B2B3B4B5B6B7B8B9BABBBCBDBEBF86
:20CAC000C0C1C2C3C4C5C6C7C8C9CACBCCCDCECFD0D1D2D3D4D5D6D7D8D9DADBDCDDDEDF66
:20CAE000E0E1E2E3E4E5E6E7E8E9EAEBECEDEEEFF0F1F2F3F4F5F6F7F8F9FAFBFCFDFEFF46
:20CB0000000102030405060708090A0B0C0D0E0F101112131415161718191A1B1C1D1E1F25
:20CB2000202122232425262728292A2B2C2D2E2F303132333435363738393A3B3C3D3E3F05
:20CB4000404142434445464748494A4B4C4D4E4F505152535455565758595A5B5C5D5E5FE5
:20CB6000606162636465666768696A6B6C6D6E6F707172737475767778797A7B7C7D7E7FC5
:20CB8000808182838485868788898A8B8C8D8E8F909192939495969798999A9B9C9D9E9FA5
:20CBA000A0A1A2A3A4A5A6A7A8A9AAABACADAEAFB0B1B2B3B4B5B6B7B8B9BABBBCBDBEBF85
:20CBC000C0C1C2C3C4C5C6C7C8C9CACBCCCDCECFD0D1D2D3D4D5D6D7D8D9DADBDCDDDEDF65
:20CBE000E0E1E2E3E4E5E6E7E8E9EAEBECEDEEEFF0F1F2F3F4F5F6F7F8F9FAFBFCFDFEFF45
:20CC0000000102030405060708090A0B0C0D0E0F101112131415161718191A1B1C1D1E1F24
:20CC2000202122232425262728292A2B2C2D2E2F303132333435363738393A3B3C3D3E3F04
:20CC4000404142434445464748494A4B4C4D4E4F505152535455565758595A5B5C5D5E5FE4
:20CC6000606162636465666768696A6B6C6D6E6F707172737475767778797A7B7C7D7E7FC4
:20CC8000808182838485868788898A8B8C8D8E8F909192939495969798999A9B9C9D9E9FA4
:20CCA000A0A1A2A3A4A5A6A7A8A9AAABACADAEAFB0B1B2B3B4B5B6B7B8B9BABBBCBDBEBF84
:20CCC000C0C1C2C3C4C5C6C7C8C9CACBCCCDCECFD0D1D2D3D4D5D6D7D8D9DADBDCDDDEDF64
:20CCE000E0E1E2E3E4E5E6E7E8E9EAEBECEDEEEFF0F1F2F3F4F5F6F7F8F9FAFBFCFDFEFF44
:20CD0000000102030405060708090A0B0C0D0E0F101112131415161718191A1B1C1D1E1F23
:20CD2000202122232425262728292A2B2C2D2E2F303132333435363738393A3B3C3D3E3F03
:20CD4000404142434445464748494A4B4C4D4E4F505152535455565758595A5B5C5D5E5FE3
:20CD6000606162636465666768696A6B6C6D6E6F707172737475767778797A7B7C7D7E7FC3
:20CD8000808182838485868788898A8B8C8D8E8F909192939495969798999A9B9C9D9E9FA3
:20CDA000A0A1A2A3A4A5A6A7A8A9AAABACADAEAFB0B1B2B3B4B5B6B7B8B9BABBBCBDBEBF83
:20CDC000C0C1C2C3C4C5C6C7C8C9CACBCCCDCECFD0D1D2D3D4D5D6D7D8D9DADBDCDDDEDF63
:20CDE000E0E1E2E3E4E5E6E7E8E9EAEBECEDEEEFF0F1F2F3F4F5F6F7F8F9FAFBFCFDFEFF43
:20CE0000000102030405060708090A0B0C0D0E0F101112131415161718191A1B1C1D1E1F22
:20CE2000202122232425262728292A2B2C2D2E2F303132333435363738393A3B3C3D3E3F02
:20CE4000404142434445464748494A4B4C4D4E4F505152535455565758595A5B5C5D5E5FE2
:20CE6000606162636465666768696A6B6C6D6E6F707172737475767778797A7B7C7D7E7FC2
:20CE8000808182838485868788898A8B8C8D8E8F909192939495969798999A9B9C9D9E9FA2
:20CEA000A0A1A2A3A4A5A6A7A8A9AAABACADAEAFB0B1B2B3B4B5B6B7B8B9BABBBCBDBEBF82
:20CEC000C0C1C2C3C4C5C6C7C8C9CACBCCCDCECFD0D1D2D3D4D5D6D7D8D9DADBDCDDDEDF62
:20CEE000E0E1E2E3E4E5E6E7E8E9EAEBECEDEEEFF0F1F2F3F4F5F6F7F8F9FAFBFCFDFEFF42
:20CF0000000102030405060708090A0B0C0D0E0F101112131415161718191A1B1C1D1E1F21
:20CF2000202122232425262728292A2B2C2D2E2F303132333435363738393A3B3C3D3E3F01
:20CF4000404142434445464748494A4B4C4D4E4F505152535455565758595A5B5C5D5E5FE1
:20CF6000606162636465666768696A6B6C6D6E6F707172737475767778797A7B7C7D7E7FC1
:20CF8000808182838485868788898A8B8C8D8E8F909192939495969798999A9B9C9D9E9FA1
:20CFA000A0A1A2A3A4A5A6A7A8A9AAABACADAEAFB0B1B2B3B4B5B6B7B8B9BABBBCBDBEBF81
:20CFC000C0C1C2C3C4C5C6C7C8C9CACBCCCDCECFD0D1D2D3D4D5D6D7D8D9DADBDCDDDEDF61
:20CFE000E0E1E2E3E4E5E6E7E8E9EAEBECEDEEEFF0F1F2F3F4F5F6F7F8F9FAFBFCFDFEFF41
:20D00000000102030405060708090A0B0C0D0E0F101112131415161718191A1B1C1D1E1F20
:20D02000202122232425262728292A2B2C2D2E2F303132333435363738393A3B3C3D3E3F00
:20D04000404142434445464748494A4B4C4D4E4F505152535455565758595A5B5C5D5E5FE0
:20D06000606162636465666768696A6B6C6D6E6F707172737475767778797A7B7C7D7E7FC0
:20D08000808182838485868788898A8B8C8D8E8F909192939495969798999A9B9C9D9E9FA0
:20D0A000A0A1A2A3A4A5A6A7A8A9AAABACADAEAFB0B1B2B3B4B5B6B7B8B9BABBBCBDBEBF80
:20D0C000C0C1C2C3C4C5C6C7C8C9CACBCCCDCECFD0D1D2D3D4D5D6D7D8D9DADBDCDDDEDF60
:20D0E000E0E1E2E3E4E5E6E7E8E9EAEBECEDEEEFF0F1F2F3F4F5F6F7F8F9FAFBFCFDFEFF40
:20D10000000102030405060708090A0B0C0D0E0F101112131415161718191A1B1C1D1E1F1F
:20D12000202122232425262728292A2B2C2D2E2F303132333435363738393A3B3C3D3E3FFF
:20D14000404142434445464748494A4B4C4D4E4F505152535455565758595A5B5C5D5E5FDF
:20D16000606162636465666768696A6B6C6D6E6F707172737475767778797A7B7C7D7E7FBF
:20D18000808182838485868788898A8B8C8D8E8F909192939495969798999A9B9C9D9E9F9F
:20D1A000A0A1A2A3A4A5A6A7A8A9AAABACADAEAFB0B1B2B3B4B5B6B7B8B9BABBBCBDBEBF7F
:20D1C000C0C1C2C3C4C5C6C7C8C9CACBCCCDCECFD0D1D2D3D4D5D6D7D8D9DADBDCDDDEDF5F
:20D1E000E0E1E2E3E4E5E6E7E8E9EAEBECEDEEEFF0F1F2F3F4F5F6F7F8F9FAFBFCFDFEFF3F
:20D20000000102030405060708090A0B0C0D0E0F101112131415161718191A1B1C1D1E1F1E
:20D22000202122232425262728292A2B2C2D2E2F303132333435363738393A3B3C3D3E3FFE
:20D24000404142434445464748494A4B4C4D4E4F505152535455565758595A5B5C5D5E5FDE
:20D26000606162636465666768696A6B6C6D6E6F707172737475767778797A7B7C7D7E7FBE
:20D28000808182838485868788898A8B8C8D8E8F909192939495969798999A9B9C9D9E9F9E
:20D2A000A0A1A2A3A4A5A6A7A8A9AAABACADAEAFB0B1B2B3B4B5B6B7B8B9BABBBCBDBEBF7E
:20D2C000C0C1C2C3C4C5C6C7C8C9CACBCCCDCECFD0D1D2D3D4D5D6D7D8D9DADBDCDDDEDF5E
:20D2E000E0E1E2E3E4E5E6E7E8E9EAEBECEDEEEFF0F1F2F3F4F5F6F7F8F9FAFBFCFDFEFF3E
:20D30000000102030405060708090A0B0C0D0E0F101112131415161718191A1B1C1D1E1F1D
:20D32000202122232425262728292A2B2C2D2E2F303132333435363738393A3B3C3D3E3FFD
:20D34000404142434445464748494A4B4C4D4E4F505152535455565758595A5B5C5D5E5FDD
:20D36000606162636465666768696A6B6C6D6E6F707172737475767778797A7B7C7D7E7FBD
:20D38000808182838485868788898A8B8C8D8E8F909192939495969798999A9B9C9D9E9F9D
:20D3A000A0A1A2A3A4A5A6A7A8A9AAABACADAEAFB0B1B2B3B4B5B6B7B8B9BABBBCBDBEBF7D
:20D3C000C0C1C2C3C4C5C6C7C8C9CACBCCCDCECFD0D1D2D3D4D5D6D7D8D9DADBDCDDDEDF5D
:20D3E000E0E1E2E3E4E5E6E7E8E9EAEBECEDEEEFF0F1F2F3F4F5F6F7F8F9FAFBFCFDFEFF3D
:20D40000000102030405060708090A0B0C0D0E0F101112131415161718191A1B1C1D1E1F1C
:20D42000202122232425262728292A2B2C2D2E2F303132333435363738393A3B3C3D3E3FFC
:20D44000404142434445464748494A4B4C4D4E4F505152535455565758595A5B5C5D5E5FDC
:20D46000606162636465666768696A6B6C6D6E6F707172737475767778797A7B7C7D7E7FBC
:20D48000808182838485868788898A8B8C8D8E8F909192939495969798999A9B9C9D9E9F9C
:20D4A000A0A1A2A3A4A5A6A7A8A9AAABACADAEAFB0B1B2B3B4B5B6B7B8B9BABBBCBDBEBF7C
:20D4C000C0C1C2C3C4C5C6C7C8C9CACBCCCDCECFD0D1D2D3D4D5D6D7D8D9DADBDCDDDEDF5C
:20D4E000E0E1E2E3E4E5E6E7E8E9EAEBECEDEEEFF0F1F2F3F4F5F6F7F8F9FAFBFCFDFEFF3C
:20D50000000102030405060708090A0B0C0D0E0F101112131415161718191A1B1C1D1E1F1B
:20D52000202122232425262728292A2B2C2D2E2F303132333435363738393A3B3C3D3E3FFB
:20D54000404142434445464748494A4B4C4D4E4F505152535455565758595A5B5C5D5E5FDB
:20D56000606162636465666768696A6B6C6D6E6F707172737475767778797A7B7C7D7E7FBB
:20D58000808182838485868788898A8B8C8D8E8F909192939495969798999A9B9C9D9E9F9B
:20D5A000A0A1A2A3A4A5A6A7A8A9AAABACADAEAFB0B1B2B3B4B5B6B7B8B9BABBBCBDBEBF7B
:20D5C000C0C1C2C3C4C5C6C7C8C9CACBCCCDCECFD0D1D2D3D4D5D6D7D8D9DADBDCDDDEDF5B
:20D5E000E0E1E2E3E4E5E6E7E8E9EAEBECEDEEEFF0F1F2F3F4F5F6F7F8F9FAFBFCFDFEFF3B
:20D60000000102030405060708090A0B0C0D0E0F101112131415161718191A1B1C1D1E1F1A
:20D62000202122232425262728292A2B2C2D2E2F303132333435363738393A3B3C3D3E3FFA
:20D64000404142434445464748494A4B4C4D4E4F505152535455565758595A5B5C5D5E5FDA
:20D66000606162636465666768696A6B6C6D6E6F707172737475767778797A7B7C7D7E7FBA
:20D68000808182838485868788898A8B8C8D8E8F909192939495969798999A9B9C9D9E9F9A
:20D6A000A0A1A2A3A4A5A6A7A8A9AAABACADAEAFB0B1B2B3B4B5B6B7B8B9BABBBCBDBEBF7A
:20D6C000C0C1C2C3C4C5C6C7C8C9CACBCCCDCECFD0D1D2D3D4D5D6D7D8D9DADBDCDDDEDF5A
:20D6E000E0E1E2E3E4E5E6E7E8E9EAEBECEDEEEFF0F1F2F3F4F5F6F7F8F9FAFBFCFDFEFF3A
:20D70000000102030405060708090A0B0C0D0E0F101112131415161718191A1B1C1D1E1F19
:20D72000202122232425262728292A2B2C2D2E2F303132333435363738393A3B3C3D3E3FF9
:20D74000404142434445464748494A4B4C4D4E4F505152535455565758595A5B5C5D5E5FD9
:20D76000606162636465666768696A6B6C6D6E6F707172737475767778797A7B7C7D7E7FB9
:20D78000808182838485868788898A8B8C8D8E8F909192939495969798999A9B9C9D9E9F99
:20D7A000A0A1A2A3A4A5A6A7A8A9AAABACADAEAFB0B1B2B3B4B5B6B7B8B9BABBBCBDBEBF79
:20D7C000C0C1C2C3C4C5C6C7C8C9CACBCCCDCECFD0D1D2D3D4D5D6D7D8D9DADBDCDDDEDF59
:20D7E000E0E1E2E3E4E5E6E7E8E9EAEBECEDEEEFF0F1F2F3F4F5F6F7F8F9FAFBFCFDFEFF39
:20D80000000102030405060708090A0B0C0D0E0F101112131415161718191A1B1C1D1E1F18
:20D82000202122232425262728292A2B2C2D2E2F303132333435363738393A3B3C3D3E3FF8
:20D84000404142434445464748494A4B4C4D4E4F505152535455565758595A5B5C5D5E5FD8
:20D86000606162636465666768696A6B6C6D6E6F707172737475767778797A7B7C7D7E7FB8
:20D88000808182838485868788898A8B8C8D8E8F909192939495969798999A9B9C9D9E9F98
:20D8A000A0A1A2A3A4A5A6A7A8A9AAABACADAEAFB0B1B2B3B4B5B6B7B8B9BABBBCBDBEBF78
:20D8C000C0C1C2C3C4C5C6C7C8C9CACBCCCDCECFD0D1D2D3D4D5D6D7D8D9DADBDCDDDEDF58
:20D8E000E0E1E2E3E4E5E6E7E8E9EAEBECEDEEEFF0F1F2F3F4F5F6F7F8F9FAFBFCFDFEFF38
:20D90000000102030405060708090A0B0C0D0E0F101112131415161718191A1B1C1D1E1F17
:20D92000202122232425262728292A2B2C2D2E2F303132333435363738393A3B3C3D3E3FF7
:20D94000404142434445464748494A4B4C4D4E4F505152535455565758595A5B5C5D5E5FD7
:20D96000606162636465666768696A6B6C6D6E6F707172737475767778797A7B7C7D7E7FB7
:20D98000808182838485868788898A8B8C8D8E8F909192939495969798999A9B9C9D9E9F97
:20D9A000A0A1A2A3A4A5A6A7A8A9AAABACADAEAFB0B1B2B3B4B5B6B7B8B9BABBBCBDBEBF77
:20D9C000C0C1C2C3C4C5C6C7C8C9CACBCCCDCECFD0D1D2D3D4D5D6D7D8D9DADBDCDDDEDF57
:20D9E000E0E1E2E3E4E5E6E7E8E9EAEBECEDEEEFF0F1F2F3F4F5F6F7F8F9FAFBFCFDFEFF37
:20DA0000000102030405060708090A0B0C0D0E0F101112131415161718191A1B1C1D1E1F16
:20DA2000202122232425262728292A2B2C2D2E2F303132333435363738393A3B3C3D3E3FF6
:20DA4000404142434445464748494A4B4C4D4E4F505152535455565758595A5B5C5D5E5FD6
:20DA6000606162636465666768696A6B6C6D6E6F707172737475767778797A7B7C7D7E7FB6
:20DA8000808182838485868788898A8B8C8D8E8F909192939495969798999A9B9C9D9E9F96
:20DAA000A0A1A2A3A4A5A6A7A8A9AAABACADAEAFB0B1B2B3B4B5B6B7B8B9BABBBCBDBEBF76
:20DAC000C0C1C2C3C4C5C6C7C8C9CACBCCCDCECFD0D1D2D3D4D5D6D7D8D9DADBDCDDDEDF56
:20DAE000E0E1E2E3E4E5E6E7E8E9EAEBECEDEEEFF0F1F2F3F4F5F6F7F8F9FAFBFCFDFEFF36
:20DB0000000102030405060708090A0B0C0D0E0F101112131415161718191A1B1C1D1E1F15
:20DB2000202122232425262728292A2B2C2D2E2F303132333435363738393A3B3C3D3E3FF5
:20DB4000404142434445464748494A4B4C4D4E4F505152535455565758595A5B5C5D5E5FD5
:20DB6000606162636465666768696A6B6C6D6E6F707172737475767778797A7B7C7D7E7FB5
:20DB8000808182838485868788898A8B8C8D8E8F909192939495969798999A9B9C9D9E9F95
:20DBA000A0A1A2A3A4A5A6A7A8A9AAABACADAEAFB0B1B2B3B4B5B6B7B8B9BABBBCBDBEBF75
:20DBC000C0C1C2C3C4C5C6C7C8C9CACBCCCDCECFD0D1D2D3D4D5D6D7D8D9DADBDCDDDEDF55
:20DBE000E0E1E2E3E4E5E6E7E8E9EAEBECEDEEEFF0F1F2F3F4F5F6F7F8F9FAFBFCFDFEFF35
:20DC0000000102030405060708090A0B0C0D0E0F101112131415161718191A1B1C1D1E1F14
:20DC2000202122232425262728292A2B2C2D2E2F303132333435363738393A3B3C3D3E3FF4
:20DC4000404142434445464748494A4B4C4D4E4F505152535455565758595A5B5C5D5E5FD4
:20DC6000606162636465666768696A6B6C6D6E6F707172737475767778797A7B7C7D7E7FB4
:20DC8000808182838485868788898A8B8C8D8E8F909192939495969798999A9B9C9D9E9F94
:20DCA000A0A1A2A3A4A5A6A7A8A9AAABACADAEAFB0B1B2B3B4B5B6B7B8B9BABBBCBDBEBF74
:20DCC000C0C1C2C3C4C5C6C7C8C9CACBCCCDCECFD0D1D2D3D4D5D6D7D8D9DADBDCDDDEDF54
:20DCE000E0E1E2E3E4E5E6E7E8E9EAEBECEDEEEFF0F1F2F3F4F5F6F7F8F9FAFBFCFDFEFF34
:20DD0000000102030405060708090A0B0C0D0E0F101112131415161718191A1B1C1D1E1F13
:20DD2000202122232425262728292A2B2C2D2E2F303132333435363738393A3B3C3D3E3FF3
:20DD4000404142434445464748494A4B4C4D4E4F505152535455565758595A5B5C5D5E5FD3
:20DD6000606162636465666768696A6B6C6D6E6F707172737475767778797A7B7C7D7E7FB3
:20DD8000808182838485868788898A8B8C8D8E8F909192939495969798999A9B9C9D9E9F93
:20DDA000A0A1A2A3A4A5A6A7A8A9AAABACADAEAFB0B1B2B3B4B5B6B7B8B9BABBBCBDBEBF73
:20DDC000C0C1C2C3C4C5C6C7C8C9CACBCCCDCECFD0D1D2D3D4D5D6D7D8D9DADBDCDDDEDF53
:20DDE000E0E1E2E3E4E5E6E7E8E9EAEBECEDEEEFF0F1F2F3F4F5F6F7F8F9FAFBFCFDFEFF33
:20DE0000000102030405060708090A0B0C0D0E0F101112131415161718191A1B1C1D1E1F12
:20DE2000202122232425262728292A2B2C2D2E2F303132333435363738393A3B3C3D3E3FF2
:20DE4000404142434445464748494A4B4C4D4E4F505152535455565758595A5B5C5D5E5FD2
:20DE6000606162636465666768696A6B6C6D6E6F707172737475767778797A7B7C7D7E7FB2
:20DE8000808182838485868788898A8B8C8D8E8F909192939495969798999A9B9C9D9E9F92
:20DEA000A0A1A2A3A4A5A6A7A8A9AAABACADAEAFB0B1B2B3B4B5B6B7B8B9BABBBCBDBEBF72
:20DEC000C0C1C2C3C4C5C6C7C8C9CACBCCCDCECFD0D1D2D3D4D5D6D7D8D9DADBDCDDDEDF52
:20DEE000E0E1E2E3E4E5E6E7E8E9EAEBECEDEEEFF0F1F2F3F4F5F6F7F8F9FAFBFCFDFEFF32
:20DF0000000102030405060708090A0B0C0D0E0F101112131415161718191A1B1C1D1E1F11
:20DF2000202122232425262728292A2B2C2D2E2F303132333435363738393A3B3C3D3E3FF1
:20DF4000404142434445464748494A4B4C4D4E4F505152535455565758595A5B5C5D5E5FD1
:20DF6000606162636465666768696A6B6C6D6E6F707172737475767778797A7B7C7D7E7FB1
:20DF8000808182838485868788898A8B8C8D8E8F909192939495969798999A9B9C9D9E9F91
:20DFA000A0A1A2A3A4A5A6A7A8A9AAABACADAEAFB0B1B2B3B4B5B6B7B8B9BABBBCBDBEBF71
:20DFC000C0C1C2C3C4C5C6C7C8C9CACBCCCDCECFD0D1D2D3D4D5D6D7D8D9DADBDCDDDEDF51
:20DFE000E0E1E2E3E4E5E6E7E8E9EAEBECEDEEEFF0F1F2F3F4F5F6F7F8F9FAFBFCFDFEFF31
:20E00000000102030405060708090A0B0C0D0E0F101112131415161718191A1B1C1D1E1F10
:20E02000202122232425262728292A2B2C2D2E2F303132333435363738393A3B3C3D3E3FF0
:20E04000404142434445464748494A4B4C4D4E4F505152535455565758595A5B5C5D5E5FD0
:20E06000606162636465666768696A6B6C6D6E6F707172737475767778797A7B7C7D7E7FB0
:20E08000808182838485868788898A8B8C8D8E8F909192939495969798999A9B9C9D9E9F90
:20E0A000A0A1A2A3A4A5A6A7A8A9AAABACADAEAFB0B1B2B3B4B5B6B7B8B9BABBBCBDBEBF70
:20E0C000C0C1C2C3C4C5C6C7C8C9CACBCCCDCECFD0D1D2D3D4D5D6D7D8D9DADBDCDDDEDF50
:20E0E000E0E1E2E3E4E5E6E7E8E9EAEBECEDEEEFF0F1F2F3F4F5F6F7F8F9FAFBFCFDFEFF30
:20E10000000102030405060708090A0B0C0D0E0F101112131415161718191A1B1C1D1E1F0F
:20E12000202122232425262728292A2B2C2D2E2F303132333435363738393A3B3C3D3E3FEF
:20E14000404142434445464748494A4B4C4D4E4F505152535455565758595A5B5C5D5E5FCF
:20E16000606162636465666768696A6B6C6D6E6F707172737475767778797A7B7C7D7E7FAF
:20E18000808182838485868788898A8B8C8D8E8F909192939495969798999A9B9C9D9E9F8F
:20E1A000A0A1A2A3A4A5A6A7A8A9AAABACADAEAFB0B1B2B3B4B5B6B7B8B9BABBBCBDBEBF6F
:20E1C000C0C1C2C3C4C5C6C7C8C9CACBCCCDCECFD0D1D2D3D4D5D6D7D8D9DADBDCDDDEDF4F
:20E1E000E0E1E2E3E4E5E6E7E8E9EAEBECEDEEEFF0F1F2F3F4F5F6F7F8F9FAFBFCFDFEFF2F
:20E20000000102030405060708090A0B0C0D0E0F101112131415161718191A1B1C1D1E1F0E
:20E22000202122232425262728292A2B2C2D2E2F303132333435363738393A3B3C3D3E3FEE
:20E24000404142434445464748494A4B4C4D4E4F505152535455565758595A5B5C5D5E5FCE
:20E26000606162636465666768696A6B6C6D6E6F707172737475767778797A7B7C7D7E7FAE
:20E28000808182838485868788898A8B8C8D8E8F909192939495969798999A9B9C9D9E9F8E
:20E2A000A0A1A2A3A4A5A6A7A8A9AAABACADAEAFB0B1B2B3B4B5B6B7B8B9BABBBCBDBEBF6E
:20E2C000C0C1C2C3C4C5C6C7C8C9CACBCCCDCECFD0D1D2D3D4D5D6D7D8D9DADBDCDDDEDF4E
:20E2E000E0E1E2E3E4E5E6E7E8E9EAEBECEDEEEFF0F1F2F3F4F5F6F7F8F9FAFBFCFDFEFF2E
:20E30000000102030405060708090A0B0C0D0E0F101112131415161718191A1B1C1D1E1F0D
:20E32000202122232425262728292A2B2C2D2E2F303132333435363738393A3B3C3D3E3FED
:20E34000404142434445464748494A4B4C4D4E4F505152535455565758595A5B5C5D5E5FCD
:20E36000606162636465666768696A6B6C6D6E6F707172737475767778797A7B7C7D7E7FAD
:20E38000808182838485868788898A8B8C8D8E8F909192939495969798999A9B9C9D9E9F8D
:20E3A000A0A1A2A3A4A5A6A7A8A9AAABACADAEAFB0B1B2B3B4B5B6B7B8B9BABBBCBDBEBF6D
:20E3C000C0C1C2C3C4C5C6C7C8C9CACBCCCDCECFD0D1D2D3D4D5D6D7D8D9DADBDCDDDEDF4D
:20E3E000E0E1E2E3E4E5E6E7E8E9EAEBECEDEEEFF0F1F2F3F4F5F6F7F8F9FAFBFCFDFEFF2D
:20E40000000102030405060708090A0B0C0D0E0F101112131415161718191A1B1C1D1E1F0C
:20E42000202122232425262728292A2B2C2D2E2F303132333435363738393A3B3C3D3E3FEC
:20E44000404142434445464748494A4B4C4D4E4F505152535455565758595A5B5C5D5E5FCC
:20E46000606162636465666768696A6B6C6D6E6F707172737475767778797A7B7C7D7E7FAC
:20E48000808182838485868788898A8B8C8D8E8F909192939495969798999A9B9C9D9E9F8C
:20E4A000A0A1A2A3A4A5A6A7A8A9AAABACADAEAFB0B1B2B3B4B5B6B7B8B9BABBBCBDBEBF6C
:20E4C000C0C1C2C3C4C5C6C7C8C9CACBCCCDCECFD0D1D2D3D4D5D6D7D8D9DADBDCDDDEDF4C
:20E4E000E0E1E2E3E4E5E6E7E8E9EAEBECEDEEEFF0F1F2F3F4F5F6F7F8F9FAFBFCFDFEFF2C
:20E50000000102030405060708090A0B0C0D0E0F101112131415161718191A1B1C1D1E1F0B
:20E52000202122232425262728292A2B2C2D2E2F303132333435363738393A3B3C3D3E3FEB
:20E54000404142434445464748494A4B4C4D4E4F505152535455565758595A5B5C5D5E5FCB
:20E56000606162636465666768696A6B6C6D6E6F707172737475767778797A7B7C7D7E7FAB
:20E58000808182838485868788898A8B8C8D8E8F909192939495969798999A9B9C9D9E9F8B
:20E5A000A0A1A2A3A4A5A6A7A8A9AAABACADAEAFB0B1B2B3B4B5B6B7B8B9BABBBCBDBEBF6B
:20E5C000C0C1C2C3C4C5C6C7C8C9CACBCCCDCECFD0D1D2D3D4D5D6D7D8D9DADBDCDDDEDF4B
:20E5E000E0E1E2E3E4E5E6E7E8E9EAEBECEDEEEFF0F1F2F3F4F5F6F7F8F9FAFBFCFDFEFF2B
:20E60000000102030405060708090A0B0C0D0E0F101112131415161718191A1B1C1D1E1F0A
:20E62000202122232425262728292A2B2C2D2E2F303132333435363738393A3B3C3D3E3FEA
:20E64000404142434445464748494A4B4C4D4E4F505152535455565758595A5B5C5D5E5FCA
:20E66000606162636465666768696A6B6C6D6E6F707172737475767778797A7B7C7D7E7FAA
:20E68000808182838485868788898A8B8C8D8E8F909192939495969798999A9B9C9D9E9F8A
:20E6A000A0A1A2A3A4A5A6A7A8A9AAABACADAEAFB0B1B2B3B4B5B6B7B8B9BABBBCBDBEBF6A
:20E6C000C0C1C2C3C4C5C6C7C8C9CACBCCCDCECFD0D1D2D3D4D5D6D7D8D9DADBDCDDDEDF4A
:20E6E000E0E1E2E3E4E5E6E7E8E9EAEBECEDEEEFF0F1F2F3F4F5F6F7F8F9FAFBFCFDFEFF2A
:20E70000000102030405060708090A0B0C0D0E0F101112131415161718191A1B1C1D1E1F09
:20E72000202122232425262728292A2B2C2D2E2F303132333435363738393A3B3C3D3E3FE9
:20E74000404142434445464748494A4B4C4D4E4F505152535455565758595A5B5C5D5E5FC9
:20E76000606162636465666768696A6B6C6D6E6F707172737475767778797A7B7C7D7E7FA9
:20E78000808182838485868788898A8B8C8D8E8F909192939495969798999A9B9C9D9E9F89
:20E7A000A0A1A2A3A4A5A6A7A8A9AAABACADAEAFB0B1B2B3B4B5B6B7B8B9BABBBCBDBEBF69
:20E7C000C0C1C2C3C4C5C6C7C8C9CACBCCCDCECFD0D1D2D3D4D5D6D7D8D9DADBDCDDDEDF49
:20E7E000E0E1E2E3E4E5E6E7E8E9EAEBECEDEEEFF0F1F2F3F4F5F6F7F8F9FAFBFCFDFEFF29
:20E80000000102030405060708090A0B0C0D0E0F101112131415161718191A1B1C1D1E1F08
:20E82000202122232425262728292A2B2C2D2E2F303132333435363738393A3B3C3D3E3FE8
:20E84000404142434445464748494A4B4C4D4E4F505152535455565758595A5B5C5D5E5FC8
:20E86000606162636465666768696A6B6C6D6E6F707172737475767778797A7B7C7D7E7FA8
:20E88000808182838485868788898A8B8C8D8E8F909192939495969798999A9B9C9D9E9F88
:20E8A000A0A1A2A3A4A5A6A7A8A9AAABACADAEAFB0B1B2B3B4B5B6B7B8B9BABBBCBDBEBF68
:20E8C000C0C1C2C3C4C5C6C7C8C9CACBCCCDCECFD0D1D2D3D4D5D6D7D8D9DADBDCDDDEDF48
:20E8E000E0E1E2E3E4E5E6E7E8E9EAEBECEDEEEFF0F1F2F3F4F5F6F7F8F9FAFBFCFDFEFF28
:20E90000000102030405060708090A0B0C0D0E0F101112131415161718191A1B1C1D1E1F07
:20E92000202122232425262728292A2B2C2D2E2F303132333435363738393A3B3C3D3E3FE7
:20E94000404142434445464748494A4B4C4D4E4F505152535455565758595A5B5C5D5E5FC7
:20E96000606162636465666768696A6B6C6D6E6F707172737475767778797A7B7C7D7E7FA7
:20E98000808182838485868788898A8B8C8D8E8F909192939495969798999A9B9C9D9E9F87
:20E9A000A0A1A2A3A4A5A6A7A8A9AAABACADAEAFB0B1B2B3B4B5B6B7B8B9BABBBCBDBEBF67
:20E9C000C0C1C2C3C4C5C6C7C8C9CACBCCCDCECFD0D1D2D3D4D5D6D7D8D9DADBDCDDDEDF47
:20E9E000E0E1E2E3E4E5E6E7E8E9EAEBECEDEEEFF0F1F2F3F4F5F6F7F8F9FAFBFCFDFEFF27
:20EA0000000102030405060708090A0B0C0D0E0F101112131415161718191A1B1C1D1E1F06
:20EA2000202122232425262728292A2B2C2D2E2F303132333435363738393A3B3C3D3E3FE6
:20EA4000404142434445464748494A4B4C4D4E4F505152535455565758595A5B5C5D5E5FC6
:20EA6000606162636465666768696A6B6C6D6E6F707172737475767778797A7B7C7D7E7FA6
:20EA8000808182838485868788898A8B8C8D8E8F909192939495969798999A9B9C9D9E9F86
:20EAA000A0A1A2A3A4A5A6A7A8A9AAABACADAEAFB0B1B2B3B4B5B6B7B8B9BABBBCBDBEBF66
:20EAC000C0C1C2C3C4C5C6C7C8C9CACBCCCDCECFD0D1D2D3D4D5D6D7D8D9DADBDCDDDEDF46
:20EAE000E0E1E2E3E4E5E6E7E8E9EAEBECEDEEEFF0F1F2F3F4F5F6F7F8F9FAFBFCFDFEFF26
:20EB0000000102030405060708090A0B0C0D0E0F101112131415161718191A1B1C1D1E1F05
:20EB2000202122232425262728292A2B2C2D2E2F303132333435363738393A3B3C3D3E3FE5
:20EB4000404142434445464748494A4B4C4D4E4F505152535455565758595A5B5C5D5E5FC5
:20EB6000606162636465666768696A6B6C6D6E6F707172737475767778797A7B7C7D7E7FA5
:20EB8000808182838485868788898A8B8C8D8E8F909192939495969798999A9B9C9D9E9F85
:20EBA000A0A1A2A3A4A5A6A7A8A9AAABACADAEAFB0B1B2B3B4B5B6B7B8B9BABBBCBDBEBF65
:20EBC000C0C1C2C3C4C5C6C7C8C9CACBCCCDCECFD0D1D2D3D4D5D6D7D8D9DADBDCDDDEDF45
:20EBE000E0E1E2E3E4E5E6E7E8E9EAEBECEDEEEFF0F1F2F3F4F5F6F7F8F9FAFBFCFDFEFF25
:20EC0000000102030405060708090A0B0C0D0E0F101112131415161718191A1B1C1D1E1F04
:20EC2000202122232425262728292A2B2C2D2E2F303132333435363738393A3B3C3D3E3FE4
:20EC4000404142434445464748494A4B4C4D4E4F505152535455565758595A5B5C5D5E5FC4
:20EC6000606162636465666768696A6B6C6D6E6F707172737475767778797A7B7C7D7E7FA4
:20EC8000808182838485868788898A8B8C8D8E8F909192939495969798999A9B9C9D9E9F84
:20ECA000A0A1A2A3A4A5A6A7A8A9AAABACADAEAFB0B1B2B3B4B5B6B7B8B9BABBBCBDBEBF64
:20ECC000C0C1C2C3C4C5C6C7C8C9CACBCCCDCECFD0D1D2D3D4D5D6D7D8D9DADBDCDDDEDF44
:20ECE000E0E1E2E3E4E5E6E7E8E9EAEBECEDEEEFF0F1F2F3F4F5F6F7F8F9FAFBFCFDFEFF24
:20ED0000000102030405060708090A0B0C0D0E0F101112131415161718191A1B1C1D1E1F03
:20ED2000202122232425262728292A2B2C2D2E2F303132333435363738393A3B3C3D3E3FE3
:20ED4000404142434445464748494A4B4C4D4E4F505152535455565758595A5B5C5D5E5FC3
:20ED6000606162636465666768696A6B6C6D6E6F707172737475767778797A7B7C7D7E7FA3
:20ED8000808182838485868788898A8B8C8D8E8F909192939495969798999A9B9C9D9E9F83
:20EDA000A0A1A2A3A4A5A6A7A8A9AAABACADAEAFB0B1B2B3B4B5B6B7B8B9BABBBCBDBEBF63
:20EDC000C0C1C2C3C4C5C6C7C8C9CACBCCCDCECFD0D1D2D3D4D5D6D7D8D9DADBDCDDDEDF43
:20EDE000E0E1E2E3E4E5E6E7E8E9EAEBECEDEEEFF0F1F2F3F4F5F6F7F8F9FAFBFCFDFEFF23
:20EE0000000102030405060708090A0B0C0D0E0F101112131415161718191A1B1C1D1E1F02
:20EE2000202122232425262728292A2B2C2D2E2F303132333435363738393A3B3C3D3E3FE2
:20EE4000404142434445464748494A4B4C4D4E4F505152535455565758595A5B5C5D5E5FC2
:20EE6000606162636465666768696A6B6C6D6E6F707172737475767778797A7B7C7D7E7FA2
:20EE8000808182838485868788898A8B8C8D8E8F909192939495969798999A9B9C9D9E9F82
:20EEA000A0A1A2A3A4A5A6A7A8A9AAABACADAEAFB0B1B2B3B4B5B6B7B8B9BABBBCBDBEBF62
:20EEC000C0C1C2C3C4C5C6C7C8C9CACBCCCDCECFD0D1D2D3D4D5D6D7D8D9DADBDCDDDEDF42
:20EEE000E0E1E2E3E4E5E6E7E8E9EAEBECEDEEEFF0F1F2F3F4F5F6F7F8F9FAFBFCFDFEFF22
:20EF0000000102030405060708090A0B0C0D0E0F101112131415161718191A1B1C1D1E1F01
:20EF2000202122232425262728292A2B2C2D2E2F303132333435363738393A3B3C3D3E3FE1
:20EF4000404142434445464748494A4B4C4D4E4F505152535455565758595A5B5C5D5E5FC1
:20EF6000606162636465666768696A6B6C6D6E6F707172737475767778797A7B7C7D7E7FA1
:20EF8000808182838485868788898A8B8C8D8E8F909192939495969798999A9B9C9D9E9F81
:20EFA000A0A1A2A3A4A5A6A7A8A9AAABACADAEAFB0B1B2B3B4B5B6B7B8B9BABBBCBDBEBF61
:20EFC000C0C1C2C3C4C5C6C7C8C9CACBCCCDCECFD0D1D2D3D4D5D6D7D8D9DADBDCDDDEDF41
:20EFE000E0E1E2E3E4E5E6E7E8E9EAEBECEDEEEFF0F1F2F3F4F5F6F7F8F9FAFBFCFDFEFF21
:20F00000000102030405060708090A0B0C0D0E0F101112131415161718191A1B1C1D1E1F00
:20F02000202122232425262728292A2B2C2D2E2F303132333435363738393A3B3C3D3E3FE0
:20F04000404142434445464748494A4B4C4D4E4F505152535455565758595A5B5C5D5E5FC0
:20F06000606162636465666768696A6B6C6D6E6F707172737475767778797A7B7C7D7E7FA0
:20F08000808182838485868788898A8B8C8D8E8F909192939495969798999A9B9C9D9E9F80
:20F0A000A0A1A2A3A4A5A6A7A8A9AAABACADAEAFB0B1B2B3B4B5B6B7B8B9BABBBCBDBEBF60
:20F0C000C0C1C2C3C4C5C6C7C8C9CACBCCCDCECFD0D1D2D3D4D5D6D7D8D9DADBDCDDDEDF40
:20F0E000E0E1E2E3E4E5E6E7E8E9EAEBECEDEEEFF0F1F2F3F4F5F6F7F8F9FAFBFCFDFEFF20
:20F10000000102030405060708090A0B0C0D0E0F101112131415161718191A1B1C1D1E1FFF
:20F12000202122232425262728292A2B2C2D2E2F303132333435363738393A3B3C3D3E3FDF
:20F14000404142434445464748494A4B4C4D4E4F505152535455565758595A5B5C5D5E5FBF
:20F16000606162636465666768696A6B6C6D6E6F707172737475767778797A7B7C7D7E7F9F
:20F18000808182838485868788898A8B8C8D8E8F909192939495969798999A9B9C9D9E9F7F
:20F1A000A0A1A2A3A4A5A6A7A8A9AAABACADAEAFB0B1B2B3B4B5B6B7B8B9BABBBCBDBEBF5F
:20F1C000C0C1C2C3C4C5C6C7C8C9CACBCCCDCECFD0D1D2D3D4D5D6D7D8D9DADBDCDDDEDF3F
:20F1E000E0E1E2E3E4E5E6E7E8E9EAEBECEDEEEFF0F1F2F3F4F5F6F7F8F9FAFBFCFDFEFF1F
:20F20000000102030405060708090A0B0C0D0E0F101112131415161718191A1B1C1D1E1FFE
:20F22000202122232425262728292A2B2C2D2E2F303132333435363738393A3B3C3D3E3FDE
:20F24000404142434445464748494A4B4C4D4E4F505152535455565758595A5B5C5D5E5FBE
:20F26000606162636465666768696A6B6C6D6E6F707172737475767778797A7B7C7D7E7F9E
:20F28000808182838485868788898A8B8C8D8E8F909192939495969798999A9B9C9D9E9F7E
:20F2A000A0A1A2A3A4A5A6A7A8A9AAABACADAEAFB0B1B2B3B4B5B6B7B8B9BABBBCBDBEBF5E
:20F2C000C0C1C2C3C4C5C6C7C8C9CACBCCCDCECFD0D1D2D3D4D5D6D7D8D9DADBDCDDDEDF3E
:20F2E000E0E1E2E3E4E5E6E7E8E9EAEBECEDEEEFF0F1F2F3F4F5F6F7F8F9FAFBFCFDFEFF1E
:20F30000000102030405060708090A0B0C0D0E0F101112131415161718191A1B1C1D1E1FFD
:20F32000202122232425262728292A2B2C2D2E2F303132333435363738393A3B3C3D3E3FDD
:20F34000404142434445464748494A4B4C4D4E4F505152535455565758595A5B5C5D5E5FBD
:20F36000606162636465666768696A6B6C6D6E6F707172737475767778797A7B7C7D7E7F9D
:20F38000808182838485868788898A8B8C8D8E8F909192939495969798999A9B9C9D9E9F7D
:20F3A000A0A1A2A3A4A5A6A7A8A9AAABACADAEAFB0B1B2B3B4B5B6B7B8B9BABBBCBDBEBF5D
:20F3C000C0C1C2C3C4C5C6C7C8C9CACBCCCDCECFD0D1D2D3D4D5D6D7D8D9DADBDCDDDEDF3D
:20F3E000E0E1E2E3E4E5E6E7E8E9EAEBECEDEEEFF0F1F2F3F4F5F6F7F8F9FAFBFCFDFEFF1D
:20F40000000102030405060708090A0B0C0D0E0F101112131415161718191A1B1C1D1E1FFC
:20F42000202122232425262728292A2B2C2D2E2F303132333435363738393A3B3C3D3E3FDC
:20F44000404142434445464748494A4B4C4D4E4F505152535455565758595A5B5C5D5E5FBC
:20F46000606162636465666768696A6B6C6D6E6F707172737475767778797A7B7C7D7E7F9C
:20F48000808182838485868788898A8B8C8D8E8F909192939495969798999A9B9C9D9E9F7C
:20F4A000A0A1A2A3A4A5A6A7A8A9AAABACADAEAFB0B1B2B3B4B5B6B7B8B9BABBBCBDBEBF5C
:20F4C000C0C1C2C3C4C5C6C7C8C9CACBCCCDCECFD0D1D2D3D4D5D6D7D8D9DADBDCDDDEDF3C
:20F4E000E0E1E2E3E4E5E6E7E8E9EAEBECEDEEEFF0F1F2F3F4F5F6F7F8F9FAFBFCFDFEFF1C
:20F50000000102030405060708090A0B0C0D0E0F101112131415161718191A1B1C1D1E1FFB
:20F52000202122232425262728292A2B2C2D2E2F303132333435363738393A3B3C3D3E3FDB
:20F54000404142434445464748494A4B4C4D4E4F505152535455565758595A5B5C5D5E5FBB
:20F56000606162636465666768696A6B6C6D6E6F707172737475767778797A7B7C7D7E7F9B
:20F58000808182838485868788898A8B8C8D8E8F909192939495969798999A9B9C9D9E9F7B
:20F5A000A0A1A2A3A4A5A6A7A8A9AAABACADAEAFB0B1B2B3B4B5B6B7B8B9BABBBCBDBEBF5B
:20F5C000C0C1C2C3C4C5C6C7C8C9CACBCCCDCECFD0D1D2D3D4D5D6D7D8D9DADBDCDDDEDF3B
:20F5E000E0E1E2E3E4E5E6E7E8E9EAEBECEDEEEFF0F1F2F3F4F5F6F7F8F9FAFBFCFDFEFF1B
:20F60000000102030405060708090A0B0C0D0E0F101112131415161718191A1B1C1D1E1FFA
:20F62000202122232425262728292A2B2C2D2E2F303132333435363738393A3B3C3D3E3FDA
:20F64000404142434445464748494A4B4C4D4E4F505152535455565758595A5B5C5D5E5FBA
:20F66000606162636465666768696A6B6C6D6E6F707172737475767778797A7B7C7D7E7F9A
:20F68000808182838485868788898A8B8C8D8E8F909192939495969798999A9B9C9D9E9F7A
:20F6A000A0A1A2A3A4A5A6A7A8A9AAABACADAEAFB0B1B2B3B4B5B6B7B8B9BABBBCBDBEBF5A
:20F6C000C0C1C2C3C4C5C6C7C8C9CACBCCCDCECFD0D1D2D3D4D5D6D7D8D9DADBDCDDDEDF3A
:20F6E000E0E1E2E3E4E5E6E7E8E9EAEBECEDEEEFF0F1F2F3F4F5F6F7F8F9FAFBFCFDFEFF1A
:20F70000000102030405060708090A0B0C0D0E0F101112131415161718191A1B1C1D1E1FF9
:20F72000202122232425262728292A2B2C2D2E2F303132333435363738393A3B3C3D3E3FD9
:20F74000404142434445464748494A4B4C4D4E4F505152535455565758595A5B5C5D5E5FB9
:20F76000606162636465666768696A6B6C6D6E6F707172737475767778797A7B7C7D7E7F99
:20F78000808182838485868788898A8B8C8D8E8F909192939495969798999A9B9C9D9E9F79
:20F7A000A0A1A2A3A4A5A6A7A8A9AAABACADAEAFB0B1B2B3B4B5B6B7B8B9BABBBCBDBEBF59
:20F7C000C0C1C2C3C4C5C6C7C8C9CACBCCCDCECFD0D1D2D3D4D5D6D7D8D9DADBDCDDDEDF39
:20F7E000E0E1E2E3E4E5E6E7E8E9EAEBECEDEEEFF0F1F2F3F4F5F6F7F8F9FAFBFCFDFEFF19
:20F80000000102030405060708090A0B0C0D0E0F101112131415161718191A1B1C1D1E1FF8
:20F82000202122232425262728292A2B2C2D2E2F303132333435363738393A3B3C3D3E3FD8
:20F84000404142434445464748494A4B4C4D4E4F505152535455565758595A5B5C5D5E5FB8
:20F86000606162636465666768696A6B6C6D6E6F707172737475767778797A7B7C7D7E7F98
:20F88000808182838485868788898A8B8C8D8E8F909192939495969798999A9B9C9D9E9F78
:20F8A000A0A1A2A3A4A5A6A7A8A9AAABACADAEAFB0B1B2B3B4B5B6B7B8B9BABBBCBDBEBF58
:20F8C000C0C1C2C3C4C5C6C7C8C9CACBCCCDCECFD0D1D2D3D4D5D6D7D8D9DADBDCDDDEDF38
:20F8E000E0E1E2E3E4E5E6E7E8E9EAEBECEDEEEFF0F1F2F3F4F5F6F7F8F9FAFBFCFDFEFF18
:20F90000000102030405060708090A0B0C0D0E0F101112131415161718191A1B1C1D1E1FF7
:20F92000202122232425262728292A2B2C2D2E2F303132333435363738393A3B3C3D3E3FD7
:20F94000404142434445464748494A4B4C4D4E4F505152535455565758595A5B5C5D5E5FB7
:20F96000606162636465666768696A6B6C6D6E6F707172737475767778797A7B7C7D7E7F97
:20F98000808182838485868788898A8B8C8D8E8F909192939495969798999A9B9C9D9E9F77
:20F9A000A0A1A2A3A4A5A6A7A8A9AAABACADAEAFB0B1B2B3B4B5B6B7B8B9BABBBCBDBEBF57
:20F9C000C0C1C2C3C4C5C6C7C8C9CACBCCCDCECFD0D1D2D3D4D5D6D7D8D9DADBDCDDDEDF37
:20F9E000E0E1E2E3E4E5E6E7E8E9EAEBECEDEEEFF0F1F2F3F4F5F6F7F8F9FAFBFCFDFEFF17
:20FA0000000102030405060708090A0B0C0D0E0F101112131415161718191A1B1C1D1E1FF6
:20FA2000202122232425262728292A2B2C2D2E2F303132333435363738393A3B3C3D3E3FD6
:20FA4000404142434445464748494A4B4C4D4E4F505152535455565758595A5B5C5D5E5FB6
:20FA6000606162636465666768696A6B6C6D6E6F707172737475767778797A7B7C7D7E7F96
:20FA8000808182838485868788898A8B8C8D8E8F909192939495969798999A9B9C9D9E9F76
:20FAA000A0A1A2A3A4A5A6A7A8A9AAABACADAEAFB0B1B2B3B4B5B6B7B8B9BABBBCBDBEBF56
:20FAC000C0C1C2C3C4C5C6C7C8C9CACBCCCDCECFD0D1D2D3D4D5D6D7D8D9DADBDCDDDEDF36
:20FAE000E0E1E2E3E4E5E6E7E8E9EAEBECEDEEEFF0F1F2F3F4F5F6F7F8F9FAFBFCFDFEFF16
:20FB0000000102030405060708090A0B0C0D0E0F101112131415161718191A1B1C1D1E1FF5
:20FB2000202122232425262728292A2B2C2D2E2F303132333435363738393A3B3C3D3E3FD5
:20FB4000404142434445464748494A4B4C4D4E4F505152535455565758595A5B5C5D5E5FB5
:20FB6000606162636465666768696A6B6C6D6E6F707172737475767778797A7B7C7D7E7F95
:20FB8000808182838485868788898A8B8C8D8E8F909192939495969798999A9B9C9D9E9F75
:20FBA000A0A1A2A3A4A5A6A7A8A9AAABACADAEAFB0B1B2B3B4B5B6B7B8B9BABBBCBDBEBF55
:20FBC000C0C1C2C3C4C5C6C7C8C9CACBCCCDCECFD0D1D2D3D4D5D6D7D8D9DADBDCDDDEDF35
:20FBE000E0E1E2E3E4E5E6E7E8E9EAEBECEDEEEFF0F1F2F3F4F5F6F7F8F9FAFBFCFDFEFF15
:20FC0000000102030405060708090A0B0C0D0E0F101112131415161718191A1B1C1D1E1FF4
:20FC2000202122232425262728292A2B2C2D2E2F303132333435363738393A3B3C3D3E3FD4
:20FC4000404142434445464748494A4B4C4D4E4F505152535455565758595A5B5C5D5E5FB4
:20FC6000606162636465666768696A6B6C6D6E6F707172737475767778797A7B7C7D7E7F94
:20FC8000808182838485868788898A8B8C8D8E8F909192939495969798999A9B9C9D9E9F74
:20FCA000A0A1A2A3A4A5A6A7A8A9AAABACADAEAFB0B1B2B3B4B5B6B7B8B9BABBBCBDBEBF54
:20FCC000C0C1C2C3C4C5C6C7C8C9CACBCCCDCECFD0D1D2D3D4D5D6D7D8D9DADBDCDDDEDF34
:20FCE000E0E1E2E3E4E5E6E7E8E9EAEBECEDEEEFF0F1F2F3F4F5F6F7F8F9FAFBFCFDFEFF14
:20FD0000000102030405060708090A0B0C0D0E0F101112131415161718191A1B1C1D1E1FF3
:20FD2000202122232425262728292A2B2C2D2E2F303132333435363738393A3B3C3D3E3FD3
:20FD4000404142434445464748494A4B4C4D4E4F505152535455565758595A5B5C5D5E5FB3
:20FD6000606162636465666768696A6B6C6D6E6F707172737475767778797A7B7C7D7E7F93
:20FD8000808182838485868788898A8B8C8D8E8F909192939495969798999A9B9C9D9E9F73
:20FDA000A0A1A2A3A4A5A6A7A8A9AAABACADAEAFB0B1B2B3B4B5B6B7B8B9BABBBCBDBEBF53
:20FDC000C0C1C2C3C4C5C6C7C8C9CACBCCCDCECFD0D1D2D3D4D5D6D7D8D9DADBDCDDDEDF33
:20FDE000E0E1E2E3E4E5E6E7E8E9EAEBECEDEEEFF0F1F2F3F4F5F6F7F8F9FAFBFCFDFEFF13
:20FE0000000102030405060708090A0B0C0D0E0F101112131415161718191A1B1C1D1E1FF2
:20FE2000202122232425262728292A2B2C2D2E2F303132333435363738393A3B3C3D3E3FD2
:20FE4000404142434445464748494A4B4C4D4E4F505152535455565758595A5B5C5D5E5FB2
:20FE6000606162636465666768696A6B6C6D6E6F707172737475767778797A7B7C7D7E7F92
:20FE8000808182838485868788898A8B8C8D8E8F909192939495969798999A9B9C9D9E9F72
:20FEA000A0A1A2A3A4A5A6A7A8A9AAABACADAEAFB0B1B2B3B4B5B6B7B8B9BABBBCBDBEBF52
:20FEC000C0C1C2C3C4C5C6C7C8C9CACBCCCDCECFD0D1D2D3D4D5D6D7D8D9DADBDCDDDEDF32
:20FEE000E0E1E2E3E4E5E6E7E8E9EAEBECEDEEEFF0F1F2F3F4F5F6F7F8F9FAFBFCFDFEFF12
:20FF0000000102030405060708090A0B0C0D0E0F101112131415161718191A1B1C1D1E1FF1
:20FF2000202122232425262728292A2B2C2D2E2F303132333435363738393A3B3C3D3E3FD1
:20FF4000404142434445464748494A4B4C4D4E4F505152535455565758595A5B5C5D5E5FB1
:20FF6000606162636465666768696A6B6C6D6E6F707172737475767778797A7B7C7D7E7F91
:20FF8000808182838485868788898A8B8C8D8E8F909192939495969798999A9B9C9D9E9F71
:20FFA000A0A1A2A3A4A5A6A7A8A9AAABACADAEAFB0B1B2B3B4B5B6B7B8B9BABBBCBDBEBF51
:20FFC000C0C1C2C3C4C5C6C7C8C9CACBCCCDCECFD0D1D2D3D4D5D6D7D8D9DADBDCDDDEDF31
:20FFE000E0E1E2E3E4E5E6E7E8E9EAEBECEDEEEFF0F1F2F3F4F5F6F7F8F9FAFBFCFDFEFF11
:020000040002F8
:20000000000102030405060708090A0B0C0D0E0F101112131415161718191A1B1C1D1E1FF0
:20002000202122232425262728292A2B2C2D2E2F303132333435363738393A3B3C3D3E3FD0
:20004000404142434445464748494A4B4C4D4E4F505152535455565758595A5B5C5D5E5FB0
:20006000606162636465666768696A6B6C6D6E6F707172737475767778797A7B7C7D7E7F90
:20008000808182838485868788898A8B8C8D8E8F909192939495969798999A9B9C9D9E9F70
:2000A000A0A1A2A3A4A5A6A7A8A9AAABACADAEAFB0B1B2B3B4B5B6B7B8B9BABBBCBDBEBF50
:2000C000C0C1C2C3C4C5C6C7C8C9CACBCCCDCECFD0D1D2D3D4D5D6D7D8D9DADBDCDDDEDF30
:2000E000E0E1E2E3E4E5E6E7E8E9EAEBECEDEEEFF0F1F2F3F4F5F6F7F8F9FAFBFCFDFEFF10
:20010000000102030405060708090A0B0C0D0E0F101112131415161718191A1B1C1D1E1FEF
:20012000202122232425262728292A2B2C2D2E2F303132333435363738393A3B3C3D3E3FCF
:20014000404142434445464748494A4B4C4D4E4F505152535455565758595A5B5C5D5E5FAF
:20016000606162636465666768696A6B6C6D6E6F707172737475767778797A7B7C7D7E7F8F
:20018000808182838485868788898A8B8C8D8E8F909192939495969798999A9B9C9D9E9F6F
:2001A000A0A1A2A3A4A5A6A7A8A9AAABACADAEAFB0B1B2B3B4B5B6B7B8B9BABBBCBDBEBF4F
:2001C000C0C1C2C3C4C5C6C7C8C9CACBCCCDCECFD0D1D2D3D4D5D6D7D8D9DADBDCDDDEDF2F
:2001E000E0E1E2E3E4E5E6E7E8E9EAEBECEDEEEFF0F1F2F3F4F5F6F7F8F9FAFBFCFDFEFF0F
:20020000000102030405060708090A0B0C0D0E0F101112131415161718191A1B1C1D1E1FEE
:20022000202122232425262728292A2B2C2D2E2F303132333435363738393A3B3C3D3E3FCE
:20024000404142434445464748494A4B4C4D4E4F505152535455565758595A5B5C5D5E5FAE
:20026000606162636465666768696A6B6C6D6E6F707172737475767778797A7B7C7D7E7F8E
:20028000808182838485868788898A8B8C8D8E8F909192939495969798999A9B9C9D9E9F6E
:2002A000A0A1A2A3A4A5A6A7A8A9AAABACADAEAFB0B1B2B3B4B5B6B7B8B9BABBBCBDBEBF4E
:2002C000C0C1C2C3C4C5C6C7C8C9CACBCCCDCECFD0D1D2D3D4D5D6D7D8D9DADBDCDDDEDF2E
:2002E000E0E1E2E3E4E5E6E7E8E9EAEBECEDEEEFF0F1F2F3F4F5F6F7F8F9FAFBFCFDFEFF0E
:20030000000102030405060708090A0B0C0D0E0F101112131415161718191A1B1C1D1E1FED
:20032000202122232425262728292A2B2C2D2E2F303132333435363738393A3B3C3D3E3FCD
:20034000404142434445464748494A4B4C4D4E4F505152535455565758595A5B5C5D5E5FAD
:20036000606162636465666768696A6B6C6D6E6F707172737475767778797A7B7C7D7E7F8D
:20038000808182838485868788898A8B8C8D8E8F909192939495969798999A9B9C9D9E9F6D
:2003A000A0A1A2A3A4A5A6A7A8A9AAABACADAEAFB0B1B2B3B4B5B6B7B8B9BABBBCBDBEBF4D
:2003C000C0C1C2C3C4C5C6C7C8C9CACBCCCDCECFD0D1D2D3D4D5D6D7D8D9DADBDCDDDEDF2D
:2003E000E0E1E2E3E4E5E6E7E8E9EAEBECEDEEEFF0F1F2F3F4F5F6F7F8F9FAFBFCFDFEFF0D
:20040000000102030405060708090A0B0C0D0E0F101112131415161718191A1B1C1D1E1FEC
:20042000202122232425262728292A2B2C2D2E2F303132333435363738393A3B3C3D3E3FCC
:20044000404142434445464748494A4B4C4D4E4F505152535455565758595A5B5C5D5E5FAC
:20046000606162636465666768696A6B6C6D6E6F707172737475767778797A7B7C7D7E7F8C
:20048000808182838485868788898A8B8C8D8E8F909192939495969798999A9B9C9D9E9F6C
:2004A000A0A1A2A3A4A5A6A7A8A9AAABACADAEAFB0B1B2B3B4B5B6B7B8B9BABBBCBDBEBF4C
:2004C000C0C1C2C3C4C5C6C7C8C9CACBCCCDCECFD0D1D2D3D4D5D6D7D8D9DADBDCDDDEDF2C
:2004E000E0E1E2E3E4E5E6E7E8E9EAEBECEDEEEFF0F1F2F3F4F5F6F7F8F9FAFBFCFDFEFF0C
:20050000000102030405060708090A0B0C0D0E0F101112131415161718191A1B1C1D1E1FEB
:20052000202122232425262728292A2B2C2D2E2F303132333435363738393A3B3C3D3E3FCB
:20054000404142434445464748494A4B4C4D4E4F505152535455565758595A5B5C5D5E5FAB
:20056000606162636465666768696A6B6C6D6E6F707172737475767778797A7B7C7D7E7F8B
:20058000808182838485868788898A8B8C8D8E8F909192939495969798999A9B9C9D9E9F6B
:2005A000A0A1A2A3A4A5A6A7A8A9AAABACADAEAFB0B1B2B3B4B5B6B7B8B9BABBBCBDBEBF4B
:2005C000C0C1C2C3C4C5C6C7C8C9CACBCCCDCECFD0D1D2D3D4D5D6D7D8D9DADBDCDDDEDF2B
:2005E000E0E1E2E3E4E5E6E7E8E9EAEBECEDEEEFF0F1F2F3F4F5F6F7F8F9FAFBFCFDFEFF0B
:20060000000102030405060708090A0B0C0D0E0F101112131415161718191A1B1C1D1E1FEA
:20062000202122232425262728292A2B2C2D2E2F303132333435363738393A3B3C3D3E3FCA
:20064000404142434445464748494A4B4C4D4E4F505152535455565758595A5B5C5D5E5FAA
:20066000606162636465666768696A6B6C6D6E6F707172737475767778797A7B7C7D7E7F8A
:20068000808182838485868788898A8B8C8D8E8F909192939495969798999A9B9C9D9E9F6A
:2006A000A0A1A2A3A4A5A6A7A8A9AAABACADAEAFB0B1B2B3B4B5B6B7B8B9BABBBCBDBEBF4A
:2006C000C0C1C2C3C4C5C6C7C8C9CACBCCCDCECFD0D1D2D3D4D5D6D7D8D9DADBDCDDDEDF2A
:2006E000E0E1E2E3E4E5E6E7E8E9EAEBECEDEEEFF0F1F2F3F4F5F6F7F8F9FAFBFCFDFEFF0A
:20070000000102030405060708090A0B0C0D0E0F101112131415161718191A1B1C1D1E1FE9
:20072000202122232425262728292A2B2C2D2E2F303132333435363738393A3B3C3D3E3FC9
:20074000404142434445464748494A4B4C4D4E4F505152535455565758595A5B5C5D5E5FA9
:20076000606162636465666768696A6B6C6D6E6F707172737475767778797A7B7C7D7E7F89
:20078000808182838485868788898A8B8C8D8E8F909192939495969798999A9B9C9D9E9F69
:2007A000A0A1A2A3A4A5A6A7A8A9AAABACADAEAFB0B1B2B3B4B5B6B7B8B9BABBBCBDBEBF49
:2007C000C0C1C2C3C4C5C6C7C8C9CACBCCCDCECFD0D1D2D3D4D5D6D7D8D9DADBDCDDDEDF29
:2007E000E0E1E2E3E4E5E6E7E8E9EAEBECEDEEEFF0F1F2F3F4F5F6F7F8F9FAFBFCFDFEFF09
:20080000000102030405060708090A0B0C0D0E0F101112131415161718191A1B1C1D1E1FE8
:20082000202122232425262728292A2B2C2D2E2F303132333435363738393A3B3C3D3E3FC8
:20084000404142434445464748494A4B4C4D4E4F505152535455565758595A5B5C5D5E5FA8
:20086000606162636465666768696A6B6C6D6E6F707172737475767778797A7B7C7D7E7F88
:20088000808182838485868788898A8B8C8D8E8F909192939495969798999A9B9C9D9E9F68
:2008A000A0A1A2A3A4A5A6A7A8A9AAABACADAEAFB0B1B2B3B4B5B6B7B8B9BABBBCBDBEBF48
:2008C000C0C1C2C3C4C5C6C7C8C9CACBCCCDCECFD0D1D2D3D4D5D6D7D8D9DADBDCDDDEDF28
:2008E000E0E1E2E3E4E5E6E7E8E9EAEBECEDEEEFF0F1F2F3F4F5F6F7F8F9FAFBFCFDFEFF08
:20090000000102030405060708090A0B0C0D0E0F101112131415161718191A1B1C1D1E1FE7
:20092000202122232425262728292A2B2C2D2E2F303132333435363738393A3B3C3D3E3FC7
:20094000404142434445464748494A4B4C4D4E4F505152535455565758595A5B5C5D5E5FA7
:20096000606162636465666768696A6B6C6D6E6F707172737475767778797A7B7C7D7E7F87
:20098000808182838485868788898A8B8C8D8E8F909192939495969798999A9B9C9D9E9F67
:2009A000A0A1A2A3A4A5A6A7A8A9AAABACADAEAFB0B1B2B3B4B5B6B7B8B9BABBBCBDBEBF47
:2009C000C0C1C2C3C4C5C6C7C8C9CACBCCCDCECFD0D1D2D3D4D5D6D7D8D9DADBDCDDDEDF27
:2009E000E0E1E2E3E4E5E6E7E8E9EAEBECEDEEEFF0F1F2F3F4F5F6F7F8F9FAFBFCFDFEFF07
:200A0000000102030405060708090A0B0C0D0E0F101112131415161718191A1B1C1D1E1FE6
:200A2000202122232425262728292A2B2C2D2E2F303132333435363738393A3B3C3D3E3FC6
:200A4000404142434445464748494A4B4C4D4E4F505152535455565758595A5B5C5D5E5FA6
:200A6000606162636465666768696A6B6C6D6E6F707172737475767778797A7B7C7D7E7F86
:200A8000808182838485868788898A8B8C8D8E8F909192939495969798999A9B9C9D9E9F66
:200AA000A0A1A2A3A4A5A6A7A8A9AAABACADAEAFB0B1B2B3B4B5B6B7B8B9BABBBCBDBEBF46
:200AC000C0C1C2C3C4C5C6C7C8C9CACBCCCDCECFD0D1D2D3D4D5D6D7D8D9DADBDCDDDEDF26
:200AE000E0E1E2E3E4E5E6E7E8E9EAEBECEDEEEFF0F1F2F3F4F5F6F7F8F9FAFBFCFDFEFF06
:200B0000000102030405060708090A0B0C0D0E0F101112131415161718191A1B1C1D1E1FE5
:200B2000202122232425262728292A2B2C2D2E2F303132333435363738393A3B3C3D3E3FC5
:200B4000404142434445464748494A4B4C4D4E4F505152535455565758595A5B5C5D5E5FA5
:200B6000606162636465666768696A6B6C6D6E6F707172737475767778797A7B7C7D7E7F85
:200B8000808182838485868788898A8B8C8D8E8F909192939495969798999A9B9C9D9E9F65
:200BA000A0A1A2A3A4A5A6A7A8A9AAABACADAEAFB0B1B2B3B4B5B6B7B8B9BABBBCBDBEBF45
:200BC000C0C1C2C3C4C5C6C7C8C9CACBCCCDCECFD0D1D2D3D4D5D6D7D8D9DADBDCDDDEDF25
:200BE000E0E1E2E3E4E5E6E7E8E9EAEBECEDEEEFF0F1F2F3F4F5F6F7F8F9FAFBFCFDFEFF05
:200C0000000102030405060708090A0B0C0D0E0F101112131415161718191A1B1C1D1E1FE4
:200C2000202122232425262728292A2B2C2D2E2F303132333435363738393A3B3C3D3E3FC4
:200C4000404142434445464748494A4B4C4D4E4F505152535455565758595A5B5C5D5E5FA4
:200C6000606162636465666768696A6B6C6D6E6F707172737475767778797A7B7C7D7E7F84
:200C8000808182838485868788898A8B8C8D8E8F909192939495969798999A9B9C9D9E9F64
:200CA000A0A1A2A3A4A5A6A7A8A9AAABACADAEAFB0B1B2B3B4B5B6B7B8B9BABBBCBDBEBF44
:200CC000C0C1C2C3C4C5C6C7C8C9CACBCCCDCECFD0D1D2D3D4D5D6D7D8D9DADBDCDDDEDF24
:200CE000E0E1E2E3E4E5E6E7E8E9EAEBECEDEEEFF0F1F2F3F4F5F6F7F8F9FAFBFCFDFEFF04
:200D0000000102030405060708090A0B0C0D0E0F101112131415161718191A1B1C1D1E1FE3
:200D2000202122232425262728292A2B2C2D2E2F303132333435363738393A3B3C3D3E3FC3
:200D4000404142434445464748494A4B4C4D4E4F505152535455565758595A5B5C5D5E5FA3
:200D6000606162636465666768696A6B6C6D6E6F707172737475767778797A7B7C7D7E7F83
:200D8000808182838485868788898A8B8C8D8E8F909192939495969798999A9B9C9D9E9F63
:200DA000A0A1A2A3A4A5A6A7A8A9AAABACADAEAFB0B1B2B3B4B5B6B7B8B9BABBBCBDBEBF43
:200DC000C0C1C2C3C4C5C6C7C8C9CACBCCCDCECFD0D1D2D3D4D5D6D7D8D9DADBDCDDDEDF23
:200DE000E0E1E2E3E4E5E6E7E8E9EAEBECEDEEEFF0F1F2F3F4F5F6F7F8F9FAFBFCFDFEFF03
:200E0000000102030405060708090A0B0C0D0E0F101112131415161718191A1B1C1D1E1FE2
:200E2000202122232425262728292A2B2C2D2E2F303132333435363738393A3B3C3D3E3FC2
:200E4000404142434445464748494A4B4C4D4E4F505152535455565758595A5B5C5D5E5FA2
:200E6000606162636465666768696A6B6C6D6E6F707172737475767778797A7B7C7D7E7F82
:200E8000808182838485868788898A8B8C8D8E8F909192939495969798999A9B9C9D9E9F62
:200EA000A0A1A2A3A4A5A6A7A8A9AAABACADAEAFB0B1B2B3B4B5B6B7B8B9BABBBCBDBEBF42
:200EC000C0C1C2C3C4C5C6C7C8C9CACBCCCDCECFD0D1D2D3D4D5D6D7D8D9DADBDCDDDEDF22
:200EE000E0E1E2E3E4E5E6E7E8E9EAEBECEDEEEFF0F1F2F3F4F5F6F7F8F9FAFBFCFDFEFF02
:200F0000000102030405060708090A0B0C0D0E0F101112131415161718191A1B1C1D1E1FE1
:200F2000202122232425262728292A2B2C2D2E2F303132333435363738393A3B3C3D3E3FC1
:200F4000404142434445464748494A4B4C4D4E4F505152535455565758595A5B5C5D5E5FA1
:200F6000606162636465666768696A6B6C6D6E6F707172737475767778797A7B7C7D7E7F81
:200F8000808182838485868788898A8B8C8D8E8F909192939495969798999A9B9C9D9E9F61
:200FA000A0A1A2A3A4A5A6A7A8A9AAABACADAEAFB0B1B2B3B4B5B6B7B8B9BABBBCBDBEBF41
:200FC000C0C1C2C3C4C5C6C7C8C9CACBCCCDCECFD0D1D2D3D4D5D6D7D8D9DADBDCDDDEDF21
:200FE000E0E1E2E3E4E5E6E7E8E9EAEBECEDEEEFF0F1F2F3F4F5F6F7F8F9FAFBFCFDFEFF01
:20100000000102030405060708090A0B0C0D0E0F101112131415161718191A1B1C1D1E1FE0
:20102000202122232425262728292A2B2C2D2E2F303132333435363738393A3B3C3D3E3FC0
:20104000404142434445464748494A4B4C4D4E4F505152535455565758595A5B5C5D5E5FA0
:20106000606162636465666768696A6B6C6D6E6F707172737475767778797A7B7C7D7E7F80
:20108000808182838485868788898A8B8C8D8E8F909192939495969798999A9B9C9D9E9F60
:2010A000A0A1A2A3A4A5A6A7A8A9AAABACADAEAFB0B1B2B3B4B5B6B7B8B9BABBBCBDBEBF40
:2010C000C0C1C2C3C4C5C6C7C8C9CACBCCCDCECFD0D1D2D3D4D5D6D7D8D9DADBDCDDDEDF20
:2010E000E0E1E2E3E4E5E6E7E8E9EAEBECEDEEEFF0F1F2F3F4F5F6F7F8F9FAFBFCFDFEFF00
:20110000000102030405060708090A0B0C0D0E0F101112131415161718191A1B1C1D1E1FDF
:20112000202122232425262728292A2B2C2D2E2F303132333435363738393A3B3C3D3E3FBF
:20114000404142434445464748494A4B4C4D4E4F505152535455565758595A5B5C5D5E5F9F
:20116000606162636465666768696A6B6C6D6E6F707172737475767778797A7B7C7D7E7F7F
:20118000808182838485868788898A8B8C8D8E8F909192939495969798999A9B9C9D9E9F5F
:2011A000A0A1A2A3A4A5A6A7A8A9AAABACADAEAFB0B1B2B3B4B5B6B7B8B9BABBBCBDBEBF3F
:2011C000C0C1C2C3C4C5C6C7C8C9CACBCCCDCECFD0D1D2D3D4D5D6D7D8D9DADBDCDDDEDF1F
:2011E000E0E1E2E3E4E5E6E7E8E9EAEBECEDEEEFF0F1F2F3F4F5F6F7F8F9FAFBFCFDFEFFFF
:20120000000102030405060708090A0B0C0D0E0F101112131415161718191A1B1C1D1E1FDE
:20122000202122232425262728292A2B2C2D2E2F303132333435363738393A3B3C3D3E3FBE
:20124000404142434445464748494A4B4C4D4E4F505152535455565758595A5B5C5D5E5F9E
:20126000606162636465666768696A6B6C6D6E6F707172737475767778797A7B7C7D7E7F7E
:20128000808182838485868788898A8B8C8D8E8F909192939495969798999A9B9C9D9E9F5E
:2012A000A0A1A2A3A4A5A6A7A8A9AAABACADAEAFB0B1B2B3B4B5B6B7B8B9BABBBCBDBEBF3E
:2012C000C0C1C2C3C4C5C6C7C8C9CACBCCCDCECFD0D1D2D3D4D5D6D7D8D9DADBDCDDDEDF1E
:2012E000E0E1E2E3E4E5E6E7E8E9EAEBECEDEEEFF0F1F2F3F4F5F6F7F8F9FAFBFCFDFEFFFE
:20130000000102030405060708090A0B0C0D0E0F101112131415161718191A1B1C1D1E1FDD
:20132000202122232425262728292A2B2C2D2E2F303132333435363738393A3B3C3D3E3FBD
:20134000404142434445464748494A4B4C4D4E4F505152535455565758595A5B5C5D5E5F9D
:20136000606162636465666768696A6B6C6D6E6F707172737475767778797A7B7C7D7E7F7D
:20138000808182838485868788898A8B8C8D8E8F909192939495969798999A9B9C9D9E9F5D
:2013A000A0A1A2A3A4A5A6A7A8A9AAABACADAEAFB0B1B2B3B4B5B6B7B8B9BABBBCBDBEBF3D
:2013C000C0C1C2C3C4C5C6C7C8C9CACBCCCDCECFD0D1D2D3D4D5D6D7D8D9DADBDCDDDEDF1D
:2013E000E0E1E2E3E4E5E6E7E8E9EAEBECEDEEEFF0F1F2F3F4F5F6F7F8F9FAFBFCFDFEFFFD
:20140000000102030405060708090A0B0C0D0E0F101112131415161718191A1B1C1D1E1FDC
:20142000202122232425262728292A2B2C2D2E2F303132333435363738393A3B3C3D3E3FBC
:20144000404142434445464748494A4B4C4D4E4F505152535455565758595A5B5C5D5E5F9C
:20146000606162636465666768696A6B6C6D6E6F707172737475767778797A7B7C7D7E7F7C
:20148000808182838485868788898A8B8C8D8E8F909192939495969798999A9B9C9D9E9F5C
:2014A000A0A1A2A3A4A5A6A7A8A9AAABACADAEAFB0B1B2B3B4B5B6B7B8B9BABBBCBDBEBF3C
:2014C000C0C1C2C3C4C5C6C7C8C9CACBCCCDCECFD0D1D2D3D4D5D6D7D8D9DADBDCDDDEDF1C
:2014E000E0E1E2E3E4E5E6E7E8E9EAEBECEDEEEFF0F1F2F3F4F5F6F7F8F9FAFBFCFDFEFFFC
:20150000000102030405060708090A0B0C0D0E0F101112131415161718191A1B1C1D1E1FDB
:20152000202122232425262728292A2B2C2D2E2F303132333435363738393A3B3C3D3E3FBB
:20154000404142434445464748494A4B4C4D4E4F505152535455565758595A5B5C5D5E5F9B
:20156000606162636465666768696A6B6C6D6E6F707172737475767778797A7B7C7D7E7F7B
:20158000808182838485868788898A8B8C8D8E8F909192939495969798999A9B9C9D9E9F5B
:2015A000A0A1A2A3A4A5A6A7A8A9AAABACADAEAFB0B1B2B3B4B5B6B7B8B9BABBBCBDBEBF3B
:2015C000C0C1C2C3C4C5C6C7C8C9CACBCCCDCECFD0D1D2D3D4D5D6D7D8D9DADBDCDDDEDF1B
:2015E000E0E1E2E3E4E5E6E7E8E9EAEBECEDEEEFF0F1F2F3F4F5F6F7F8F9FAFBFCFDFEFFFB
:20160000000102030405060708090A0B0C0D0E0F101112131415161718191A1B1C1D1E1FDA
:20162000202122232425262728292A2B2C2D2E2F303132333435363738393A3B3C3D3E3FBA
:20164000404142434445464748494A4B4C4D4E4F505152535455565758595A5B5C5D5E5F9A
:20166000606162636465666768696A6B6C6D6E6F707172737475767778797A7B7C7D7E7F7A
:20168000808182838485868788898A8B8C8D8E8F909192939495969798999A9B9C9D9E9F5A
:2016A000A0A1A2A3A4A5A6A7A8A9AAABACADAEAFB0B1B2B3B4B5B6B7B8B9BABBBCBDBEBF3A
:2016C000C0C1C2C3C4C5C6C7C8C9CACBCCCDCECFD0D1D2D3D4D5D6D7D8D9DADBDCDDDEDF1A
:2016E000E0E1E2E3E4E5E6E7E8E9EAEBECEDEEEFF0F1F2F3F4F5F6F7F8F9FAFBFCFDFEFFFA
:20170000000102030405060708090A0B0C0D0E0F101112131415161718191A1B1C1D1E1FD9
:20172000202122232425262728292A2B2C2D2E2F303132333435363738393A3B3C3D3E3FB9
:20174000404142434445464748494A4B4C4D4E4F505152535455565758595A5B5C5D5E5F99
:20176000606162636465666768696A6B6C6D6E6F707172737475767778797A7B7C7D7E7F79
:20178000808182838485868788898A8B8C8D8E8F909192939495969798999A9B9C9D9E9F59
:2017A000A0A1A2A3A4A5A6A7A8A9AAABACADAEAFB0B1B2B3B4B5B6B7B8B9BABBBCBDBEBF39
:2017C000C0C1C2C3C4C5C6C7C8C9CACBCCCDCECFD0D1D2D3D4D5D6D7D8D9DADBDCDDDEDF19
:2017E000E0E1E2E3E4E5E6E7E8E9EAEBECEDEEEFF0F1F2F3F4F5F6F7F8F9FAFBFCFDFEFFF9
:20180000000102030405060708090A0B0C0D0E0F101112131415161718191A1B1C1D1E1FD8
:20182000202122232425262728292A2B2C2D2E2F303132333435363738393A3B3C3D3E3FB8
:20184000404142434445464748494A4B4C4D4E4F505152535455565758595A5B5C5D5E5F98
:20186000606162636465666768696A6B6C6D6E6F707172737475767778797A7B7C7D7E7F78
:20188000808182838485868788898A8B8C8D8E8F909192939495969798999A9B9C9D9E9F58
:2018A000A0A1A2A3A4A5A6A7A8A9AAABACADAEAFB0B1B2B3B4B5B6B7B8B9BABBBCBDBEBF38
:2018C000C0C1C2C3C4C5C6C7C8C9CACBCCCDCECFD0D1D2D3D4D5D6D7D8D9DADBDCDDDEDF18
:2018E000E0E1E2E3E4E5E6E7E8E9EAEBECEDEEEFF0F1F2F3F4F5F6F7F8F9FAFBFCFDFEFFF8
:20190000000102030405060708090A0B0C0D0E0F101112131415161718191A1B1C1D1E1FD7
:20192000202122232425262728292A2B2C2D2E2F303132333435363738393A3B3C3D3E3FB7
:20194000404142434445464748494A4B4C4D4E4F505152535455565758595A5B5C5D5E5F97
:20196000606162636465666768696A6B6C6D6E6F707172737475767778797A7B7C7D7E7F77
:20198000808182838485868788898A8B8C8D8E8F909192939495969798999A9B9C9D9E9F57
:2019A000A0A1A2A3A4A5A6A7A8A9AAABACADAEAFB0B1B2B3B4B5B6B7B8B9BABBBCBDBEBF37
:2019C000C0C1C2C3C4C5C6C7C8C9CACBCCCDCECFD0D1D2D3D4D5D6D7D8D9DADBDCDDDEDF17
:2019E000E0E1E2E3E4E5E6E7E8E9EAEBECEDEEEFF0F1F2F3F4F5F6F7F8F9FAFBFCFDFEFFF7
:201A0000000102030405060708090A0B0C0D0E0F101112131415161718191A1B1C1D1E1FD6
:201A2000202122232425262728292A2B2C2D2E2F303132333435363738393A3B3C3D3E3FB6
:201A4000404142434445464748494A4B4C4D4E4F505152535455565758595A5B5C5D5E5F96
:201A6000606162636465666768696A6B6C6D6E6F707172737475767778797A7B7C7D7E7F76
:201A8000808182838485868788898A8B8C8D8E8F909192939495969798999A9B9C9D9E9F56
:201AA000A0A1A2A3A4A5A6A7A8A9AAABACADAEAFB0B1B2B3B4B5B6B7B8B9BABBBCBDBEBF36
:201AC000C0C1C2C3C4C5C6C7C8C9CACBCCCDCECFD0D1D2D3D4D5D6D7D8D9DADBDCDDDEDF16
:201AE000E0E1E2E3E4E5E6E7E8E9EAEBECEDEEEFF0F1F2F3F4F5F6F7F8F9FAFBFCFDFEFFF6
:201B0000000102030405060708090A0B0C0D0E0F101112131415161718191A1B1C1D1E1FD5
:201B2000202122232425262728292A2B2C2D2E2F303132333435363738393A3B3C3D3E3FB5
:201B4000404142434445464748494A4B4C4D4E4F505152535455565758595A5B5C5D5E5F95
:201B6000606162636465666768696A6B6C6D6E6F707172737475767778797A7B7C7D7E7F75
:201B8000808182838485868788898A8B8C8D8E8F909192939495969798999A9B9C9D9E9F55
:201BA000A0A1A2A3A4A5A6A7A8A9AAABACADAEAFB0B1B2B3B4B5B6B7B8B9BABBBCBDBEBF35
:201BC000C0C1C2C3C4C5C6C7C8C9CACBCCCDCECFD0D1D2D3D4D5D6D7D8D9DADBDCDDDEDF15
:201BE000E0E1E2E3E4E5E6E7E8E9EAEBECEDEEEFF0F1F2F3F4F5F6F7F8F9FAFBFCFDFEFFF5
:201C0000000102030405060708090A0B0C0D0E0F101112131415161718191A1B1C1D1E1FD4
:201C2000202122232425262728292A2B2C2D2E2F303132333435363738393A3B3C3D3E3FB4
:201C4000404142434445464748494A4B4C4D4E4F505152535455565758595A5B5C5D5E5F94
:201C6000606162636465666768696A6B6C6D6E6F707172737475767778797A7B7C7D7E7F74
:201C8000808182838485868788898A8B8C8D8E8F909192939495969798999A9B9C9D9E9F54
:201CA000A0A1A2A3A4A5A6A7A8A9AAABACADAEAFB0B1B2B3B4B5B6B7B8B9BABBBCBDBEBF34
:201CC000C0C1C2C3C4C5C6C7C8C9CACBCCCDCECFD0D1D2D3D4D5D6D7D8D9DADBDCDDDEDF14
:201CE000E0E1E2E3E4E5E6E7E8E9EAEBECEDEEEFF0F1F2F3F4F5F6F7F8F9FAFBFCFDFEFFF4
:201D0000000102030405060708090A0B0C0D0E0F101112131415161718191A1B1C1D1E1FD3
:201D2000202122232425262728292A2B2C2D2E2F303132333435363738393A3B3C3D3E3FB3
:201D4000404142434445464748494A4B4C4D4E4F505152535455565758595A5B5C5D5E5F93
:201D6000606162636465666768696A6B6C6D6E6F707172737475767778797A7B7C7D7E7F73
:201D8000808182838485868788898A8B8C8D8E8F909192939495969798999A9B9C9D9E9F53
:201DA000A0A1A2A3A4A5A6A7A8A9AAABACADAEAFB0B1B2B3B4B5B6B7B8B9BABBBCBDBEBF33
:201DC000C0C1C2C3C4C5C6C7C8C9CACBCCCDCECFD0D1D2D3D4D5D6D7D8D9DADBDCDDDEDF13
:201DE000E0E1E2E3E4E5E6E7E8E9EAEBECEDEEEFF0F1F2F3F4F5F6F7F8F9FAFBFCFDFEFFF3
:201E0000000102030405060708090A0B0C0D0E0F101112131415161718191A1B1C1D1E1FD2
:201E2000202122232425262728292A2B2C2D2E2F303132333435363738393A3B3C3D3E3FB2
:201E4000404142434445464748494A4B4C4D4E4F505152535455565758595A5B5C5D5E5F92
:201E6000606162636465666768696A6B6C6D6E6F707172737475767778797A7B7C7D7E7F72
:201E8000808182838485868788898A8B8C8D8E8F909192939495969798999A9B9C9D9E9F52
:201EA000A0A1A2A3A4A5A6A7A8A9AAABACADAEAFB0B1B2B3B4B5B6B7B8B9BABBBCBDBEBF32
:201EC000C0C1C2C3C4C5C6C7C8C9CACBCCCDCECFD0D1D2D3D4D5D6D7D8D9DADBDCDDDEDF12
:201EE000E0E1E2E3E4E5E6E7E8E9EAEBECEDEEEFF0F1F2F3F4F5F6F7F8F9FAFBFCFDFEFFF2
:201F0000000102030405060708090A0B0C0D0E0F101112131415161718191A1B1C1D1E1FD1
:201F2000202122232425262728292A2B2C2D2E2F303132333435363738393A3B3C3D3E3FB1
:201F4000404142434445464748494A4B4C4D4E4F505152535455565758595A5B5C5D5E5F91
:201F6000606162636465666768696A6B6C6D6E6F707172737475767778797A7B7C7D7E7F71
:201F8000808182838485868788898A8B8C8D8E8F909192939495969798999A9B9C9D9E9F51
:201FA000A0A1A2A3A4A5A6A7A8A9AAABACADAEAFB0B1B2B3B4B5B6B7B8B9BABBBCBDBEBF31
:201FC000C0C1C2C3C4C5C6C7C8C9CACBCCCDCECFD0D1D2D3D4D5D6D7D8D9DADBDCDDDEDF11
:201FE000E0E1E2E3E4E5E6E7E8E9EAEBECEDEEEFF0F1F2F3F4F5F6F7F8F9FAFBFCFDFEFFF1
:20200000000102030405060708090A0B0C0D0E0F101112131415161718191A1B1C1D1E1FD0
:20202000202122232425262728292A2B2C2D2E2F303132333435363738393A3B3C3D3E3FB0
:20204000404142434445464748494A4B4C4D4E4F505152535455565758595A5B5C5D5E5F90
:20206000606162636465666768696A6B6C6D6E6F707172737475767778797A7B7C7D7E7F70
:20208000808182838485868788898A8B8C8D8E8F909192939495969798999A9B9C9D9E9F50
:2020A000A0A1A2A3A4A5A6A7A8A9AAABACADAEAFB0B1B2B3B4B5B6B7B8B9BABBBCBDBEBF30
:2020C000C0C1C2C3C4C5C6C7C8C9CACBCCCDCECFD0D1D2D3D4D5D6D7D8D9DADBDCDDDEDF10
:2020E000E0E1E2E3E4E5E6E7E8E9EAEBECEDEEEFF0F1F2F3F4F5F6F7F8F9FAFBFCFDFEFFF0
:20210000000102030405060708090A0B0C0D0E0F101112131415161718191A1B1C1D1E1FCF
:20212000202122232425262728292A2B2C2D2E2F303132333435363738393A3B3C3D3E3FAF
:20214000404142434445464748494A4B4C4D4E4F505152535455565758595A5B5C5D5E5F8F
:20216000606162636465666768696A6B6C6D6E6F707172737475767778797A7B7C7D7E7F6F
:20218000808182838485868788898A8B8C8D8E8F909192939495969798999A9B9C9D9E9F4F
:2021A000A0A1A2A3A4A5A6A7A8A9AAABACADAEAFB0B1B2B3B4B5B6B7B8B9BABBBCBDBEBF2F
:2021C000C0C1C2C3C4C5C6C7C8C9CACBCCCDCECFD0D1D2D3D4D5D6D7D8D9DADBDCDDDEDF0F
:2021E000E0E1E2E3E4E5E6E7E8E9EAEBECEDEEEFF0F1F2F3F4F5F6F7F8F9FAFBFCFDFEFFEF
:20220000000102030405060708090A0B0C0D0E0F101112131415161718191A1B1C1D1E1FCE
:20222000202122232425262728292A2B2C2D2E2F303132333435363738393A3B3C3D3E3FAE
:20224000404142434445464748494A4B4C4D4E4F505152535455565758595A5B5C5D5E5F8E
:20226000606162636465666768696A6B6C6D6E6F707172737475767778797A7B7C7D7E7F6E
:20228000808182838485868788898A8B8C8D8E8F909192939495969798999A9B9C9D9E9F4E
:2022A000A0A1A2A3A4A5A6A7A8A9AAABACADAEAFB0B1B2B3B4B5B6B7B8B9BABBBCBDBEBF2E
:2022C000C0C1C2C3C4C5C6C7C8C9CACBCCCDCECFD0D1D2D3D4D5D6D7D8D9DADBDCDDDEDF0E
:2022E000E0E1E2E3E4E5E6E7E8E9EAEBECEDEEEFF0F1F2F3F4F5F6F7F8F9FAFBFCFDFEFFEE
:20230000000102030405060708090A0B0C0D0E0F101112131415161718191A1B1C1D1E1FCD
:20232000202122232425262728292A2B2C2D2E2F303132333435363738393A3B3C3D3E3FAD
:20234000404142434445464748494A4B4C4D4E4F505152535455565758595A5B5C5D5E5F8D
:20236000606162636465666768696A6B6C6D6E6F707172737475767778797A7B7C7D7E7F6D
:20238000808182838485868788898A8B8C8D8E8F909192939495969798999A9B9C9D9E9F4D
:2023A000A0A1A2A3A4A5A6A7A8A9AAABACADAEAFB0B1B2B3B4B5B6B7B8B9BABBBCBDBEBF2D
:2023C000C0C1C2C3C4C5C6C7C8C9CACBCCCDCECFD0D1D2D3D4D5D6D7D8D9DADBDCDDDEDF0D
:2023E000E0E1E2E3E4E5E6E7E8E9EAEBECEDEEEFF0F1F2F3F4F5F6F7F8F9FAFBFCFDFEFFED
:20240000000102030405060708090A0B0C0D0E0F101112131415161718191A1B1C1D1E1FCC
:20242000202122232425262728292A2B2C2D2E2F303132333435363738393A3B3C3D3E3FAC
:20244000404142434445464748494A4B4C4D4E4F505152535455565758595A5B5C5D5E5F8C
:20246000606162636465666768696A6B6C6D6E6F707172737475767778797A7B7C7D7E7F6C
:20248000808182838485868788898A8B8C8D8E8F909192939495969798999A9B9C9D9E9F4C
:2024A000A0A1A2A3A4A5A6A7A8A9AAABACADAEAFB0B1B2B3B4B5B6B7B8B9BABBBCBDBEBF2C
:2024C000C0C1C2C3C4C5C6C7C8C9CACBCCCDCECFD0D1D2D3D4D5D6D7D8D9DADBDCDDDEDF0C
:2024E000E0E1E2E3E4E5E6E7E8E9EAEBECEDEEEFF0F1F2F3F4F5F6F7F8F9FAFBFCFDFEFFEC
:20250000000102030405060708090A0B0C0D0E0F101112131415161718191A1B1C1D1E1FCB
:20252000202122232425262728292A2B2C2D2E2F303132333435363738393A3B3C3D3E3FAB
:20254000404142434445464748494A4B4C4D4E4F505152535455565758595A5B5C5D5E5F8B
:20256000606162636465666768696A6B6C6D6E6F707172737475767778797A7B7C7D7E7F6B
:20258000808182838485868788898A8B8C8D8E8F909192939495969798999A9B9C9D9E9F4B
:2025A000A0A1A2A3A4A5A6A7A8A9AAABACADAEAFB0B1B2B3B4B5B6B7B8B9BABBBCBDBEBF2B
:2025C000C0C1C2C3C4C5C6C7C8C9CACBCCCDCECFD0D1D2D3D4D5D6D7D8D9DADBDCDDDEDF0B
:2025E000E0E1E2E3E4E5E6E7E8E9EAEBECEDEEEFF0F1F2F3F4F5F6F7F8F9FAFBFCFDFEFFEB
:20260000000102030405060708090A0B0C0D0E0F101112131415161718191A1B1C1D1E1FCA
:20262000202122232425262728292A2B2C2D2E2F303132333435363738393A3B3C3D3E3FAA
:20264000404142434445464748494A4B4C4D4E4F505152535455565758595A5B5C5D5E5F8A
:20266000606162636465666768696A6B6C6D6E6F707172737475767778797A7B7C7D7E7F6A
:20268000808182838485868788898A8B8C8D8E8F909192939495969798999A9B9C9D9E9F4A
:2026A000A0A1A2A3A4A5A6A7A8A9AAABACADAEAFB0B1B2B3B4B5B6B7B8B9BABBBCBDBEBF2A
:2026C000C0C1C2C3C4C5C6C7C8C9CACBCCCDCECFD0D1D2D3D4D5D6D7D8D9DADBDCDDDEDF0A
:2026E000E0E1E2E3E4E5E6E7E8E9EAEBECEDEEEFF0F1F2F3F4F5F6F7F8F9FAFBFCFDFEFFEA
:20270000000102030405060708090A0B0C0D0E0F101112131415161718191A1B1C1D1E1FC9
:20272000202122232425262728292A2B2C2D2E2F303132333435363738393A3B3C3D3E3FA9
:20274000404142434445464748494A4B4C4D4E4F505152535455565758595A5B5C5D5E5F89
:20276000606162636465666768696A6B6C6D6E6F707172737475767778797A7B7C7D7E7F69
:20278000808182838485868788898A8B8C8D8E8F909192939495969798999A9B9C9D9E9F49
:2027A000A0A1A2A3A4A5A6A7A8A9AAABACADAEAFB0B1B2B3B4B5B6B7B8B9BABBBCBDBEBF29
:2027C000C0C1C2C3C4C5C6C7C8C9CACBCCCDCECFD0D1D2D3D4D5D6D7D8D9DADBDCDDDEDF09
:2027E000E0E1E2E3E4E5E6E7E8E9EAEBECEDEEEFF0F1F2F3F4F5F6F7F8F9FAFBFCFDFEFFE9
:20280000000102030405060708090A0B0C0D0E0F101112131415161718191A1B1C1D1E1FC8
:20282000202122232425262728292A2B2C2D2E2F303132333435363738393A3B3C3D3E3FA8
:20284000404142434445464748494A4B4C4D4E4F505152535455565758595A5B5C5D5E5F88
:20286000606162636465666768696A6B6C6D6E6F707172737475767778797A7B7C7D7E7F68
:20288000808182838485868788898A8B8C8D8E8F909192939495969798999A9B9C9D9E9F48
:2028A000A0A1A2A3A4A5A6A7A8A9AAABACADAEAFB0B1B2B3B4B5B6B7B8B9BABBBCBDBEBF28
:2028C000C0C1C2C3C4C5C6C7C8C9CACBCCCDCECFD0D1D2D3D4D5D6D7D8D9DADBDCDDDEDF08
:2028E000E0E1E2E3E4E5E6E7E8E9EAEBECEDEEEFF0F1F2F3F4F5F6F7F8F9FAFBFCFDFEFFE8
:20290000000102030405060708090A0B0C0D0E0F101112131415161718191A1B1C1D1E1FC7
:20292000202122232425262728292A2B2C2D2E2F303132333435363738393A3B3C3D3E3FA7
:20294000404142434445464748494A4B4C4D4E4F505152535455565758595A5B5C5D5E5F87
:20296000606162636465666768696A6B6C6D6E6F707172737475767778797A7B7C7D7E7F67
:20298000808182838485868788898A8B8C8D8E8F909192939495969798999A9B9C9D9E9F47
:2029A000A0A1A2A3A4A5A6A7A8A9AAABACADAEAFB0B1B2B3B4B5B6B7B8B9BABBBCBDBEBF27
:2029C000C0C1C2C3C4C5C6C7C8C9CACBCCCDCECFD0D1D2D3D4D5D6D7D8D9DADBDCDDDEDF07
:2029E000E0E1E2E3E4E5E6E7E8E9EAEBECEDEEEFF0F1F2F3F4F5F6F7F8F9FAFBFCFDFEFFE7
:202A0000000102030405060708090A0B0C0D0E0F101112131415161718191A1B1C1D1E1FC6
:202A2000202122232425262728292A2B2C2D2E2F303132333435363738393A3B3C3D3E3FA6
:202A4000404142434445464748494A4B4C4D4E4F505152535455565758595A5B5C5D5E5F86
:202A6000606162636465666768696A6B6C6D6E6F707172737475767778797A7B7C7D7E7F66
:202A8000808182838485868788898A8B8C8D8E8F909192939495969798999A9B9C9D9E9F46
:202AA000A0A1A2A3A4A5A6A7A8A9AAABACADAEAFB0B1B2B3B4B5B6B7B8B9BABBBCBDBEBF26
:202AC000C0C1C2C3C4C5C6C7C8C9CACBCCCDCECFD0D1D2D3D4D5D6D7D8D9DADBDCDDDEDF06
:202AE000E0E1E2E3E4E5E6E7E8E9EAEBECEDEEEFF0F1F2F3F4F5F6F7F8F9FAFBFCFDFEFFE6
:202B0000000102030405060708090A0B0C0D0E0F101112131415161718191A1B1C1D1E1FC5
:202B2000202122232425262728292A2B2C2D2E2F303132333435363738393A3B3C3D3E3FA5
:202B4000404142434445464748494A4B4C4D4E4F505152535455565758595A5B5C5D5E5F85
:202B6000606162636465666768696A6B6C6D6E6F707172737475767778797A7B7C7D7E7F65
:202B8000808182838485868788898A8B8C8D8E8F909192939495969798999A9B9C9D9E9F45
:202BA000A0A1A2A3A4A5A6A7A8A9AAABACADAEAFB0B1B2B3B4B5B6B7B8B9BABBBCBDBEBF25
:202BC000C0C1C2C3C4C5C6C7C8C9CACBCCCDCECFD0D1D2D3D4D5D6D7D8D9DADBDCDDDEDF05
:202BE000E0E1E2E3E4E5E6E7E8E9EAEBECEDEEEFF0F1F2F3F4F5F6F7F8F9FAFBFCFDFEFFE5
:202C0000000102030405060708090A0B0C0D0E0F101112131415161718191A1B1C1D1E1FC4
:202C2000202122232425262728292A2B2C2D2E2F303132333435363738393A3B3C3D3E3FA4
:202C4000404142434445464748494A4B4C4D4E4F505152535455565758595A5B5C5D5E5F84
:202C6000606162636465666768696A6B6C6D6E6F707172737475767778797A7B7C7D7E7F64
:202C8000808182838485868788898A8B8C8D8E8F909192939495969798999A9B9C9D9E9F44
:202CA000A0A1A2A3A4A5A6A7A8A9AAABACADAEAFB0B1B2B3B4B5B6B7B8B9BABBBCBDBEBF24
:202CC000C0C1C2C3C4C5C6C7C8C9CACBCCCDCECFD0D1D2D3D4D5D6D7D8D9DADBDCDDDEDF04
:202CE000E0E1E2E3E4E5E6E7E8E9EAEBECEDEEEFF0F1F2F3F4F5F6F7F8F9FAFBFCFDFEFFE4
:202D0000000102030405060708090A0B0C0D0E0F101112131415161718191A1B1C1D1E1FC3
:202D2000202122232425262728292A2B2C2D2E2F303132333435363738393A3B3C3D3E3FA3
:202D4000404142434445464748494A4B4C4D4E4F505152535455565758595A5B5C5D5E5F83
:202D6000606162636465666768696A6B6C6D6E6F707172737475767778797A7B7C7D7E7F63
:202D8000808182838485868788898A8B8C8D8E8F909192939495969798999A9B9C9D9E9F43
:202DA000A0A1A2A3A4A5A6A7A8A9AAABACADAEAFB0B1B2B3B4B5B6B7B8B9BABBBCBDBEBF23
:202DC000C0C1C2C3C4C5C6C7C8C9CACBCCCDCECFD0D1D2D3D4D5D6D7D8D9DADBDCDDDEDF03
:202DE000E0E1E2E3E4E5E6E7E8E9EAEBECEDEEEFF0F1F2F3F4F5F6F7F8F9FAFBFCFDFEFFE3
:202E0000000102030405060708090A0B0C0D0E0F101112131415161718191A1B1C1D1E1FC2
:202E2000202122232425262728292A2B2C2D2E2F303132333435363738393A3B3C3D3E3FA2
:202E4000404142434445464748494A4B4C4D4E4F505152535455565758595A5B5C5D5E5F82
:202E6000606162636465666768696A6B6C6D6E6F707172737475767778797A7B7C7D7E7F62
:202E8000808182838485868788898A8B8C8D8E8F909192939495969798999A9B9C9D9E9F42
:202EA000A0A1A2A3A4A5A6A7A8A9AAABACADAEAFB0B1B2B3B4B5B6B7B8B9BABBBCBDBEBF22
:202EC000C0C1C2C3C4C5C6C7C8C9CACBCCCDCECFD0D1D2D3D4D5D6D7D8D9DADBDCDDDEDF02
:202EE000E0E1E2E3E4E5E6E7E8E9EAEBECEDEEEFF0F1F2F3F4F5F6F7F8F9FAFBFCFDFEFFE2
:202F0000000102030405060708090A0B0C0D0E0F101112131415161718191A1B1C1D1E1FC1
:202F2000202122232425262728292A2B2C2D2E2F303132333435363738393A3B3C3D3E3FA1
:202F4000404142434445464748494A4B4C4D4E4F505152535455565758595A5B5C5D5E5F81
:202F6000606162636465666768696A6B6C6D6E6F707172737475767778797A7B7C7D7E7F61
:202F8000808182838485868788898A8B8C8D8E8F909192939495969798999A9B9C9D9E9F41
:202FA000A0A1A2A3A4A5A6A7A8A9AAABACADAEAFB0B1B2B3B4B5B6B7B8B9BABBBCBDBEBF21
:202FC000C0C1C2C3C4C5C6C7C8C9CACBCCCDCECFD0D1D2D3D4D5D6D7D8D9DADBDCDDDEDF01
:202FE000E0E1E2E3E4E5E6E7E8E9EAEBECEDEEEFF0F1F2F3F4F5F6F7F8F9FAFBFCFDFEFFE1
:20300000000102030405060708090A0B0C0D0E0F101112131415161718191A1B1C1D1E1FC0
:20302000202122232425262728292A2B2C2D2E2F303132333435363738393A3B3C3D3E3FA0
:20304000404142434445464748494A4B4C4D4E4F505152535455565758595A5B5C5D5E5F80
:20306000606162636465666768696A6B6C6D6E6F707172737475767778797A7B7C7D7E7F60
:20308000808182838485868788898A8B8C8D8E8F909192939495969798999A9B9C9D9E9F40
:2030A000A0A1A2A3A4A5A6A7A8A9AAABACADAEAFB0B1B2B3B4B5B6B7B8B9BABBBCBDBEBF20
:2030C000C0C1C2C3C4C5C6C7C8C9CACBCCCDCECFD0D1D2D3D4D5D6D7D8D9DADBDCDDDEDF00
:2030E000E0E1E2E3E4E5E6E7E8E9EAEBECEDEEEFF0F1F2F3F4F5F6F7F8F9FAFBFCFDFEFFE0
:20310000000102030405060708090A0B0C0D0E0F101112131415161718191A1B1C1D1E1FBF
:20312000202122232425262728292A2B2C2D2E2F303132333435363738393A3B3C3D3E3F9F
:20314000404142434445464748494A4B4C4D4E4F505152535455565758595A5B5C5D5E5F7F
:20316000606162636465666768696A6B6C6D6E6F707172737475767778797A7B7C7D7E7F5F
:20318000808182838485868788898A8B8C8D8E8F909192939495969798999A9B9C9D9E9F3F
:2031A000A0A1A2A3A4A5A6A7A8A9AAABACADAEAFB0B1B2B3B4B5B6B7B8B9BABBBCBDBEBF1F
:2031C000C0C1C2C3C4C5C6C7C8C9CACBCCCDCECFD0D1D2D3D4D5D6D7D8D9DADBDCDDDEDFFF
:2031E000E0E1E2E3E4E5E6E7E8E9EAEBECEDEEEFF0F1F2F3F4F5F6F7F8F9FAFBFCFDFEFFDF
:20320000000102030405060708090A0B0C0D0E0F101112131415161718191A1B1C1D1E1FBE
:20322000202122232425262728292A2B2C2D2E2F303132333435363738393A3B3C3D3E3F9E
:20324000404142434445464748494A4B4C4D4E4F505152535455565758595A5B5C5D5E5F7E
:20326000606162636465666768696A6B6C6D6E6F707172737475767778797A7B7C7D7E7F5E
:20328000808182838485868788898A8B8C8D8E8F909192939495969798999A9B9C9D9E9F3E
:2032A000A0A1A2A3A4A5A6A7A8A9AAABACADAEAFB0B1B2B3B4B5B6B7B8B9BABBBCBDBEBF1E
:2032C000C0C1C2C3C4C5C6C7C8C9CACBCCCDCECFD0D1D2D3D4D5D6D7D8D9DADBDCDDDEDFFE
:2032E000E0E1E2E3E4E5E6E7E8E9EAEBECEDEEEFF0F1F2F3F4F5F6F7F8F9FAFBFCFDFEFFDE
:20330000000102030405060708090A0B0C0D0E0F101112131415161718191A1B1C1D1E1FBD
:20332000202122232425262728292A2B2C2D2E2F303132333435363738393A3B3C3D3E3F9D
:20334000404142434445464748494A4B4C4D4E4F505152535455565758595A5B5C5D5E5F7D
:20336000606162636465666768696A6B6C6D6E6F707172737475767778797A7B7C7D7E7F5D
:20338000808182838485868788898A8B8C8D8E8F909192939495969798999A9B9C9D9E9F3D
:2033A000A0A1A2A3A4A5A6A7A8A9AAABACADAEAFB0B1B2B3B4B5B6B7B8B9BABBBCBDBEBF1D
:2033C000C0C1C2C3C4C5C6C7C8C9CACBCCCDCECFD0D1D2D3D4D5D6D7D8D9DADBDCDDDEDFFD
:2033E000E0E1E2E3E4E5E6E7E8E9EAEBECEDEEEFF0F1F2F3F4F5F6F7F8F9FAFBFCFDFEFFDD
:20340000000102030405060708090A0B0C0D0E0F101112131415161718191A1B1C1D1E1FBC
:20342000202122232425262728292A2B2C2D2E2F303132333435363738393A3B3C3D3E3F9C
:20344000404142434445464748494A4B4C4D4E4F505152535455565758595A5B5C5D5E5F7C
:20346000606162636465666768696A6B6C6D6E6F707172737475767778797A7B7C7D7E7F5C
:20348000808182838485868788898A8B8C8D8E8F909192939495969798999A9B9C9D9E9F3C
:2034A000A0A1A2A3A4A5A6A7A8A9AAABACADAEAFB0B1B2B3B4B5B6B7B8B9BABBBCBDBEBF1C
:2034C000C0C1C2C3C4C5C6C7C8C9CACBCCCDCECFD0D1D2D3D4D5D6D7D8D9DADBDCDDDEDFFC
:2034E000E0E1E2E3E4E5E6E7E8E9EAEBECEDEEEFF0F1F2F3F4F5F6F7F8F9FAFBFCFDFEFFDC
:20350000000102030405060708090A0B0C0D0E0F101112131415161718191A1B1C1D1E1FBB
:20352000202122232425262728292A2B2C2D2E2F303132333435363738393A3B3C3D3E3F9B
:20354000404142434445464748494A4B4C4D4E4F505152535455565758595A5B5C5D5E5F7B
:20356000606162636465666768696A6B6C6D6E6F707172737475767778797A7B7C7D7E7F5B
:20358000808182838485868788898A8B8C8D8E8F909192939495969798999A9B9C9D9E9F3B
:2035A000A0A1A2A3A4A5A6A7A8A9AAABACADAEAFB0B1B2B3B4B5B6B7B8B9BABBBCBDBEBF1B
:2035C000C0C1C2C3C4C5C6C7C8C9CACBCCCDCECFD0D1D2D3D4D5D6D7D8D9DADBDCDDDEDFFB
:2035E000E0E1E2E3E4E5E6E7E8E9EAEBECEDEEEFF0F1F2F3F4F5F6F7F8F9FAFBFCFDFEFFDB
:20360000000102030405060708090A0B0C0D0E0F101112131415161718191A1B1C1D1E1FBA
:20362000202122232425262728292A2B2C2D2E2F303132333435363738393A3B3C3D3E3F9A
:20364000404142434445464748494A4B4C4D4E4F505152535455565758595A5B5C5D5E5F7A
:20366000606162636465666768696A6B6C6D6E6F707172737475767778797A7B7C7D7E7F5A
:20368000808182838485868788898A8B8C8D8E8F909192939495969798999A9B9C9D9E9F3A
:2036A000A0A1A2A3A4A5A6A7A8A9AAABACADAEAFB0B1B2B3B4B5B6B7B8B9BABBBCBDBEBF1A
:2036C000C0C1C2C3C4C5C6C7C8C9CACBCCCDCECFD0D1D2D3D4D5D6D7D8D9DADBDCDDDEDFFA
:2036E000E0E1E2E3E4E5E6E7E8E9EAEBECEDEEEFF0F1F2F3F4F5F6F7F8F9FAFBFCFDFEFFDA
:20370000000102030405060708090A0B0C0D0E0F101112131415161718191A1B1C1D1E1FB9
:20372000202122232425262728292A2B2C2D2E2F303132333435363738393A3B3C3D3E3F99
:20374000404142434445464748494A4B4C4D4E4F505152535455565758595A5B5C5D5E5F79
:20376000606162636465666768696A6B6C6D6E6F707172737475767778797A7B7C7D7E7F59
:20378000808182838485868788898A8B8C8D8E8F909192939495969798999A9B9C9D9E9F39
:2037A000A0A1A2A3A4A5A6A7A8A9AAABACADAEAFB0B1B2B3B4B5B6B7B8B9BABBBCBDBEBF19
:2037C000C0C1C2C3C4C5C6C7C8C9CACBCCCDCECFD0D1D2D3D4D5D6D7D8D9DADBDCDDDEDFF9
:2037E000E0E1E2E3E4E5E6E7E8E9EAEBECEDEEEFF0F1F2F3F4F5F6F7F8F9FAFBFCFDFEFFD9
:20380000000102030405060708090A0B0C0D0E0F101112131415161718191A1B1C1D1E1FB8
:20382000202122232425262728292A2B2C2D2E2F303132333435363738393A3B3C3D3E3F98
:20384000404142434445464748494A4B4C4D4E4F505152535455565758595A5B5C5D5E5F78
:20386000606162636465666768696A6B6C6D6E6F707172737475767778797A7B7C7D7E7F58
:20388000808182838485868788898A8B8C8D8E8F909192939495969798999A9B9C9D9E9F38
:2038A000A0A1A2A3A4A5A6A7A8A9AAABACADAEAFB0B1B2B3B4B5B6B7B8B9BABBBCBDBEBF18
:2038C000C0C1C2C3C4C5C6C7C8C9CACBCCCDCECFD0D1D2D3D4D5D6D7D8D9DADBDCDDDEDFF8
:2038E000E0E1E2E3E4E5E6E7E8E9EAEBECEDEEEFF0F1F2F3F4F5F6F7F8F9FAFBFCFDFEFFD8
:20390000000102030405060708090A0B0C0D0E0F101112131415161718191A1B1C1D1E1FB7
:20392000202122232425262728292A2B2C2D2E2F303132333435363738393A3B3C3D3E3F97
:20394000404142434445464748494A4B4C4D4E4F505152535455565758595A5B5C5D5E5F77
:20396000606162636465666768696A6B6C6D6E6F707172737475767778797A7B7C7D7E7F57
:20398000808182838485868788898A8B8C8D8E8F909192939495969798999A9B9C9D9E9F37
:2039A000A0A1A2A3A4A5A6A7A8A9AAABACADAEAFB0B1B2B3B4B5B6B7B8B9BABBBCBDBEBF17
:2039C000C0C1C2C3C4C5C6C7C8C9CACBCCCDCECFD0D1D2D3D4D5D6D7D8D9DADBDCDDDEDFF7
:2039E000E0E1E2E3E4E5E6E7E8E9EAEBECEDEEEFF0F1F2F3F4F5F6F7F8F9FAFBFCFDFEFFD7
:203A0000000102030405060708090A0B0C0D0E0F101112131415161718191A1B1C1D1E1FB6
:203A2000202122232425262728292A2B2C2D2E2F303132333435363738393A3B3C3D3E3F96
:203A4000404142434445464748494A4B4C4D4E4F505152535455565758595A5B5C5D5E5F76
:203A6000606162636465666768696A6B6C6D6E6F707172737475767778797A7B7C7D7E7F56
:203A8000808182838485868788898A8B8C8D8E8F909192939495969798999A9B9C9D9E9F36
:203AA000A0A1A2A3A4A5A6A7A8A9AAABACADAEAFB0B1B2B3B4B5B6B7B8B9BABBBCBDBEBF16
:203AC000C0C1C2C3C4C5C6C7C8C9CACBCCCDCECFD0D1D2D3D4D5D6D7D8D9DADBDCDDDEDFF6
:203AE000E0E1E2E3E4E5E6E7E8E9EAEBECEDEEEFF0F1F2F3F4F5F6F7F8F9FAFBFCFDFEFFD6
:203B0000000102030405060708090A0B0C0D0E0F101112131415161718191A1B1C1D1E1FB5
:203B2000202122232425262728292A2B2C2D2E2F303132333435363738393A3B3C3D3E3F95
:203B4000404142434445464748494A4B4C4D4E4F505152535455565758595A5B5C5D5E5F75
:203B6000606162636465666768696A6B6C6D6E6F707172737475767778797A7B7C7D7E7F55
:203B8000808182838485868788898A8B8C8D8E8F909192939495969798999A9B9C9D9E9F35
:203BA000A0A1A2A3A4A5A6A7A8A9AAABACADAEAFB0B1B2B3B4B5B6B7B8B9BABBBCBDBEBF15
:203BC000C0C1C2C3C4C5C6C7C8C9CACBCCCDCECFD0D1D2D3D4D5D6D7D8D9DADBDCDDDEDFF5
:203BE000E0E1E2E3E4E5E6E7E8E9EAEBECEDEEEFF0F1F2F3F4F5F6F7F8F9FAFBFCFDFEFFD5
:203C0000000102030405060708090A0B0C0D0E0F101112131415161718191A1B1C1D1E1FB4
:203C2000202122232425262728292A2B2C2D2E2F303132333435363738393A3B3C3D3E3F94
:203C4000404142434445464748494A4B4C4D4E4F505152535455565758595A5B5C5D5E5F74
:203C6000606162636465666768696A6B6C6D6E6F707172737475767778797A7B7C7D7E7F54
:203C8000808182838485868788898A8B8C8D8E8F909192939495969798999A9B9C9D9E9F34
:203CA000A0A1A2A3A4A5A6A7A8A9AAABACADAEAFB0B1B2B3B4B5B6B7B8B9BABBBCBDBEBF14
:203CC000C0C1C2C3C4C5C6C7C8C9CACBCCCDCECFD0D1D2D3D4D5D6D7D8D9DADBDCDDDEDFF4
:203CE000E0E1E2E3E4E5E6E7E8E9EAEBECEDEEEFF0F1F2F3F4F5F6F7F8F9FAFBFCFDFEFFD4
:203D0000000102030405060708090A0B0C0D0E0F101112131415161718191A1B1C1D1E1FB3
:203D2000202122232425262728292A2B2C2D2E2F303132333435363738393A3B3C3D3E3F93
:203D4000404142434445464748494A4B4C4D4E4F505152535455565758595A5B5C5D5E5F73
:203D6000606162636465666768696A6B6C6D6E6F707172737475767778797A7B7C7D7E7F53
:203D8000808182838485868788898A8B8C8D8E8F909192939495969798999A9B9C9D9E9F33
:203DA000A0A1A2A3A4A5A6A7A8A9AAABACADAEAFB0B1B2B3B4B5B6B7B8B9BABBBCBDBEBF13
:203DC000C0C1C2C3C4C5C6C7C8C9CACBCCCDCECFD0D1D2D3D4D5D6D7D8D9DADBDCDDDEDFF3
:203DE000E0E1E2E3E4E5E6E7E8E9EAEBECEDEEEFF0F1F2F3F4F5F6F7F8F9FAFBFCFDFEFFD3
:203E0000000102030405060708090A0B0C0D0E0F101112131415161718191A1B1C1D1E1FB2
:203E2000202122232425262728292A2B2C2D2E2F303132333435363738393A3B3C3D3E3F92
:203E4000404142434445464748494A4B4C4D4E4F505152535455565758595A5B5C5D5E5F72
:203E6000606162636465666768696A6B6C6D6E6F707172737475767778797A7B7C7D7E7F52
:203E8000808182838485868788898A8B8C8D8E8F909192939495969798999A9B9C9D9E9F32
:203EA000A0A1A2A3A4A5A6A7A8A9AAABACADAEAFB0B1B2B3B4B5B6B7B8B9BABBBCBDBEBF12
:203EC000C0C1C2C3C4C5C6C7C8C9CACBCCCDCECFD0D1D2D3D4D5D6D7D8D9DADBDCDDDEDFF2
:203EE000E0E1E2E3E4E5E6E7E8E9EAEBECEDEEEFF0F1F2F3F4F5F6F7F8F9FAFBFCFDFEFFD2
:203F0000000102030405060708090A0B0C0D0E0F101112131415161718191A1B1C1D1E1FB1
:203F2000202122232425262728292A2B2C2D2E2F303132333435363738393A3B3C3D3E3F91
:203F4000404142434445464748494A4B4C4D4E4F505152535455565758595A5B5C5D5E5F71
:203F6000606162636465666768696A6B6C6D6E6F707172737475767778797A7B7C7D7E7F51
:203F8000808182838485868788898A8B8C8D8E8F909192939495969798999A9B9C9D9E9F31
:203FA000A0A1A2A3A4A5A6A7A8A9AAABACADAEAFB0B1B2B3B4B5B6B7B8B9BABBBCBDBEBF11
:203FC000C0C1C2C3C4C5C6C7C8C9CACBCCCDCECFD0D1D2D3D4D5D6D7D8D9DADBDCDDDEDFF1
:203FE000E0E1E2E3E4E5E6E7E8E9EAEBECEDEEEFF0F1F2F3F4F5F6F7F8F9FAFBFCFDFEFFD1
:20400000000102030405060708090A0B0C0D0E0F101112131415161718191A1B1C1D1E1FB0
:20402000202122232425262728292A2B2C2D2E2F303132333435363738393A3B3C3D3E3F90
:20404000404142434445464748494A4B4C4D4E4F505152535455565758595A5B5C5D5E5F70
:20406000606162636465666768696A6B6C6D6E6F707172737475767778797A7B7C7D7E7F50
:20408000808182838485868788898A8B8C8D8E8F909192939495969798999A9B9C9D9E9F30
:2040A000A0A1A2A3A4A5A6A7A8A9AAABACADAEAFB0B1B2B3B4B5B6B7B8B9BABBBCBDBEBF10
:2040C000C0C1C2C3C4C5C6C7C8C9CACBCCCDCECFD0D1D2D3D4D5D6D7D8D9DADBDCDDDEDFF0
:2040E000E0E1E2E3E4E5E6E7E8E9EAEBECEDEEEFF0F1F2F3F4F5F6F7F8F9FAFBFCFDFEFFD0
:20410000000102030405060708090A0B0C0D0E0F101112131415161718191A1B1C1D1E1FAF
:20412000202122232425262728292A2B2C2D2E2F303132333435363738393A3B3C3D3E3F8F
:20414000404142434445464748494A4B4C4D4E4F505152535455565758595A5B5C5D5E5F6F
:20416000606162636465666768696A6B6C6D6E6F707172737475767778797A7B7C7D7E7F4F
:20418000808182838485868788898A8B8C8D8E8F909192939495969798999A9B9C9D9E9F2F
:2041A000A0A1A2A3A4A5A6A7A8A9AAABACADAEAFB0B1B2B3B4B5B6B7B8B9BABBBCBDBEBF0F
:2041C000C0C1C2C3C4C5C6C7C8C9CACBCCCDCECFD0D1D2D3D4D5D6D7D8D9DADBDCDDDEDFEF
:2041E000E0E1E2E3E4E5E6E7E8E9EAEBECEDEEEFF0F1F2F3F4F5F6F7F8F9FAFBFCFDFEFFCF
:20420000000102030405060708090A0B0C0D0E0F101112131415161718191A1B1C1D1E1FAE
:20422000202122232425262728292A2B2C2D2E2F303132333435363738393A3B3C3D3E3F8E
:20424000404142434445464748494A4B4C4D4E4F505152535455565758595A5B5C5D5E5F6E
:20426000606162636465666768696A6B6C6D6E6F707172737475767778797A7B7C7D7E7F4E
:20428000808182838485868788898A8B8C8D8E8F909192939495969798999A9B9C9D9E9F2E
:2042A000A0A1A2A3A4A5A6A7A8A9AAABACADAEAFB0B1B2B3B4B5B6B7B8B9BABBBCBDBEBF0E
:2042C000C0C1C2C3C4C5C6C7C8C9CACBCCCDCECFD0D1D2D3D4D5D6D7D8D9DADBDCDDDEDFEE
:2042E000E0E1E2E3E4E5E6E7E8E9EAEBECEDEEEFF0F1F2F3F4F5F6F7F8F9FAFBFCFDFEFFCE
:20430000000102030405060708090A0B0C0D0E0F101112131415161718191A1B1C1D1E1FAD
:20432000202122232425262728292A2B2C2D2E2F303132333435363738393A3B3C3D3E3F8D
:20434000404142434445464748494A4B4C4D4E4F505152535455565758595A5B5C5D5E5F6D
:20436000606162636465666768696A6B6C6D6E6F707172737475767778797A7B7C7D7E7F4D
:20438000808182838485868788898A8B8C8D8E8F909192939495969798999A9B9C9D9E9F2D
:2043A000A0A1A2A3A4A5A6A7A8A9AAABACADAEAFB0B1B2B3B4B5B6B7B8B9BABBBCBDBEBF0D
:2043C000C0C1C2C3C4C5C6C7C8C9CACBCCCDCECFD0D1D2D3D4D5D6D7D8D9DADBDCDDDEDFED
:2043E000E0E1E2E3E4E5E6E7E8E9EAEBECEDEEEFF0F1F2F3F4F5F6F7F8F9FAFBFCFDFEFFCD
:20440000000102030405060708090A0B0C0D0E0F101112131415161718191A1B1C1D1E1FAC
:20442000202122232425262728292A2B2C2D2E2F303132333435363738393A3B3C3D3E3F8C
:20444000404142434445464748494A4B4C4D4E4F505152535455565758595A5B5C5D5E5F6C
:20446000606162636465666768696A6B6C6D6E6F707172737475767778797A7B7C7D7E7F4C
:20448000808182838485868788898A8B8C8D8E8F909192939495969798999A9B9C9D9E9F2C
:2044A000A0A1A2A3A4A5A6A7A8A9AAABACADAEAFB0B1B2B3B4B5B6B7B8B9BABBBCBDBEBF0C
:2044C000C0C1C2C3C4C5C6C7C8C9CACBCCCDCECFD0D1D2D3D4D5D6D7D8D9DADBDCDDDEDFEC
:2044E000E0E1E2E3E4E5E6E7E8E9EAEBECEDEEEFF0F1F2F3F4F5F6F7F8F9FAFBFCFDFEFFCC
:20450000000102030405060708090A0B0C0D0E0F101112131415161718191A1B1C1D1E1FAB
:20452000202122232425262728292A2B2C2D2E2F303132333435363738393A3B3C3D3E3F8B
:20454000404142434445464748494A4B4C4D4E4F505152535455565758595A5B5C5D5E5F6B
:20456000606162636465666768696A6B6C6D6E6F707172737475767778797A7B7C7D7E7F4B
:20458000808182838485868788898A8B8C8D8E8F909192939495969798999A9B9C9D9E9F2B
:2045A000A0A1A2A3A4A5A6A7A8A9AAABACADAEAFB0B1B2B3B4B5B6B7B8B9BABBBCBDBEBF0B
:2045C000C0C1C2C3C4C5C6C7C8C9CACBCCCDCECFD0D1D2D3D4D5D6D7D8D9DADBDCDDDEDFEB
:2045E000E0E1E2E3E4E5E6E7E8E9EAEBECEDEEEFF0F1F2F3F4F5F6F7F8F9FAFBFCFDFEFFCB
:20460000000102030405060708090A0B0C0D0E0F101112131415161718191A1B1C1D1E1FAA
:20462000202122232425262728292A2B2C2D2E2F303132333435363738393A3B3C3D3E3F8A
:20464000404142434445464748494A4B4C4D4E4F505152535455565758595A5B5C5D5E5F6A
:20466000606162636465666768696A6B6C6D6E6F707172737475767778797A7B7C7D7E7F4A
:20468000808182838485868788898A8B8C8D8E8F909192939495969798999A9B9C9D9E9F2A
:2046A000A0A1A2A3A4A5A6A7A8A9AAABACADAEAFB0B1B2B3B4B5B6B7B8B9BABBBCBDBEBF0A
:2046C000C0C1C2C3C4C5C6C7C8C9CACBCCCDCECFD0D1D2D3D4D5D6D7D8D9DADBDCDDDEDFEA
:2046E000E0E1E2E3E4E5E6E7E8E9EAEBECEDEEEFF0F1F2F3F4F5F6F7F8F9FAFBFCFDFEFFCA
:20470000000102030405060708090A0B0C0D0E0F101112131415161718191A1B1C1D1E1FA9
:20472000202122232425262728292A2B2C2D2E2F303132333435363738393A3B3C3D3E3F89
:20474000404142434445464748494A4B4C4D4E4F505152535455565758595A5B5C5D5E5F69
:20476000606162636465666768696A6B6C6D6E6F707172737475767778797A7B7C7D7E7F49
:20478000808182838485868788898A8B8C8D8E8F909192939495969798999A9B9C9D9E9F29
:2047A000A0A1A2A3A4A5A6A7A8A9AAABACADAEAFB0B1B2B3B4B5B6B7B8B9BABBBCBDBEBF09
:2047C000C0C1C2C3C4C5C6C7C8C9CACBCCCDCECFD0D1D2D3D4D5D6D7D8D9DADBDCDDDEDFE9
:2047E000E0E1E2E3E4E5E6E7E8E9EAEBECEDEEEFF0F1F2F3F4F5F6F7F8F9FAFBFCFDFEFFC9
:20480000000102030405060708090A0B0C0D0E0F101112131415161718191A1B1C1D1E1FA8
:20482000202122232425262728292A2B2C2D2E2F303132333435363738393A3B3C3D3E3F88
:20484000404142434445464748494A4B4C4D4E4F505152535455565758595A5B5C5D5E5F68
:20486000606162636465666768696A6B6C6D6E6F707172737475767778797A7B7C7D7E7F48
:20488000808182838485868788898A8B8C8D8E8F909192939495969798999A9B9C9D9E9F28
:2048A000A0A1A2A3A4A5A6A7A8A9AAABACADAEAFB0B1B2B3B4B5B6B7B8B9BABBBCBDBEBF08
:2048C000C0C1C2C3C4C5C6C7C8C9CACBCCCDCECFD0D1D2D3D4D5D6D7D8D9DADBDCDDDEDFE8
:2048E000E0E1E2E3E4E5E6E7E8E9EAEBECEDEEEFF0F1F2F3F4F5F6F7F8F9FAFBFCFDFEFFC8
:20490000000102030405060708090A0B0C0D0E0F101112131415161718191A1B1C1D1E1FA7
:20492000202122232425262728292A2B2C2D2E2F303132333435363738393A3B3C3D3E3F87
:20494000404142434445464748494A4B4C4D4E4F505152535455565758595A5B5C5D5E5F67
:20496000606162636465666768696A6B6C6D6E6F707172737475767778797A7B7C7D7E7F47
:20498000808182838485868788898A8B8C8D8E8F909192939495969798999A9B9C9D9E9F27
:2049A000A0A1A2A3A4A5A6A7A8A9AAABACADAEAFB0B1B2B3B4B5B6B7B8B9BABBBCBDBEBF07
:2049C000C0C1C2C3C4C5C6C7C8C9CACBCCCDCECFD0D1D2D3D4D5D6D7D8D9DADBDCDDDEDFE7
:2049E000E0E1E2E3E4E5E6E7E8E9EAEBECEDEEEFF0F1F2F3F4F5F6F7F8F9FAFBFCFDFEFFC7
:204A0000000102030405060708090A0B0C0D0E0F101112131415161718191A1B1C1D1E1FA6
:204A2000202122232425262728292A2B2C2D2E2F303132333435363738393A3B3C3D3E3F86
:204A4000404142434445464748494A4B4C4D4E4F505152535455565758595A5B5C5D5E5F66
:204A6000606162636465666768696A6B6C6D6E6F707172737475767778797A7B7C7D7E7F46
:204A8000808182838485868788898A8B8C8D8E8F909192939495969798999A9B9C9D9E9F26
:204AA000A0A1A2A3A4A5A6A7A8A9AAABACADAEAFB0B1B2B3B4B5B6B7B8B9BABBBCBDBEBF06
:204AC000C0C1C2C3C4C5C6C7C8C9CACBCCCDCECFD0D1D2D3D4D5D6D7D8D9DADBDCDDDEDFE6
:204AE000E0E1E2E3E4E5E6E7E8E9EAEBECEDEEEFF0F1F2F3F4F5F6F7F8F9FAFBFCFDFEFFC6
:204B0000000102030405060708090A0B0C0D0E0F101112131415161718191A1B1C1D1E1FA5
:204B2000202122232425262728292A2B2C2D2E2F303132333435363738393A3B3C3D3E3F85
:204B4000404142434445464748494A4B4C4D4E4F505152535455565758595A5B5C5D5E5F65
:204B6000606162636465666768696A6B6C6D6E6F707172737475767778797A7B7C7D7E7F45
:204B8000808182838485868788898A8B8C8D8E8F909192939495969798999A9B9C9D9E9F25
:204BA000A0A1A2A3A4A5A6A7A8A9AAABACADAEAFB0B1B2B3B4B5B6B7B8B9BABBBCBDBEBF05
:204BC000C0C1C2C3C4C5C6C7C8C9CACBCCCDCECFD0D1D2D3D4D5D6D7D8D9DADBDCDDDEDFE5
:204BE000E0E1E2E3E4E5E6E7E8E9EAEBECEDEEEFF0F1F2F3F4F5F6F7F8F9FAFBFCFDFEFFC5
:204C0000000102030405060708090A0B0C0D0E0F101112131415161718191A1B1C1D1E1FA4
:204C2000202122232425262728292A2B2C2D2E2F303132333435363738393A3B3C3D3E3F84
:204C4000404142434445464748494A4B4C4D4E4F505152535455565758595A5B5C5D5E5F64
:204C6000606162636465666768696A6B6C6D6E6F707172737475767778797A7B7C7D7E7F44
:204C8000808182838485868788898A8B8C8D8E8F909192939495969798999A9B9C9D9E9F24
:204CA000A0A1A2A3A4A5A6A7A8A9AAABACADAEAFB0B1B2B3B4B5B6B7B8B9BABBBCBDBEBF04
:204CC000C0C1C2C3C4C5C6C7C8C9CACBCCCDCECFD0D1D2D3D4D5D6D7D8D9DADBDCDDDEDFE4
:204CE000E0E1E2E3E4E5E6E7E8E9EAEBECEDEEEFF0F1F2F3F4F5F6F7F8F9FAFBFCFDFEFFC4
:204D0000000102030405060708090A0B0C0D0E0F101112131415161718191A1B1C1D1E1FA3
:204D2000202122232425262728292A2B2C2D2E2F303132333435363738393A3B3C3D3E3F83
:204D4000404142434445464748494A4B4C4D4E4F505152535455565758595A5B5C5D5E5F63
:204D6000606162636465666768696A6B6C6D6E6F707172737475767778797A7B7C7D7E7F43
:204D8000808182838485868788898A8B8C8D8E8F909192939495969798999A9B9C9D9E9F23
:204DA000A0A1A2A3A4A5A6A7A8A9AAABACADAEAFB0B1B2B3B4B5B6B7B8B9BABBBCBDBEBF03
:204DC000C0C1C2C3C4C5C6C7C8C9CACBCCCDCECFD0D1D2D3D4D5D6D7D8D9DADBDCDDDEDFE3
:204DE000E0E1E2E3E4E5E6E7E8E9EAEBECEDEEEFF0F1F2F3F4F5F6F7F8F9FAFBFCFDFEFFC3
:204E0000000102030405060708090A0B0C0D0E0F101112131415161718191A1B1C1D1E1FA2
:204E2000202122232425262728292A2B2C2D2E2F303132333435363738393A3B3C3D3E3F82
:204E4000404142434445464748494A4B4C4D4E4F505152535455565758595A5B5C5D5E5F62
:204E6000606162636465666768696A6B6C6D6E6F707172737475767778797A7B7C7D7E7F42
:204E8000808182838485868788898A8B8C8D8E8F909192939495969798999A9B9C9D9E9F22
:204EA000A0A1A2A3A4A5A6A7A8A9AAABACADAEAFB0B1B2B3B4B5B6B7B8B9BABBBCBDBEBF02
:204EC000C0C1C2C3C4C5C6C7C8C9CACBCCCDCECFD0D1D2D3D4D5D6D7D8D9DADBDCDDDEDFE2
:204EE000E0E1E2E3E4E5E6E7E8E9EAEBECEDEEEFF0F1F2F3F4F5F6F7F8F9FAFBFCFDFEFFC2
:204F0000000102030405060708090A0B0C0D0E0F101112131415161718191A1B1C1D1E1FA1
:204F2000202122232425262728292A2B2C2D2E2F303132333435363738393A3B3C3D3E3F81
:204F4000404142434445464748494A4B4C4D4E4F505152535455565758595A5B5C5D5E5F61
:204F6000606162636465666768696A6B6C6D6E6F707172737475767778797A7B7C7D7E7F41
:204F8000808182838485868788898A8B8C8D8E8F909192939495969798999A9B9C9D9E9F21
:204FA000A0A1A2A3A4A5A6A7A8A9AAABACADAEAFB0B1B2B3B4B5B6B7B8B9BABBBCBDBEBF01
:204FC000C0C1C2C3C4C5C6C7C8C9CACBCCCDCECFD0D1D2D3D4D5D6D7D8D9DADBDCDDDEDFE1
:204FE000E0E1E2E3E4E5E6E7E8E9EAEBECEDEEEFF0F1F2F3F4F5F6F7F8F9FAFBFCFDFEFFC1
:20500000000102030405060708090A0B0C0D0E0F101112131415161718191A1B1C1D1E1FA0
:20502000202122232425262728292A2B2C2D2E2F303132333435363738393A3B3C3D3E3F80
:20504000404142434445464748494A4B4C4D4E4F505152535455565758595A5B5C5D5E5F60
:20506000606162636465666768696A6B6C6D6E6F707172737475767778797A7B7C7D7E7F40
:20508000808182838485868788898A8B8C8D8E8F909192939495969798999A9B9C9D9E9F20
:2050A000A0A1A2A3A4A5A6A7A8A9AAABACADAEAFB0B1B2B3B4B5B6B7B8B9BABBBCBDBEBF00
:2050C000C0C1C2C3C4C5C6C7C8C9CACBCCCDCECFD0D1D2D3D4D5D6D7D8D9DADBDCDDDEDFE0
:2050E000E0E1E2E3E4E5E6E7E8E9EAEBECEDEEEFF0F1F2F3F4F5F6F7F8F9FAFBFCFDFEFFC0
:20510000000102030405060708090A0B0C0D0E0F101112131415161718191A1B1C1D1E1F9F
:20512000202122232425262728292A2B2C2D2E2F303132333435363738393A3B3C3D3E3F7F
:20514000404142434445464748494A4B4C4D4E4F505152535455565758595A5B5C5D5E5F5F
:20516000606162636465666768696A6B6C6D6E6F707172737475767778797A7B7C7D7E7F3F
:20518000808182838485868788898A8B8C8D8E8F909192939495969798999A9B9C9D9E9F1F
:2051A000A0A1A2A3A4A5A6A7A8A9AAABACADAEAFB0B1B2B3B4B5B6B7B8B9BABBBCBDBEBFFF
:2051C000C0C1C2C3C4C5C6C7C8C9CACBCCCDCECFD0D1D2D3D4D5D6D7D8D9DADBDCDDDEDFDF
:2051E000E0E1E2E3E4E5E6E7E8E9EAEBECEDEEEFF0F1F2F3F4F5F6F7F8F9FAFBFCFDFEFFBF
:20520000000102030405060708090A0B0C0D0E0F101112131415161718191A1B1C1D1E1F9E
:20522000202122232425262728292A2B2C2D2E2F303132333435363738393A3B3C3D3E3F7E
:20524000404142434445464748494A4B4C4D4E4F505152535455565758595A5B5C5D5E5F5E
:20526000606162636465666768696A6B6C6D6E6F707172737475767778797A7B7C7D7E7F3E
:20528000808182838485868788898A8B8C8D8E8F909192939495969798999A9B9C9D9E9F1E
:2052A000A0A1A2A3A4A5A6A7A8A9AAABACADAEAFB0B1B2B3B4B5B6B7B8B9BABBBCBDBEBFFE
:2052C000C0C1C2C3C4C5C6C7C8C9CACBCCCDCECFD0D1D2D3D4D5D6D7D8D9DADBDCDDDEDFDE
:2052E000E0E1E2E3E4E5E6E7E8E9EAEBECEDEEEFF0F1F2F3F4F5F6F7F8F9FAFBFCFDFEFFBE
:20530000000102030405060708090A0B0C0D0E0F101112131415161718191A1B1C1D1E1F9D
:20532000202122232425262728292A2B2C2D2E2F303132333435363738393A3B3C3D3E3F7D
:20534000404142434445464748494A4B4C4D4E4F505152535455565758595A5B5C5D5E5F5D
:20536000606162636465666768696A6B6C6D6E6F707172737475767778797A7B7C7D7E7F3D
:20538000808182838485868788898A8B8C8D8E8F909192939495969798999A9B9C9D9E9F1D
:2053A000A0A1A2A3A4A5A6A7A8A9AAABACADAEAFB0B1B2B3B4B5B6B7B8B9BABBBCBDBEBFFD
:2053C000C0C1C2C3C4C5C6C7C8C9CACBCCCDCECFD0D1D2D3D4D5D6D7D8D9DADBDCDDDEDFDD
:2053E000E0E1E2E3E4E5E6E7E8E9EAEBECEDEEEFF0F1F2F3F4F5F6F7F8F9FAFBFCFDFEFFBD
:20540000000102030405060708090A0B0C0D0E0F101112131415161718191A1B1C1D1E1F9C
:20542000202122232425262728292A2B2C2D2E2F303132333435363738393A3B3C3D3E3F7C
:20544000404142434445464748494A4B4C4D4E4F505152535455565758595A5B5C5D5E5F5C
:20546000606162636465666768696A6B6C6D6E6F707172737475767778797A7B7C7D7E7F3C
:20548000808182838485868788898A8B8C8D8E8F909192939495969798999A9B9C9D9E9F1C
:2054A000A0A1A2A3A4A5A6A7A8A9AAABACADAEAFB0B1B2B3B4B5B6B7B8B9BABBBCBDBEBFFC
:2054C000C0C1C2C3C4C5C6C7C8C9CACBCCCDCECFD0D1D2D3D4D5D6D7D8D9DADBDCDDDEDFDC
:2054E000E0E1E2E3E4E5E6E7E8E9EAEBECEDEEEFF0F1F2F3F4F5F6F7F8F9FAFBFCFDFEFFBC
:20550000000102030405060708090A0B0C0D0E0F101112131415161718191A1B1C1D1E1F9B
:20552000202122232425262728292A2B2C2D2E2F303132333435363738393A3B3C3D3E3F7B
:20554000404142434445464748494A4B4C4D4E4F505152535455565758595A5B5C5D5E5F5B
:20556000606162636465666768696A6B6C6D6E6F707172737475767778797A7B7C7D7E7F3B
:20558000808182838485868788898A8B8C8D8E8F909192939495969798999A9B9C9D9E9F1B
:2055A000A0A1A2A3A4A5A6A7A8A9AAABACADAEAFB0B1B2B3B4B5B6B7B8B9BABBBCBDBEBFFB
:2055C000C0C1C2C3C4C5C6C7C8C9CACBCCCDCECFD0D1D2D3D4D5D6D7D8D9DADBDCDDDEDFDB
:2055E000E0E1E2E3E4E5E6E7E8E9EAEBECEDEEEFF0F1F2F3F4F5F6F7F8F9FAFBFCFDFEFFBB
:20560000000102030405060708090A0B0C0D0E0F101112131415161718191A1B1C1D1E1F9A
:20562000202122232425262728292A2B2C2D2E2F303132333435363738393A3B3C3D3E3F7A
:20564000404142434445464748494A4B4C4D4E4F505152535455565758595A5B5C5D5E5F5A
:20566000606162636465666768696A6B6C6D6E6F707172737475767778797A7B7C7D7E7F3A
:20568000808182838485868788898A8B8C8D8E8F909192939495969798999A9B9C9D9E9F1A
:2056A000A0A1A2A3A4A5A6A7A8A9AAABACADAEAFB0B1B2B3B4B5B6B7B8B9BABBBCBDBEBFFA
:2056C000C0C1C2C3C4C5C6C7C8C9CACBCCCDCECFD0D1D2D3D4D5D6D7D8D9DADBDCDDDEDFDA
:2056E000E0E1E2E3E4E5E6E7E8E9EAEBECEDEEEFF0F1F2F3F4F5F6F7F8F9FAFBFCFDFEFFBA
:20570000000102030405060708090A0B0C0D0E0F101112131415161718191A1B1C1D1E1F99
:20572000202122232425262728292A2B2C2D2E2F303132333435363738393A3B3C3D3E3F79
:20574000404142434445464748494A4B4C4D4E4F505152535455565758595A5B5C5D5E5F59
:20576000606162636465666768696A6B6C6D6E6F707172737475767778797A7B7C7D7E7F39
:20578000808182838485868788898A8B8C8D8E8F909192939495969798999A9B9C9D9E9F19
:2057A000A0A1A2A3A4A5A6A7A8A9AAABACADAEAFB0B1B2B3B4B5B6B7B8B9BABBBCBDBEBFF9
:2057C000C0C1C2C3C4C5C6C7C8C9CACBCCCDCECFD0D1D2D3D4D5D6D7D8D9DADBDCDDDEDFD9
:2057E000E0E1E2E3E4E5E6E7E8E9EAEBECEDEEEFF0F1F2F3F4F5F6F7F8F9FAFBFCFDFEFFB9
:20580000000102030405060708090A0B0C0D0E0F101112131415161718191A1B1C1D1E1F98
:20582000202122232425262728292A2B2C2D2E2F303132333435363738393A3B3C3D3E3F78
:20584000404142434445464748494A4B4C4D4E4F505152535455565758595A5B5C5D5E5F58
:20586000606162636465666768696A6B6C6D6E6F707172737475767778797A7B7C7D7E7F38
:20588000808182838485868788898A8B8C8D8E8F909192939495969798999A9B9C9D9E9F18
:2058A000A0A1A2A3A4A5A6A7A8A9AAABACADAEAFB0B1B2B3B4B5B6B7B8B9BABBBCBDBEBFF8
:2058C000C0C1C2C3C4C5C6C7C8C9CACBCCCDCECFD0D1D2D3D4D5D6D7D8D9DADBDCDDDEDFD8
:2058E000E0E1E2E3E4E5E6E7E8E9EAEBECEDEEEFF0F1F2F3F4F5F6F7F8F9FAFBFCFDFEFFB8
:20590000000102030405060708090A0B0C0D0E0F101112131415161718191A1B1C1D1E1F97
:20592000202122232425262728292A2B2C2D2E2F303132333435363738393A3B3C3D3E3F77
:20594000404142434445464748494A4B4C4D4E4F505152535455565758595A5B5C5D5E5F57
:20596000606162636465666768696A6B6C6D6E6F707172737475767778797A7B7C7D7E7F37
:20598000808182838485868788898A8B8C8D8E8F909192939495969798999A9B9C9D9E9F17
:2059A000A0A1A2A3A4A5A6A7A8A9AAABACADAEAFB0B1B2B3B4B5B6B7B8B9BABBBCBDBEBFF7
:2059C000C0C1C2C3C4C5C6C7C8C9CACBCCCDCECFD0D1D2D3D4D5D6D7D8D9DADBDCDDDEDFD7
:2059E000E0E1E2E3E4E5E6E7E8E9EAEBECEDEEEFF0F1F2F3F4F5F6F7F8F9FAFBFCFDFEFFB7
:205A0000000102030405060708090A0B0C0D0E0F101112131415161718191A1B1C1D1E1F96
:205A2000202122232425262728292A2B2C2D2E2F303132333435363738393A3B3C3D3E3F76
:205A4000404142434445464748494A4B4C4D4E4F505152535455565758595A5B5C5D5E5F56
:205A6000606162636465666768696A6B6C6D6E6F707172737475767778797A7B7C7D7E7F36
:205A8000808182838485868788898A8B8C8D8E8F909192939495969798999A9B9C9D9E9F16
:205AA000A0A1A2A3A4A5A6A7A8A9AAABACADAEAFB0B1B2B3B4B5B6B7B8B9BABBBCBDBEBFF6
:205AC000C0C1C2C3C4C5C6C7C8C9CACBCCCDCECFD0D1D2D3D4D5D6D7D8D9DADBDCDDDEDFD6
:205AE000E0E1E2E3E4E5E6E7E8E9EAEBECEDEEEFF0F1F2F3F4F5F6F7F8F9FAFBFCFDFEFFB6
:205B0000000102030405060708090A0B0C0D0E0F101112131415161718191A1B1C1D1E1F95
:205B2000202122232425262728292A2B2C2D2E2F303132333435363738393A3B3C3D3E3F75
:205B4000404142434445464748494A4B4C4D4E4F505152535455565758595A5B5C5D5E5F55
:205B6000606162636465666768696A6B6C6D6E6F707172737475767778797A7B7C7D7E7F35
:205B8000808182838485868788898A8B8C8D8E8F909192939495969798999A9B9C9D9E9F15
:205BA000A0A1A2A3A4A5A6A7A8A9AAABACADAEAFB0B1B2B3B4B5B6B7B8B9BABBBCBDBEBFF5
:205BC000C0C1C2C3C4C5C6C7C8C9CACBCCCDCECFD0D1D2D3D4D5D6D7D8D9DADBDCDDDEDFD5
:205BE000E0E1E2E3E4E5E6E7E8E9EAEBECEDEEEFF0F1F2F3F4F5F6F7F8F9FAFBFCFDFEFFB5
:205C0000000102030405060708090A0B0C0D0E0F101112131415161718191A1B1C1D1E1F94
:205C2000202122232425262728292A2B2C2D2E2F303132333435363738393A3B3C3D3E3F74
:205C4000404142434445464748494A4B4C4D4E4F505152535455565758595A5B5C5D5E5F54
:205C6000606162636465666768696A6B6C6D6E6F707172737475767778797A7B7C7D7E7F34
:205C8000808182838485868788898A8B8C8D8E8F909192939495969798999A9B9C9D9E9F14
:205CA000A0A1A2A3A4A5A6A7A8A9AAABACADAEAFB0B1B2B3B4B5B6B7B8B9BABBBCBDBEBFF4
:205CC000C0C1C2C3C4C5C6C7C8C9CACBCCCDCECFD0D1D2D3D4D5D6D7D8D9DADBDCDDDEDFD4
:205CE000E0E1E2E3E4E5E6E7E8E9EAEBECEDEEEFF0F1F2F3F4F5F6F7F8F9FAFBFCFDFEFFB4
:205D0000000102030405060708090A0B0C0D0E0F101112131415161718191A1B1C1D1E1F93
:205D2000202122232425262728292A2B2C2D2E2F303132333435363738393A3B3C3D3E3F73
:205D4000404142434445464748494A4B4C4D4E4F505152535455565758595A5B5C5D5E5F53
:205D6000606162636465666768696A6B6C6D6E6F707172737475767778797A7B7C7D7E7F33
:205D8000808182838485868788898A8B8C8D8E8F909192939495969798999A9B9C9D9E9F13
:205DA000A0A1A2A3A4A5A6A7A8A9AAABACADAEAFB0B1B2B3B4B5B6B7B8B9BABBBCBDBEBFF3
:205DC000C0C1C2C3C4C5C6C7C8C9CACBCCCDCECFD0D1D2D3D4D5D6D7D8D9DADBDCDDDEDFD3
:205DE000E0E1E2E3E4E5E6E7E8E9EAEBECEDEEEFF0F1F2F3F4F5F6F7F8F9FAFBFCFDFEFFB3
:205E0000000102030405060708090A0B0C0D0E0F101112131415161718191A1B1C1D1E1F92
:205E2000202122232425262728292A2B2C2D2E2F303132333435363738393A3B3C3D3E3F72
:205E4000404142434445464748494A4B4C4D4E4F505152535455565758595A5B5C5D5E5F52
:205E6000606162636465666768696A6B6C6D6E6F707172737475767778797A7B7C7D7E7F32
:205E8000808182838485868788898A8B8C8D8E8F909192939495969798999A9B9C9D9E9F12
:205EA000A0A1A2A3A4A5A6A7A8A9AAABACADAEAFB0B1B2B3B4B5B6B7B8B9BABBBCBDBEBFF2
:205EC000C0C1C2C3C4C5C6C7C8C9CACBCCCDCECFD0D1D2D3D4D5D6D7D8D9DADBDCDDDEDFD2
:205EE000E0E1E2E3E4E5E6E7E8E9EAEBECEDEEEFF0F1F2F3F4F5F6F7F8F9FAFBFCFDFEFFB2
:205F0000000102030405060708090A0B0C0D0E0F101112131415161718191A1B1C1D1E1F91
:205F2000202122232425262728292A2B2C2D2E2F303132333435363738393A3B3C3D3E3F71
:205F4000404142434445464748494A4B4C4D4E4F505152535455565758595A5B5C5D5E5F51
:205F6000606162636465666768696A6B6C6D6E6F707172737475767778797A7B7C7D7E7F31
:205F8000808182838485868788898A8B8C8D8E8F909192939495969798999A9B9C9D9E9F11
:205FA000A0A1A2A3A4A5A6A7A8A9AAABACADAEAFB0B1B2B3B4B5B6B7B8B9BABBBCBDBEBFF1
:205FC000C0C1C2C3C4C5C6C7C8C9CACBCCCDCECFD0D1D2D3D4D5D6D7D8D9DADBDCDDDEDFD1
:205FE000E0E1E2E3E4E5E6E7E8E9EAEBECEDEEEFF0F1F2F3F4F5F6F7F8F9FAFBFCFDFEFFB1
:20600000000102030405060708090A0B0C0D0E0F101112131415161718191A1B1C1D1E1F90
:20602000202122232425262728292A2B2C2D2E2F303132333435363738393A3B3C3D3E3F70
:20604000404142434445464748494A4B4C4D4E4F505152535455565758595A5B5C5D5E5F50
:20606000606162636465666768696A6B6C6D6E6F707172737475767778797A7B7C7D7E7F30
:20608000808182838485868788898A8B8C8D8E8F909192939495969798999A9B9C9D9E9F10
:2060A000A0A1A2A3A4A5A6A7A8A9AAABACADAEAFB0B1B2B3B4B5B6B7B8B9BABBBCBDBEBFF0
:2060C000C0C1C2C3C4C5C6C7C8C9CACBCCCDCECFD0D1D2D3D4D5D6D7D8D9DADBDCDDDEDFD0
:2060E000E0E1E2E3E4E5E6E7E8E9EAEBECEDEEEFF0F1F2F3F4F5F6F7F8F9FAFBFCFDFEFFB0
:20610000000102030405060708090A0B0C0D0E0F101112131415161718191A1B1C1D1E1F8F
:20612000202122232425262728292A2B2C2D2E2F303132333435363738393A3B3C3D3E3F6F
:20614000404142434445464748494A4B4C4D4E4F505152535455565758595A5B5C5D5E5F4F
:20616000606162636465666768696A6B6C6D6E6F707172737475767778797A7B7C7D7E7F2F
:20618000808182838485868788898A8B8C8D8E8F909192939495969798999A9B9C9D9E9F0F
:2061A000A0A1A2A3A4A5A6A7A8A9AAABACADAEAFB0B1B2B3B4B5B6B7B8B9BABBBCBDBEBFEF
:2061C000C0C1C2C3C4C5C6C7C8C9CACBCCCDCECFD0D1D2D3D4D5D6D7D8D9DADBDCDDDEDFCF
:2061E000E0E1E2E3E4E5E6E7E8E9EAEBECEDEEEFF0F1F2F3F4F5F6F7F8F9FAFBFCFDFEFFAF
:20620000000102030405060708090A0B0C0D0E0F101112131415161718191A1B1C1D1E1F8E
:20622000202122232425262728292A2B2C2D2E2F303132333435363738393A3B3C3D3E3F6E
:20624000404142434445464748494A4B4C4D4E4F505152535455565758595A5B5C5D5E5F4E
:20626000606162636465666768696A6B6C6D6E6F707172737475767778797A7B7C7D7E7F2E
:20628000808182838485868788898A8B8C8D8E8F909192939495969798999A9B9C9D9E9F0E
:2062A000A0A1A2A3A4A5A6A7A8A9AAABACADAEAFB0B1B2B3B4B5B6B7B8B9BABBBCBDBEBFEE
:2062C000C0C1C2C3C4C5C6C7C8C9CACBCCCDCECFD0D1D2D3D4D5D6D7D8D9DADBDCDDDEDFCE
:2062E000E0E1E2E3E4E5E6E7E8E9EAEBECEDEEEFF0F1F2F3F4F5F6F7F8F9FAFBFCFDFEFFAE
:20630000000102030405060708090A0B0C0D0E0F101112131415161718191A1B1C1D1E1F8D
:20632000202122232425262728292A2B2C2D2E2F303132333435363738393A3B3C3D3E3F6D
:20634000404142434445464748494A4B4C4D4E4F505152535455565758595A5B5C5D5E5F4D
:20636000606162636465666768696A6B6C6D6E6F707172737475767778797A7B7C7D7E7F2D
:20638000808182838485868788898A8B8C8D8E8F909192939495969798999A9B9C9D9E9F0D
:2063A000A0A1A2A3A4A5A6A7A8A9AAABACADAEAFB0B1B2B3B4B5B6B7B8B9BABBBCBDBEBFED
:2063C000C0C1C2C3C4C5C6C7C8C9CACBCCCDCECFD0D1D2D3D4D5D6D7D8D9DADBDCDDDEDFCD
:2063E000E0E1E2E3E4E5E6E7E8E9EAEBECEDEEEFF0F1F2F3F4F5F6F7F8F9FAFBFCFDFEFFAD
:20640000000102030405060708090A0B0C0D0E0F101112131415161718191A1B1C1D1E1F8C
:20642000202122232425262728292A2B2C2D2E2F303132333435363738393A3B3C3D3E3F6C
:20644000404142434445464748494A4B4C4D4E4F505152535455565758595A5B5C5D5E5F4C
:20646000606162636465666768696A6B6C6D6E6F707172737475767778797A7B7C7D7E7F2C
:20648000808182838485868788898A8B8C8D8E8F909192939495969798999A9B9C9D9E9F0C
:2064A000A0A1A2A3A4A5A6A7A8A9AAABACADAEAFB0B1B2B3B4B5B6B7B8B9BABBBCBDBEBFEC
:2064C000C0C1C2C3C4C5C6C7C8C9CACBCCCDCECFD0D1D2D3D4D5D6D7D8D9DADBDCDDDEDFCC
:2064E000E0E1E2E3E4E5E6E7E8E9EAEBECEDEEEFF0F1F2F3F4F5F6F7F8F9FAFBFCFDFEFFAC
:20650000000102030405060708090A0B0C0D0E0F101112131415161718191A1B1C1D1E1F8B
:20652000202122232425262728292A2B2C2D2E2F303132333435363738393A3B3C3D3E3F6B
:20654000404142434445464748494A4B4C4D4E4F505152535455565758595A5B5C5D5E5F4B
:20656000606162636465666768696A6B6C6D6E6F707172737475767778797A7B7C7D7E7F2B
:20658000808182838485868788898A8B8C8D8E8F909192939495969798999A9B9C9D9E9F0B
:2065A000A0A1A2A3A4A5A6A7A8A9AAABACADAEAFB0B1B2B3B4B5B6B7B8B9BABBBCBDBEBFEB
:2065C000C0C1C2C3C4C5C6C7C8C9CACBCCCDCECFD0D1D2D3D4D5D6D7D8D9DADBDCDDDEDFCB
:2065E000E0E1E2E3E4E5E6E7E8E9EAEBECEDEEEFF0F1F2F3F4F5F6F7F8F9FAFBFCFDFEFFAB
:20660000000102030405060708090A0B0C0D0E0F101112131415161718191A1B1C1D1E1F8A
:20662000202122232425262728292A2B2C2D2E2F303132333435363738393A3B3C3D3E3F6A
:20664000404142434445464748494A4B4C4D4E4F505152535455565758595A5B5C5D5E5F4A
:20666000606162636465666768696A6B6C6D6E6F707172737475767778797A7B7C7D7E7F2A
:20668000808182838485868788898A8B8C8D8E8F909192939495969798999A9B9C9D9E9F0A
:2066A000A0A1A2A3A4A5A6A7A8A9AAABACADAEAFB0B1B2B3B4B5B6B7B8B9BABBBCBDBEBFEA
:2066C000C0C1C2C3C4C5C6C7C8C9CACBCCCDCECFD0D1D2D3D4D5D6D7D8D9DADBDCDDDEDFCA
:2066E000E0E1E2E3E4E5E6E7E8E9EAEBECEDEEEFF0F1F2F3F4F5F6F7F8F9FAFBFCFDFEFFAA
:20670000000102030405060708090A0B0C0D0E0F101112131415161718191A1B1C1D1E1F89
:20672000202122232425262728292A2B2C2D2E2F303132333435363738393A3B3C3D3E3F69
:20674000404142434445464748494A4B4C4D4E4F505152535455565758595A5B5C5D5E5F49
:20676000606162636465666768696A6B6C6D6E6F707172737475767778797A7B7C7D7E7F29
:20678000808182838485868788898A8B8C8D8E8F909192939495969798999A9B9C9D9E9F09
:2067A000A0A1A2A3A4A5A6A7A8A9AAABACADAEAFB0B1B2B3B4B5B6B7B8B9BABBBCBDBEBFE9
:2067C000C0C1C2C3C4C5C6C7C8C9CACBCCCDCECFD0D1D2D3D4D5D6D7D8D9DADBDCDDDEDFC9
:2067E000E0E1E2E3E4E5E6E7E8E9EAEBECEDEEEFF0F1F2F3F4F5F6F7F8F9FAFBFCFDFEFFA9
:20680000000102030405060708090A0B0C0D0E0F101112131415161718191A1B1C1D1E1F88
:20682000202122232425262728292A2B2C2D2E2F303132333435363738393A3B3C3D3E3F68
:20684000404142434445464748494A4B4C4D4E4F505152535455565758595A5B5C5D5E5F48
:20686000606162636465666768696A6B6C6D6E6F707172737475767778797A7B7C7D7E7F28
:20688000808182838485868788898A8B8C8D8E8F909192939495969798999A9B9C9D9E9F08
:2068A000A0A1A2A3A4A5A6A7A8A9AAABACADAEAFB0B1B2B3B4B5B6B7B8B9BABBBCBDBEBFE8
:2068C000C0C1C2C3C4C5C6C7C8C9CACBCCCDCECFD0D1D2D3D4D5D6D7D8D9DADBDCDDDEDFC8
:2068E000E0E1E2E3E4E5E6E7E8E9EAEBECEDEEEFF0F1F2F3F4F5F6F7F8F9FAFBFCFDFEFFA8
:20690000000102030405060708090A0B0C0D0E0F101112131415161718191A1B1C1D1E1F87
:20692000202122232425262728292A2B2C2D2E2F303132333435363738393A3B3C3D3E3F67
:20694000404142434445464748494A4B4C4D4E4F505152535455565758595A5B5C5D5E5F47
:20696000606162636465666768696A6B6C6D6E6F707172737475767778797A7B7C7D7E7F27
:20698000808182838485868788898A8B8C8D8E8F909192939495969798999A9B9C9D9E9F07
:2069A000A0A1A2A3A4A5A6A7A8A9AAABACADAEAFB0B1B2B3B4B5B6B7B8B9BABBBCBDBEBFE7
:2069C000C0C1C2C3C4C5C6C7C8C9CACBCCCDCECFD0D1D2D3D4D5D6D7D8D9DADBDCDDDEDFC7
:2069E000E0E1E2E3E4E5E6E7E8E9EAEBECEDEEEFF0F1F2F3F4F5F6F7F8F9FAFBFCFDFEFFA7
:206A0000000102030405060708090A0B0C0D0E0F101112131415161718191A1B1C1D1E1F86
:206A2000202122232425262728292A2B2C2D2E2F303132333435363738393A3B3C3D3E3F66
:206A4000404142434445464748494A4B4C4D4E4F505152535455565758595A5B5C5D5E5F46
:206A6000606162636465666768696A6B6C6D6E6F707172737475767778797A7B7C7D7E7F26
:206A8000808182838485868788898A8B8C8D8E8F909192939495969798999A9B9C9D9E9F06
:206AA000A0A1A2A3A4A5A6A7A8A9AAABACADAEAFB0B1B2B3B4B5B6B7B8B9BABBBCBDBEBFE6
:206AC000C0C1C2C3C4C5C6C7C8C9CACBCCCDCECFD0D1D2D3D4D5D6D7D8D9DADBDCDDDEDFC6
:206AE000E0E1E2E3E4E5E6E7E8E9EAEBECEDEEEFF0F1F2F3F4F5F6F7F8F9FAFBFCFDFEFFA6
:206B0000000102030405060708090A0B0C0D0E0F101112131415161718191A1B1C1D1E1F85
:206B2000202122232425262728292A2B2C2D2E2F303132333435363738393A3B3C3D3E3F65
:206B4000404142434445464748494A4B4C4D4E4F505152535455565758595A5B5C5D5E5F45
:206B6000606162636465666768696A6B6C6D6E6F707172737475767778797A7B7C7D7E7F25
:206B8000808182838485868788898A8B8C8D8E8F909192939495969798999A9B9C9D9E9F05
:206BA000A0A1A2A3A4A5A6A7A8A9AAABACADAEAFB0B1B2B3B4B5B6B7B8B9BABBBCBDBEBFE5
:206BC000C0C1C2C3C4C5C6C7C8C9CACBCCCDCECFD0D1D2D3D4D5D6D7D8D9DADBDCDDDEDFC5
:206BE000E0E1E2E3E4E5E6E7E8E9EAEBECEDEEEFF0F1F2F3F4F5F6F7F8F9FAFBFCFDFEFFA5
:206C0000000102030405060708090A0B0C0D0E0F101112131415161718191A1B1C1D1E1F84
:206C2000202122232425262728292A2B2C2D2E2F303132333435363738393A3B3C3D3E3F64
:206C4000404142434445464748494A4B4C4D4E4F505152535455565758595A5B5C5D5E5F44
:206C6000606162636465666768696A6B6C6D6E6F707172737475767778797A7B7C7D7E7F24
:206C8000808182838485868788898A8B8C8D8E8F909192939495969798999A9B9C9D9E9F04
:206CA000A0A1A2A3A4A5A6A7A8A9AAABACADAEAFB0B1B2B3B4B5B6B7B8B9BABBBCBDBEBFE4
:206CC000C0C1C2C3C4C5C6C7C8C9CACBCCCDCECFD0D1D2D3D4D5D6D7D8D9DADBDCDDDEDFC4
:206CE000E0E1E2E3E4E5E6E7E8E9EAEBECEDEEEFF0F1F2F3F4F5F6F7F8F9FAFBFCFDFEFFA4
:206D0000000102030405060708090A0B0C0D0E0F101112131415161718191A1B1C1D1E1F83
:206D2000202122232425262728292A2B2C2D2E2F303132333435363738393A3B3C3D3E3F63
:206D4000404142434445464748494A4B4C4D4E4F505152535455565758595A5B5C5D5E5F43
:206D6000606162636465666768696A6B6C6D6E6F707172737475767778797A7B7C7D7E7F23
:206D8000808182838485868788898A8B8C8D8E8F909192939495969798999A9B9C9D9E9F03
:206DA000A0A1A2A3A4A5A6A7A8A9AAABACADAEAFB0B1B2B3B4B5B6B7B8B9BABBBCBDBEBFE3
:206DC000C0C1C2C3C4C5C6C7C8C9CACBCCCDCECFD0D1D2D3D4D5D6D7D8D9DADBDCDDDEDFC3
:206DE000E0E1E2E3E4E5E6E7E8E9EAEBECEDEEEFF0F1F2F3F4F5F6F7F8F9FAFBFCFDFEFFA3
:206E0000000102030405060708090A0B0C0D0E0F101112131415161718191A1B1C1D1E1F82
:206E2000202122232425262728292A2B2C2D2E2F303132333435363738393A3B3C3D3E3F62
:206E4000404142434445464748494A4B4C4D4E4F505152535455565758595A5B5C5D5E5F42
:206E6000606162636465666768696A6B6C6D6E6F707172737475767778797A7B7C7D7E7F22
:206E8000808182838485868788898A8B8C8D8E8F909192939495969798999A9B9C9D9E9F02
:206EA000A0A1A2A3A4A5A6A7A8A9AAABACADAEAFB0B1B2B3B4B5B6B7B8B9BABBBCBDBEBFE2
:206EC000C0C1C2C3C4C5C6C7C8C9CACBCCCDCECFD0D1D2D3D4D5D6D7D8D9DADBDCDDDEDFC2
:206EE000E0E1E2E3E4E5E6E7E8E9EAEBECEDEEEFF0F1F2F3F4F5F6F7F8F9FAFBFCFDFEFFA2
:206F0000000102030405060708090A0B0C0D0E0F101112131415161718191A1B1C1D1E1F81
:206F2000202122232425262728292A2B2C2D2E2F303132333435363738393A3B3C3D3E3F61
:206F4000404142434445464748494A4B4C4D4E4F505152535455565758595A5B5C5D5E5F41
:206F6000606162636465666768696A6B6C6D6E6F707172737475767778797A7B7C7D7E7F21
:206F8000808182838485868788898A8B8C8D8E8F909192939495969798999A9B9C9D9E9F01
:206FA000A0A1A2A3A4A5A6A7A8A9AAABACADAEAFB0B1B2B3B4B5B6B7B8B9BABBBCBDBEBFE1
:206FC000C0C1C2C3C4C5C6C7C8C9CACBCCCDCECFD0D1D2D3D4D5D6D7D8D9DADBDCDDDEDFC1
:206FE000E0E1E2E3E4E5E6E7E8E9EAEBECEDEEEFF0F1F2F3F4F5F6F7F8F9FAFBFCFDFEFFA1
:20700000000102030405060708090A0B0C0D0E0F101112131415161718191A1B1C1D1E1F80
:20702000202122232425262728292A2B2C2D2E2F303132333435363738393A3B3C3D3E3F60
:20704000404142434445464748494A4B4C4D4E4F505152535455565758595A5B5C5D5E5F40
:20706000606162636465666768696A6B6C6D6E6F707172737475767778797A7B7C7D7E7F20
:20708000808182838485868788898A8B8C8D8E8F909192939495969798999A9B9C9D9E9F00
:2070A000A0A1A2A3A4A5A6A7A8A9AAABACADAEAFB0B1B2B3B4B5B6B7B8B9BABBBCBDBEBFE0
:2070C000C0C1C2C3C4C5C6C7C8C9CACBCCCDCECFD0D1D2D3D4D5D6D7D8D9DADBDCDDDEDFC0
:2070E000E0E1E2E3E4E5E6E7E8E9EAEBECEDEEEFF0F1F2F3F4F5F6F7F8F9FAFBFCFDFEFFA0
:20710000000102030405060708090A0B0C0D0E0F101112131415161718191A1B1C1D1E1F7F
:20712000202122232425262728292A2B2C2D2E2F303132333435363738393A3B3C3D3E3F5F
:20714000404142434445464748494A4B4C4D4E4F505152535455565758595A5B5C5D5E5F3F
:20716000606162636465666768696A6B6C6D6E6F707172737475767778797A7B7C7D7E7F1F
:20718000808182838485868788898A8B8C8D8E8F909192939495969798999A9B9C9D9E9FFF
:2071A000A0A1A2A3A4A5A6A7A8A9AAABACADAEAFB0B1B2B3B4B5B6B7B8B9BABBBCBDBEBFDF
:2071C000C0C1C2C3C4C5C6C7C8C9CACBCCCDCECFD0D1D2D3D4D5D6D7D8D9DADBDCDDDEDFBF
:2071E000E0E1E2E3E4E5E6E7E8E9EAEBECEDEEEFF0F1F2F3F4F5F6F7F8F9FAFBFCFDFEFF9F
:20720000000102030405060708090A0B0C0D0E0F101112131415161718191A1B1C1D1E1F7E
:20722000202122232425262728292A2B2C2D2E2F303132333435363738393A3B3C3D3E3F5E
:20724000404142434445464748494A4B4C4D4E4F505152535455565758595A5B5C5D5E5F3E
:20726000606162636465666768696A6B6C6D6E6F707172737475767778797A7B7C7D7E7F1E
:20728000808182838485868788898A8B8C8D8E8F909192939495969798999A9B9C9D9E9FFE
:2072A000A0A1A2A3A4A5A6A7A8A9AAABACADAEAFB0B1B2B3B4B5B6B7B8B9BABBBCBDBEBFDE
:2072C000C0C1C2C3C4C5C6C7C8C9CACBCCCDCECFD0D1D2D3D4D5D6D7D8D9DADBDCDDDEDFBE
:2072E000E0E1E2E3E4E5E6E7E8E9EAEBECEDEEEFF0F1F2F3F4F5F6F7F8F9FAFBFCFDFEFF9E
:20730000000102030405060708090A0B0C0D0E0F101112131415161718191A1B1C1D1E1F7D
:20732000202122232425262728292A2B2C2D2E2F303132333435363738393A3B3C3D3E3F5D
:20734000404142434445464748494A4B4C4D4E4F505152535455565758595A5B5C5D5E5F3D
:20736000606162636465666768696A6B6C6D6E6F707172737475767778797A7B7C7D7E7F1D
:20738000808182838485868788898A8B8C8D8E8F909192939495969798999A9B9C9D9E9FFD
:2073A000A0A1A2A3A4A5A6A7A8A9AAABACADAEAFB0B1B2B3B4B5B6B7B8B9BABBBCBDBEBFDD
:2073C000C0C1C2C3C4C5C6C7C8C9CACBCCCDCECFD0D1D2D3D4D5D6D7D8D9DADBDCDDDEDFBD
:2073E000E0E1E2E3E4E5E6E7E8E9EAEBECEDEEEFF0F1F2F3F4F5F6F7F8F9FAFBFCFDFEFF9D
:20740000000102030405060708090A0B0C0D0E0F101112131415161718191A1B1C1D1E1F7C
:20742000202122232425262728292A2B2C2D2E2F303132333435363738393A3B3C3D3E3F5C
:20744000404142434445464748494A4B4C4D4E4F505152535455565758595A5B5C5D5E5F3C
:20746000606162636465666768696A6B6C6D6E6F707172737475767778797A7B7C7D7E7F1C
:20748000808182838485868788898A8B8C8D8E8F909192939495969798999A9B9C9D9E9FFC
:2074A000A0A1A2A3A4A5A6A7A8A9AAABACADAEAFB0B1B2B3B4B5B6B7B8B9BABBBCBDBEBFDC
:2074C000C0C1C2C3C4C5C6C7C8C9CACBCCCDCECFD0D1D2D3D4D5D6D7D8D9DADBDCDDDEDFBC
:2074E000E0E1E2E3E4E5E6E7E8E9EAEBECEDEEEFF0F1F2F3F4F5F6F7F8F9FAFBFCFDFEFF9C
:20750000000102030405060708090A0B0C0D0E0F101112131415161718191A1B1C1D1E1F7B
:20752000202122232425262728292A2B2C2D2E2F303132333435363738393A3B3C3D3E3F5B
:20754000404142434445464748494A4B4C4D4E4F505152535455565758595A5B5C5D5E5F3B
:20756000606162636465666768696A6B6C6D6E6F707172737475767778797A7B7C7D7E7F1B
:20758000808182838485868788898A8B8C8D8E8F909192939495969798999A9B9C9D9E9FFB
:2075A000A0A1A2A3A4A5A6A7A8A9AAABACADAEAFB0B1B2B3B4B5B6B7B8B9BABBBCBDBEBFDB
:2075C000C0C1C2C3C4C5C6C7C8C9CACBCCCDCECFD0D1D2D3D4D5D6D7D8D9DADBDCDDDEDFBB
:2075E000E0E1E2E3E4E5E6E7E8E9EAEBECEDEEEFF0F1F2F3F4F5F6F7F8F9FAFBFCFDFEFF9B
:20760000000102030405060708090A0B0C0D0E0F101112131415161718191A1B1C1D1E1F7A
:20762000202122232425262728292A2B2C2D2E2F303132333435363738393A3B3C3D3E3F5A
:20764000404142434445464748494A4B4C4D4E4F505152535455565758595A5B5C5D5E5F3A
:20766000606162636465666768696A6B6C6D6E6F707172737475767778797A7B7C7D7E7F1A
:20768000808182838485868788898A8B8C8D8E8F909192939495969798999A9B9C9D9E9FFA
:2076A000A0A1A2A3A4A5A6A7A8A9AAABACADAEAFB0B1B2B3B4B5B6B7B8B9BABBBCBDBEBFDA
:2076C000C0C1C2C3C4C5C6C7C8C9CACBCCCDCECFD0D1D2D3D4D5D6D7D8D9DADBDCDDDEDFBA
:2076E000E0E1E2E3E4E5E6E7E8E9EAEBECEDEEEFF0F1F2F3F4F5F6F7F8F9FAFBFCFDFEFF9A
:20770000000102030405060708090A0B0C0D0E0F101112131415161718191A1B1C1D1E1F79
:20772000202122232425262728292A2B2C2D2E2F303132333435363738393A3B3C3D3E3F59
:20774000404142434445464748494A4B4C4D4E4F505152535455565758595A5B5C5D5E5F39
:20776000606162636465666768696A6B6C6D6E6F707172737475767778797A7B7C7D7E7F19
:20778000808182838485868788898A8B8C8D8E8F909192939495969798999A9B9C9D9E9FF9
:2077A000A0A1A2A3A4A5A6A7A8A9AAABACADAEAFB0B1B2B3B4B5B6B7B8B9BABBBCBDBEBFD9
:2077C000C0C1C2C3C4C5C6C7C8C9CACBCCCDCECFD0D1D2D3D4D5D6D7D8D9DADBDCDDDEDFB9
:2077E000E0E1E2E3E4E5E6E7E8E9EAEBECEDEEEFF0F1F2F3F4F5F6F7F8F9FAFBFCFDFEFF99
:20780000000102030405060708090A0B0C0D0E0F101112131415161718191A1B1C1D1E1F78
:20782000202122232425262728292A2B2C2D2E2F303132333435363738393A3B3C3D3E3F58
:20784000404142434445464748494A4B4C4D4E4F505152535455565758595A5B5C5D5E5F38
:20786000606162636465666768696A6B6C6D6E6F707172737475767778797A7B7C7D7E7F18
:20788000808182838485868788898A8B8C8D8E8F909192939495969798999A9B9C9D9E9FF8
:2078A000A0A1A2A3A4A5A6A7A8A9AAABACADAEAFB0B1B2B3B4B5B6B7B8B9BABBBCBDBEBFD8
:2078C000C0C1C2C3C4C5C6C7C8C9CACBCCCDCECFD0D1D2D3D4D5D6D7D8D9DADBDCDDDEDFB8
:2078E000E0E1E2E3E4E5E6E7E8E9EAEBECEDEEEFF0F1F2F3F4F5F6F7F8F9FAFBFCFDFEFF98
:20790000000102030405060708090A0B0C0D0E0F101112131415161718191A1B1C1D1E1F77
:20792000202122232425262728292A2B2C2D2E2F303132333435363738393A3B3C3D3E3F57
:20794000404142434445464748494A4B4C4D4E4F505152535455565758595A5B5C5D5E5F37
:20796000606162636465666768696A6B6C6D6E6F707172737475767778797A7B7C7D7E7F17
:20798000808182838485868788898A8B8C8D8E8F909192939495969798999A9B9C9D9E9FF7
:2079A000A0A1A2A3A4A5A6A7A8A9AAABACADAEAFB0B1B2B3B4B5B6B7B8B9BABBBCBDBEBFD7
:2079C000C0C1C2C3C4C5C6C7C8C9CACBCCCDCECFD0D1D2D3D4D5D6D7D8D9DADBDCDDDEDFB7
:2079E000E0E1E2E3E4E5E6E7E8E9EAEBECEDEEEFF0F1F2F3F4F5F6F7F8F9FAFBFCFDFEFF97
:207A0000000102030405060708090A0B0C0D0E0F101112131415161718191A1B1C1D1E1F76
:207A2000202122232425262728292A2B2C2D2E2F303132333435363738393A3B3C3D3E3F56
:207A4000404142434445464748494A4B4C4D4E4F505152535455565758595A5B5C5D5E5F36
:207A6000606162636465666768696A6B6C6D6E6F707172737475767778797A7B7C7D7E7F16
:207A8000808182838485868788898A8B8C8D8E8F909192939495969798999A9B9C9D9E9FF6
:207AA000A0A1A2A3A4A5A6A7A8A9AAABACADAEAFB0B1B2B3B4B5B6B7B8B9BABBBCBDBEBFD6
:207AC000C0C1C2C3C4C5C6C7C8C9CACBCCCDCECFD0D1D2D3D4D5D6D7D8D9DADBDCDDDEDFB6
:207AE000E0E1E2E3E4E5E6E7E8E9EAEBECEDEEEFF0F1F2F3F4F5F6F7F8F9FAFBFCFDFEFF96
:207B0000000102030405060708090A0B0C0D0E0F101112131415161718191A1B1C1D1E1F75
:207B2000202122232425262728292A2B2C2D2E2F303132333435363738393A3B3C3D3E3F55
:207B4000404142434445464748494A4B4C4D4E4F505152535455565758595A5B5C5D5E5F35
:207B6000606162636465666768696A6B6C6D6E6F707172737475767778797A7B7C7D7E7F15
:207B8000808182838485868788898A8B8C8D8E8F909192939495969798999A9B9C9D9E9FF5
:207BA000A0A1A2A3A4A5A6A7A8A9AAABACADAEAFB0B1B2B3B4B5B6B7B8B9BABBBCBDBEBFD5
:207BC000C0C1C2C3C4C5C6C7C8C9CACBCCCDCECFD0D1D2D3D4D5D6D7D8D9DADBDCDDDEDFB5
:207BE000E0E1E2E3E4E5E6E7E8E9EAEBECEDEEEFF0F1F2F3F4F5F6F7F8F9FAFBFCFDFEFF95
:207C0000000102030405060708090A0B0C0D0E0F101112131415161718191A1B1C1D1E1F74
:207C2000202122232425262728292A2B2C2D2E2F303132333435363738393A3B3C3D3E3F54
:207C4000404142434445464748494A4B4C4D4E4F505152535455565758595A5B5C5D5E5F34
:207C6000606162636465666768696A6B6C6D6E6F707172737475767778797A7B7C7D7E7F14
:207C8000808182838485868788898A8B8C8D8E8F909192939495969798999A9B9C9D9E9FF4
:207CA000A0A1A2A3A4A5A6A7A8A9AAABACADAEAFB0B1B2B3B4B5B6B7B8B9BABBBCBDBEBFD4
:207CC000C0C1C2C3C4C5C6C7C8C9CACBCCCDCECFD0D1D2D3D4D5D6D7D8D9DADBDCDDDEDFB4
:207CE000E0E1E2E3E4E5E6E7E8E9EAEBECEDEEEFF0F1F2F3F4F5F6F7F8F9FAFBFCFDFEFF94
:207D0000000102030405060708090A0B0C0D0E0F101112131415161718191A1B1C1D1E1F73
:207D2000202122232425262728292A2B2C2D2E2F303132333435363738393A3B3C3D3E3F53
:207D4000404142434445464748494A4B4C4D4E4F505152535455565758595A5B5C5D5E5F33
:207D6000606162636465666768696A6B6C6D6E6F707172737475767778797A7B7C7D7E7F13
:207D8000808182838485868788898A8B8C8D8E8F909192939495969798999A9B9C9D9E9FF3
:207DA000A0A1A2A3A4A5A6A7A8A9AAABACADAEAFB0B1B2B3B4B5B6B7B8B9BABBBCBDBEBFD3
:207DC000C0C1C2C3C4C5C6C7C8C9CACBCCCDCECFD0D1D2D3D4D5D6D7D8D9DADBDCDDDEDFB3
:207DE000E0E1E2E3E4E5E6E7E8E9EAEBECEDEEEFF0F1F2F3F4F5F6F7F8F9FAFBFCFDFEFF93
:207E0000000102030405060708090A0B0C0D0E0F101112131415161718191A1B1C1D1E1F72
:207E2000202122232425262728292A2B2C2D2E2F303132333435363738393A3B3C3D3E3F52
:207E4000404142434445464748494A4B4C4D4E4F505152535455565758595A5B5C5D5E5F32
:207E6000606162636465666768696A6B6C6D6E6F707172737475767778797A7B7C7D7E7F12
:207E8000808182838485868788898A8B8C8D8E8F909192939495969798999A9B9C9D9E9FF2
:207EA000A0A1A2A3A4A5A6A7A8A9AAABACADAEAFB0B1B2B3B4B5B6B7B8B9BABBBCBDBEBFD2
:207EC000C0C1C2C3C4C5C6C7C8C9CACBCCCDCECFD0D1D2D3D4D5D6D7D8D9DADBDCDDDEDFB2
:207EE000E0E1E2E3E4E5E6E7E8E9EAEBECEDEEEFF0F1F2F3F4F5F6F7F8F9FAFBFCFDFEFF92
:207F0000000102030405060708090A0B0C0D0E0F101112131415161718191A1B1C1D1E1F71
:207F2000202122232425262728292A2B2C2D2E2F303132333435363738393A3B3C3D3E3F51
:207F4000404142434445464748494A4B4C4D4E4F505152535455565758595A5B5C5D5E5F31
:207F6000606162636465666768696A6B6C6D6E6F707172737475767778797A7B7C7D7E7F11
:207F8000808182838485868788898A8B8C8D8E8F909192939495969798999A9B9C9D9E9FF1
:207FA000A0A1A2A3A4A5A6A7A8A9AAABACADAEAFB0B1B2B3B4B5B6B7B8B9BABBBCBDBEBFD1
:207FC000C0C1C2C3C4C5C6C7C8C9CACBCCCDCECFD0D1D2D3D4D5D6D7D8D9DADBDCDDDEDFB1
:207FE000E0E1E2E3E4E5E6E7E8E9EAEBECEDEEEFF0F1F2F3F4F5F6F7F8F9FAFBFCFDFEFF91
:20800000000102030405060708090A0B0C0D0E0F101112131415161718191A1B1C1D1E1F70
:20802000202122232425262728292A2B2C2D2E2F303132333435363738393A3B3C3D3E3F50
:20804000404142434445464748494A4B4C4D4E4F505152535455565758595A5B5C5D5E5F30
:20806000606162636465666768696A6B6C6D6E6F707172737475767778797A7B7C7D7E7F10
:20808000808182838485868788898A8B8C8D8E8F909192939495969798999A9B9C9D9E9FF0
:2080A000A0A1A2A3A4A5A6A7A8A9AAABACADAEAFB0B1B2B3B4B5B6B7B8B9BABBBCBDBEBFD0
:2080C000C0C1C2C3C4C5C6C7C8C9CACBCCCDCECFD0D1D2D3D4D5D6D7D8D9DADBDCDDDEDFB0
:2080E000E0E1E2E3E4E5E6E7E8E9EAEBECEDEEEFF0F1F2F3F4F5F6F7F8F9FAFBFCFDFEFF90
:20810000000102030405060708090A0B0C0D0E0F101112131415161718191A1B1C1D1E1F6F
:20812000202122232425262728292A2B2C2D2E2F303132333435363738393A3B3C3D3E3F4F
:20814000404142434445464748494A4B4C4D4E4F505152535455565758595A5B5C5D5E5F2F
:20816000606162636465666768696A6B6C6D6E6F707172737475767778797A7B7C7D7E7F0F
:20818000808182838485868788898A8B8C8D8E8F909192939495969798999A9B9C9D9E9FEF
:2081A000A0A1A2A3A4A5A6A7A8A9AAABACADAEAFB0B1B2B3B4B5B6B7B8B9BABBBCBDBEBFCF
:2081C000C0C1C2C3C4C5C6C7C8C9CACBCCCDCECFD0D1D2D3D4D5D6D7D8D9DADBDCDDDEDFAF
:2081E000E0E1E2E3E4E5E6E7E8E9EAEBECEDEEEFF0F1F2F3F4F5F6F7F8F9FAFBFCFDFEFF8F
:20820000000102030405060708090A0B0C0D0E0F101112131415161718191A1B1C1D1E1F6E
:20822000202122232425262728292A2B2C2D2E2F303132333435363738393A3B3C3D3E3F4E
:20824000404142434445464748494A4B4C4D4E4F505152535455565758595A5B5C5D5E5F2E
:20826000606162636465666768696A6B6C6D6E6F707172737475767778797A7B7C7D7E7F0E
:20828000808182838485868788898A8B8C8D8E8F909192939495969798999A9B9C9D9E9FEE
:2082A000A0A1A2A3A4A5A6A7A8A9AAABACADAEAFB0B1B2B3B4B5B6B7B8B9BABBBCBDBEBFCE
:2082C000C0C1C2C3C4C5C6C7C8C9CACBCCCDCECFD0D1D2D3D4D5D6D7D8D9DADBDCDDDEDFAE
:2082E000E0E1E2E3E4E5E6E7E8E9EAEBECEDEEEFF0F1F2F3F4F5F6F7F8F9FAFBFCFDFEFF8E
:20830000000102030405060708090A0B0C0D0E0F101112131415161718191A1B1C1D1E1F6D
:20832000202122232425262728292A2B2C2D2E2F303132333435363738393A3B3C3D3E3F4D
:20834000404142434445464748494A4B4C4D4E4F505152535455565758595A5B5C5D5E5F2D
:20836000606162636465666768696A6B6C6D6E6F707172737475767778797A7B7C7D7E7F0D
:20838000808182838485868788898A8B8C8D8E8F909192939495969798999A9B9C9D9E9FED
:2083A000A0A1A2A3A4A5A6A7A8A9AAABACADAEAFB0B1B2B3B4B5B6B7B8B9BABBBCBDBEBFCD
:2083C000C0C1C2C3C4C5C6C7C8C9CACBCCCDCECFD0D1D2D3D4D5D6D7D8D9DADBDCDDDEDFAD
:2083E000E0E1E2E3E4E5E6E7E8E9EAEBECEDEEEFF0F1F2F3F4F5F6F7F8F9FAFBFCFDFEFF8D
:20840000000102030405060708090A0B0C0D0E0F101112131415161718191A1B1C1D1E1F6C
:20842000202122232425262728292A2B2C2D2E2F303132333435363738393A3B3C3D3E3F4C
:20844000404142434445464748494A4B4C4D4E4F505152535455565758595A5B5C5D5E5F2C
:20846000606162636465666768696A6B6C6D6E6F707172737475767778797A7B7C7D7E7F0C
:20848000808182838485868788898A8B8C8D8E8F909192939495969798999A9B9C9D9E9FEC
:2084A000A0A1A2A3A4A5A6A7A8A9AAABACADAEAFB0B1B2B3B4B5B6B7B8B9BABBBCBDBEBFCC
:2084C000C0C1C2C3C4C5C6C7C8C9CACBCCCDCECFD0D1D2D3D4D5D6D7D8D9DADBDCDDDEDFAC
:2084E000E0E1E2E3E4E5E6E7E8E9EAEBECEDEEEFF0F1F2F3F4F5F6F7F8F9FAFBFCFDFEFF8C
:20850000000102030405060708090A0B0C0D0E0F101112131415161718191A1B1C1D1E1F6B
:20852000202122232425262728292A2B2C2D2E2F303132333435363738393A3B3C3D3E3F4B
:20854000404142434445464748494A4B4C4D4E4F505152535455565758595A5B5C5D5E5F2B
:20856000606162636465666768696A6B6C6D6E6F707172737475767778797A7B7C7D7E7F0B
:20858000808182838485868788898A8B8C8D8E8F909192939495969798999A9B9C9D9E9FEB
:2085A000A0A1A2A3A4A5A6A7A8A9AAABACADAEAFB0B1B2B3B4B5B6B7B8B9BABBBCBDBEBFCB
:2085C000C0C1C2C3C4C5C6C7C8C9CACBCCCDCECFD0D1D2D3D4D5D6D7D8D9DADBDCDDDEDFAB
:2085E000E0E1E2E3E4E5E6E7E8E9EAEBECEDEEEFF0F1F2F3F4F5F6F7F8F9FAFBFCFDFEFF8B
:20860000000102030405060708090A0B0C0D0E0F101112131415161718191A1B1C1D1E1F6A
:20862000202122232425262728292A2B2C2D2E2F303132333435363738393A3B3C3D3E3F4A
:20864000404142434445464748494A4B4C4D4E4F505152535455565758595A5B5C5D5E5F2A
:20866000606162636465666768696A6B6C6D6E6F707172737475767778797A7B7C7D7E7F0A
:20868000808182838485868788898A8B8C8D8E8F909192939495969798999A9B9C9D9E9FEA
:2086A000A0A1A2A3A4A5A6A7A8A9AAABACADAEAFB0B1B2B3B4B5B6B7B8B9BABBBCBDBEBFCA
:2086C000C0C1C2C3C4C5C6C7C8C9CACBCCCDCECFD0D1D2D3D4D5D6D7D8D9DADBDCDDDEDFAA
:2086E000E0E1E2E3E4E5E6E7E8E9EAEBECEDEEEFF0F1F2F3F4F5F6F7F8F9FAFBFCFDFEFF8A
:20870000000102030405060708090A0B0C0D0E0F101112131415161718191A1B1C1D1E1F69
:20872000202122232425262728292A2B2C2D2E2F303132333435363738393A3B3C3D3E3F49
:20874000404142434445464748494A4B4C4D4E4F505152535455565758595A5B5C5D5E5F29
:20876000606162636465666768696A6B6C6D6E6F707172737475767778797A7B7C7D7E7F09
:20878000808182838485868788898A8B8C8D8E8F909192939495969798999A9B9C9D9E9FE9
:2087A000A0A1A2A3A4A5A6A7A8A9AAABACADAEAFB0B1B2B3B4B5B6B7B8B9BABBBCBDBEBFC9
:2087C000C0C1C2C3C4C5C6C7C8C9CACBCCCDCECFD0D1D2D3D4D5D6D7D8D9DADBDCDDDEDFA9
:2087E000E0E1E2E3E4E5E6E7E8E9EAEBECEDEEEFF0F1F2F3F4F5F6F7F8F9FAFBFCFDFEFF89
:20880000000102030405060708090A0B0C0D0E0F101112131415161718191A1B1C1D1E1F68
:20882000202122232425262728292A2B2C2D2E2F303132333435363738393A3B3C3D3E3F48
:20884000404142434445464748494A4B4C4D4E4F505152535455565758595A5B5C5D5E5F28
:20886000606162636465666768696A6B6C6D6E6F707172737475767778797A7B7C7D7E7F08
:20888000808182838485868788898A8B8C8D8E8F909192939495969798999A9B9C9D9E9FE8
:2088A000A0A1A2A3A4A5A6A7A8A9AAABACADAEAFB0B1B2B3B4B5B6B7B8B9BABBBCBDBEBFC8
:2088C000C0C1C2C3C4C5C6C7C8C9CACBCCCDCECFD0D1D2D3D4D5D6D7D8D9DADBDCDDDEDFA8
:2088E000E0E1E2E3E4E5E6E7E8E9EAEBECEDEEEFF0F1F2F3F4F5F6F7F8F9FAFBFCFDFEFF88
:20890000000102030405060708090A0B0C0D0E0F101112131415161718191A1B1C1D1E1F67
:20892000202122232425262728292A2B2C2D2E2F303132333435363738393A3B3C3D3E3F47
:20894000404142434445464748494A4B4C4D4E4F505152535455565758595A5B5C5D5E5F27
:20896000606162636465666768696A6B6C6D6E6F707172737475767778797A7B7C7D7E7F07
:20898000808182838485868788898A8B8C8D8E8F909192939495969798999A9B9C9D9E9FE7
:2089A000A0A1A2A3A4A5A6A7A8A9AAABACADAEAFB0B1B2B3B4B5B6B7B8B9BABBBCBDBEBFC7
:2089C000C0C1C2C3C4C5C6C7C8C9CACBCCCDCECFD0D1D2D3D4D5D6D7D8D9DADBDCDDDEDFA7
:2089E000E0E1E2E3E4E5E6E7E8E9EAEBECEDEEEFF0F1F2F3F4F5F6F7F8F9FAFBFCFDFEFF87
:208A0000000102030405060708090A0B0C0D0E0F101112131415161718191A1B1C1D1E1F66
:208A2000202122232425262728292A2B2C2D2E2F303132333435363738393A3B3C3D3E3F46
:208A4000404142434445464748494A4B4C4D4E4F505152535455565758595A5B5C5D5E5F26
:208A6000606162636465666768696A6B6C6D6E6F707172737475767778797A7B7C7D7E7F06
:208A8000808182838485868788898A8B8C8D8E8F909192939495969798999A9B9C9D9E9FE6
:208AA000A0A1A2A3A4A5A6A7A8A9AAABACADAEAFB0B1B2B3B4B5B6B7B8B9BABBBCBDBEBFC6
:208AC000C0C1C2C3C4C5C6C7C8C9CACBCCCDCECFD0D1D2D3D4D5D6D7D8D9DADBDCDDDEDFA6
:208AE000E0E1E2E3E4E5E6E7E8E9EAEBECEDEEEFF0F1F2F3F4F5F6F7F8F9FAFBFCFDFEFF86
:208B0000000102030405060708090A0B0C0D0E0F101112131415161718191A1B1C1D1E1F65
:208B2000202122232425262728292A2B2C2D2E2F303132333435363738393A3B3C3D3E3F45
:208B4000404142434445464748494A4B4C4D4E4F505152535455565758595A5B5C5D5E5F25
:208B6000606162636465666768696A6B6C6D6E6F707172737475767778797A7B7C7D7E7F05
:208B8000808182838485868788898A8B8C8D8E8F909192939495969798999A9B9C9D9E9FE5
:208BA000A0A1A2A3A4A5A6A7A8A9AAABACADAEAFB0B1B2B3B4B5B6B7B8B9BABBBCBDBEBFC5
:208BC000C0C1C2C3C4C5C6C7C8C9CACBCCCDCECFD0D1D2D3D4D5D6D7D8D9DADBDCDDDEDFA5
:208BE000E0E1E2E3E4E5E6E7E8E9EAEBECEDEEEFF0F1F2F3F4F5F6F7F8F9FAFBFCFDFEFF85
:208C0000000102030405060708090A0B0C0D0E0F101112131415161718191A1B1C1D1E1F64
:208C2000202122232425262728292A2B2C2D2E2F303132333435363738393A3B3C3D3E3F44
:208C4000404142434445464748494A4B4C4D4E4F505152535455565758595A5B5C5D5E5F24
:208C6000606162636465666768696A6B6C6D6E6F707172737475767778797A7B7C7D7E7F04
:208C8000808182838485868788898A8B8C8D8E8F909192939495969798999A9B9C9D9E9FE4
:208CA000A0A1A2A3A4A5A6A7A8A9AAABACADAEAFB0B1B2B3B4B5B6B7B8B9BABBBCBDBEBFC4
:208CC000C0C1C2C3C4C5C6C7C8C9CACBCCCDCECFD0D1D2D3D4D5D6D7D8D9DADBDCDDDEDFA4
:208CE000E0E1E2E3E4E5E6E7E8E9EAEBECEDEEEFF0F1F2F3F4F5F6F7F8F9FAFBFCFDFEFF84
:208D0000000102030405060708090A0B0C0D0E0F101112131415161718191A1B1C1D1E1F63
:208D2000202122232425262728292A2B2C2D2E2F303132333435363738393A3B3C3D3E3F43
:208D4000404142434445464748494A4B4C4D4E4F505152535455565758595A5B5C5D5E5F23
:208D6000606162636465666768696A6B6C6D6E6F707172737475767778797A7B7C7D7E7F03
:208D8000808182838485868788898A8B8C8D8E8F909192939495969798999A9B9C9D9E9FE3
:208DA000A0A1A2A3A4A5A6A7A8A9AAABACADAEAFB0B1B2B3B4B5B6B7B8B9BABBBCBDBEBFC3
:208DC000C0C1C2C3C4C5C6C7C8C9CACBCCCDCECFD0D1D2D3D4D5D6D7D8D9DADBDCDDDEDFA3
:208DE000E0E1E2E3E4E5E6E7E8E9EAEBECEDEEEFF0F1F2F3F4F5F6F7F8F9FAFBFCFDFEFF83
:208E0000000102030405060708090A0B0C0D0E0F101112131415161718191A1B1C1D1E1F62
:208E2000202122232425262728292A2B2C2D2E2F303132333435363738393A3B3C3D3E3F42
:208E4000404142434445464748494A4B4C4D4E4F505152535455565758595A5B5C5D5E5F22
:208E6000606162636465666768696A6B6C6D6E6F707172737475767778797A7B7C7D7E7F02
:208E8000808182838485868788898A8B8C8D8E8F909192939495969798999A9B9C9D9E9FE2
:208EA000A0A1A2A3A4A5A6A7A8A9AAABACADAEAFB0B1B2B3B4B5B6B7B8B9BABBBCBDBEBFC2
:208EC000C0C1C2C3C4C5C6C7C8C9CACBCCCDCECFD0D1D2D3D4D5D6D7D8D9DADBDCDDDEDFA2
:208EE000E0E1E2E3E4E5E6E7E8E9EAEBECEDEEEFF0F1F2F3F4F5F6F7F8F9FAFBFCFDFEFF82
:208F0000000102030405060708090A0B0C0D0E0F101112131415161718191A1B1C1D1E1F61
:208F2000202122232425262728292A2B2C2D2E2F303132333435363738393A3B3C3D3E3F41
:208F4000404142434445464748494A4B4C4D4E4F505152535455565758595A5B5C5D5E5F21
:208F6000606162636465666768696A6B6C6D6E6F707172737475767778797A7B7C7D7E7F01
:208F8000808182838485868788898A8B8C8D8E8F909192939495969798999A9B9C9D9E9FE1
:208FA000A0A1A2A3A4A5A6A7A8A9AAABACADAEAFB0B1B2B3B4B5B6B7B8B9BABBBCBDBEBFC1
:208FC000C0C1C2C3C4C5C6C7C8C9CACBCCCDCECFD0D1D2D3D4D5D6D7D8D9DADBDCDDDEDFA1
:208FE000E0E1E2E3E4E5E6E7E8E9EAEBECEDEEEFF0F1F2F3F4F5F6F7F8F9FAFBFCFDFEFF81
:20900000000102030405060708090A0B0C0D0E0F101112131415161718191A1B1C1D1E1F60
:20902000202122232425262728292A2B2C2D2E2F303132333435363738393A3B3C3D3E3F40
:20904000404142434445464748494A4B4C4D4E4F505152535455565758595A5B5C5D5E5F20
:20906000606162636465666768696A6B6C6D6E6F707172737475767778797A7B7C7D7E7F00
:20908000808182838485868788898A8B8C8D8E8F909192939495969798999A9B9C9D9E9FE0
:2090A000A0A1A2A3A4A5A6A7A8A9AAABACADAEAFB0B1B2B3B4B5B6B7B8B9BABBBCBDBEBFC0
:2090C000C0C1C2C3C4C5C6C7C8C9CACBCCCDCECFD0D1D2D3D4D5D6D7D8D9DADBDCDDDEDFA0
:2090E000E0E1E2E3E4E5E6E7E8E9EAEBECEDEEEFF0F1F2F3F4F5F6F7F8F9FAFBFCFDFEFF80
:20910000000102030405060708090A0B0C0D0E0F101112131415161718191A1B1C1D1E1F5F
:20912000202122232425262728292A2B2C2D2E2F303132333435363738393A3B3C3D3E3F3F
:20914000404142434445464748494A4B4C4D4E4F505152535455565758595A5B5C5D5E5F1F
:20916000606162636465666768696A6B6C6D6E6F707172737475767778797A7B7C7D7E7FFF
:20918000808182838485868788898A8B8C8D8E8F909192939495969798999A9B9C9D9E9FDF
:2091A000A0A1A2A3A4A5A6A7A8A9AAABACADAEAFB0B1B2B3B4B5B6B7B8B9BABBBCBDBEBFBF
:2091C000C0C1C2C3C4C5C6C7C8C9CACBCCCDCECFD0D1D2D3D4D5D6D7D8D9DADBDCDDDEDF9F
:2091E000E0E1E2E3E4E5E6E7E8E9EAEBECEDEEEFF0F1F2F3F4F5F6F7F8F9FAFBFCFDFEFF7F
:20920000000102030405060708090A0B0C0D0E0F101112131415161718191A1B1C1D1E1F5E
:20922000202122232425262728292A2B2C2D2E2F303132333435363738393A3B3C3D3E3F3E
:20924000404142434445464748494A4B4C4D4E4F505152535455565758595A5B5C5D5E5F1E
:20926000606162636465666768696A6B6C6D6E6F707172737475767778797A7B7C7D7E7FFE
:20928000808182838485868788898A8B8C8D8E8F909192939495969798999A9B9C9D9E9FDE
:2092A000A0A1A2A3A4A5A6A7A8A9AAABACADAEAFB0B1B2B3B4B5B6B7B8B9BABBBCBDBEBFBE
:2092C000C0C1C2C3C4C5C6C7C8C9CACBCCCDCECFD0D1D2D3D4D5D6D7D8D9DADBDCDDDEDF9E
:2092E000E0E1E2E3E4E5E6E7E8E9EAEBECEDEEEFF0F1F2F3F4F5F6F7F8F9FAFBFCFDFEFF7E
:20930000000102030405060708090A0B0C0D0E0F101112131415161718191A1B1C1D1E1F5D
:20932000202122232425262728292A2B2C2D2E2F303132333435363738393A3B3C3D3E3F3D
:20934000404142434445464748494A4B4C4D4E4F505152535455565758595A5B5C5D5E5F1D
:20936000606162636465666768696A6B6C6D6E6F707172737475767778797A7B7C7D7E7FFD
:20938000808182838485868788898A8B8C8D8E8F909192939495969798999A9B9C9D9E9FDD
:2093A000A0A1A2A3A4A5A6A7A8A9AAABACADAEAFB0B1B2B3B4B5B6B7B8B9BABBBCBDBEBFBD
:2093C000C0C1C2C3C4C5C6C7C8C9CACBCCCDCECFD0D1D2D3D4D5D6D7D8D9DADBDCDDDEDF9D
:2093E000E0E1E2E3E4E5E6E7E8E9EAEBECEDEEEFF0F1F2F3F4F5F6F7F8F9FAFBFCFDFEFF7D
:20940000000102030405060708090A0B0C0D0E0F101112131415161718191A1B1C1D1E1F5C
:20942000202122232425262728292A2B2C2D2E2F303132333435363738393A3B3C3D3E3F3C
:20944000404142434445464748494A4B4C4D4E4F505152535455565758595A5B5C5D5E5F1C
:20946000606162636465666768696A6B6C6D6E6F707172737475767778797A7B7C7D7E7FFC
:20948000808182838485868788898A8B8C8D8E8F909192939495969798999A9B9C9D9E9FDC
:2094A000A0A1A2A3A4A5A6A7A8A9AAABACADAEAFB0B1B2B3B4B5B6B7B8B9BABBBCBDBEBFBC
:2094C000C0C1C2C3C4C5C6C7C8C9CACBCCCDCECFD0D1D2D3D4D5D6D7D8D9DADBDCDDDEDF9C
:2094E000E0E1E2E3E4E5E6E7E8E9EAEBECEDEEEFF0F1F2F3F4F5F6F7F8F9FAFBFCFDFEFF7C
:20950000000102030405060708090A0B0C0D0E0F101112131415161718191A1B1C1D1E1F5B
:20952000202122232425262728292A2B2C2D2E2F303132333435363738393A3B3C3D3E3F3B
:20954000404142434445464748494A4B4C4D4E4F505152535455565758595A5B5C5D5E5F1B
:20956000606162636465666768696A6B6C6D6E6F707172737475767778797A7B7C7D7E7FFB
:20958000808182838485868788898A8B8C8D8E8F909192939495969798999A9B9C9D9E9FDB
:2095A000A0A1A2A3A4A5A6A7A8A9AAABACADAEAFB0B1B2B3B4B5B6B7B8B9BABBBCBDBEBFBB
:2095C000C0C1C2C3C4C5C6C7C8C9CACBCCCDCECFD0D1D2D3D4D5D6D7D8D9DADBDCDDDEDF9B
:2095E000E0E1E2E3E4E5E6E7E8E9EAEBECEDEEEFF0F1F2F3F4F5F6F7F8F9FAFBFCFDFEFF7B
:20960000000102030405060708090A0B0C0D0E0F101112131415161718191A1B1C1D1E1F5A
:20962000202122232425262728292A2B2C2D2E2F303132333435363738393A3B3C3D3E3F3A
:20964000404142434445464748494A4B4C4D4E4F505152535455565758595A5B5C5D5E5F1A
:20966000606162636465666768696A6B6C6D6E6F707172737475767778797A7B7C7D7E7FFA
:20968000808182838485868788898A8B8C8D8E8F909192939495969798999A9B9C9D9E9FDA
:2096A000A0A1A2A3A4A5A6A7A8A9AAABACADAEAFB0B1B2B3B4B5B6B7B8B9BABBBCBDBEBFBA
:2096C000C0C1C2C3C4C5C6C7C8C9CACBCCCDCECFD0D1D2D3D4D5D6D7D8D9DADBDCDDDEDF9A
:2096E000E0E1E2E3E4E5E6E7E8E9EAEBECEDEEEFF0F1F2F3F4F5F6F7F8F9FAFBFCFDFEFF7A
:20970000000102030405060708090A0B0C0D0E0F101112131415161718191A1B1C1D1E1F59
:20972000202122232425262728292A2B2C2D2E2F303132333435363738393A3B3C3D3E3F39
:20974000404142434445464748494A4B4C4D4E4F505152535455565758595A5B5C5D5E5F19
:20976000606162636465666768696A6B6C6D6E6F707172737475767778797A7B7C7D7E7FF9
:20978000808182838485868788898A8B8C8D8E8F909192939495969798999A9B9C9D9E9FD9
:2097A000A0A1A2A3A4A5A6A7A8A9AAABACADAEAFB0B1B2B3B4B5B6B7B8B9BABBBCBDBEBFB9
:2097C000C0C1C2C3C4C5C6C7C8C9CACBCCCDCECFD0D1D2D3D4D5D6D7D8D9DADBDCDDDEDF99
:2097E000E0E1E2E3E4E5E6E7E8E9EAEBECEDEEEFF0F1F2F3F4F5F6F7F8F9FAFBFCFDFEFF79
:20980000000102030405060708090A0B0C0D0E0F101112131415161718191A1B1C1D1E1F58
:20982000202122232425262728292A2B2C2D2E2F303132333435363738393A3B3C3D3E3F38
:20984000404142434445464748494A4B4C4D4E4F505152535455565758595A5B5C5D5E5F18
:20986000606162636465666768696A6B6C6D6E6F707172737475767778797A7B7C7D7E7FF8
:20988000808182838485868788898A8B8C8D8E8F909192939495969798999A9B9C9D9E9FD8
:2098A000A0A1A2A3A4A5A6A7A8A9AAABACADAEAFB0B1B2B3B4B5B6B7B8B9BABBBCBDBEBFB8
:2098C000C0C1C2C3C4C5C6C7C8C9CACBCCCDCECFD0D1D2D3D4D5D6D7D8D9DADBDCDDDEDF98
:2098E000E0E1E2E3E4E5E6E7E8E9EAEBECEDEEEFF0F1F2F3F4F5F6F7F8F9FAFBFCFDFEFF78
:20990000000102030405060708090A0B0C0D0E0F101112131415161718191A1B1C1D1E1F57
:20992000202122232425262728292A2B2C2D2E2F303132333435363738393A3B3C3D3E3F37
:20994000404142434445464748494A4B4C4D4E4F505152535455565758595A5B5C5D5E5F17
:20996000606162636465666768696A6B6C6D6E6F707172737475767778797A7B7C7D7E7FF7
:20998000808182838485868788898A8B8C8D8E8F909192939495969798999A9B9C9D9E9FD7
:2099A000A0A1A2A3A4A5A6A7A8A9AAABACADAEAFB0B1B2B3B4B5B6B7B8B9BABBBCBDBEBFB7
:2099C000C0C1C2C3C4C5C6C7C8C9CACBCCCDCECFD0D1D2D3D4D5D6D7D8D9DADBDCDDDEDF97
:2099E000E0E1E2E3E4E5E6E7E8E9EAEBECEDEEEFF0F1F2F3F4F5F6F7F8F9FAFBFCFDFEFF77
:209A0000000102030405060708090A0B0C0D0E0F101112131415161718191A1B1C1D1E1F56
:209A2000202122232425262728292A2B2C2D2E2F303132333435363738393A3B3C3D3E3F36
:209A4000404142434445464748494A4B4C4D4E4F505152535455565758595A5B5C5D5E5F16
:209A6000606162636465666768696A6B6C6D6E6F707172737475767778797A7B7C7D7E7FF6
:209A8000808182838485868788898A8B8C8D8E8F909192939495969798999A9B9C9D9E9FD6
:209AA000A0A1A2A3A4A5A6A7A8A9AAABACADAEAFB0B1B2B3B4B5B6B7B8B9BABBBCBDBEBFB6
:209AC000C0C1C2C3C4C5C6C7C8C9CACBCCCDCECFD0D1D2D3D4D5D6D7D8D9DADBDCDDDEDF96
:209AE000E0E1E2E3E4E5E6E7E8E9EAEBECEDEEEFF0F1F2F3F4F5F6F7F8F9FAFBFCFDFEFF76
:209B0000000102030405060708090A0B0C0D0E0F101112131415161718191A1B1C1D1E1F55
:209B2000202122232425262728292A2B2C2D2E2F303132333435363738393A3B3C3D3E3F35
:209B4000404142434445464748494A4B4C4D4E4F505152535455565758595A5B5C5D5E5F15
:209B6000606162636465666768696A6B6C6D6E6F707172737475767778797A7B7C7D7E7FF5
:209B8000808182838485868788898A8B8C8D8E8F909192939495969798999A9B9C9D9E9FD5
:209BA000A0A1A2A3A4A5A6A7A8A9AAABACADAEAFB0B1B2B3B4B5B6B7B8B9BABBBCBDBEBFB5
:209BC000C0C1C2C3C4C5C6C7C8C9CACBCCCDCECFD0D1D2D3D4D5D6D7D8D9DADBDCDDDEDF95
:209BE000E0E1E2E3E4E5E6E7E8E9EAEBECEDEEEFF0F1F2F3F4F5F6F7F8F9FAFBFCFDFEFF75
:209C0000000102030405060708090A0B0C0D0E0F101112131415161718191A1B1C1D1E1F54
:209C2000202122232425262728292A2B2C2D2E2F303132333435363738393A3B3C3D3E3F34
:209C4000404142434445464748494A4B4C4D4E4F505152535455565758595A5B5C5D5E5F14
:209C6000606162636465666768696A6B6C6D6E6F707172737475767778797A7B7C7D7E7FF4
:209C8000808182838485868788898A8B8C8D8E8F909192939495969798999A9B9C9D9E9FD4
:209CA000A0A1A2A3A4A5A6A7A8A9AAABACADAEAFB0B1B2B3B4B5B6B7B8B9BABBBCBDBEBFB4
:209CC000C0C1C2C3C4C5C6C7C8C9CACBCCCDCECFD0D1D2D3D4D5D6D7D8D9DADBDCDDDEDF94
:209CE000E0E1E2E3E4E5E6E7E8E9EAEBECEDEEEFF0F1F2F3F4F5F6F7F8F9FAFBFCFDFEFF74
:209D0000000102030405060708090A0B0C0D0E0F101112131415161718191A1B1C1D1E1F53
:209D2000202122232425262728292A2B2C2D2E2F303132333435363738393A3B3C3D3E3F33
:209D4000404142434445464748494A4B4C4D4E4F505152535455565758595A5B5C5D5E5F13
:209D6000606162636465666768696A6B6C6D6E6F707172737475767778797A7B7C7D7E7FF3
:209D8000808182838485868788898A8B8C8D8E8F909192939495969798999A9B9C9D9E9FD3
:209DA000A0A1A2A3A4A5A6A7A8A9AAABACADAEAFB0B1B2B3B4B5B6B7B8B9BABBBCBDBEBFB3
:209DC000C0C1C2C3C4C5C6C7C8C9CACBCCCDCECFD0D1D2D3D4D5D6D7D8D9DADBDCDDDEDF93
:209DE000E0E1E2E3E4E5E6E7E8E9EAEBECEDEEEFF0F1F2F3F4F5F6F7F8F9FAFBFCFDFEFF73
:209E0000000102030405060708090A0B0C0D0E0F101112131415161718191A1B1C1D1E1F52
:209E2000202122232425262728292A2B2C2D2E2F303132333435363738393A3B3C3D3E3F32
:209E4000404142434445464748494A4B4C4D4E4F505152535455565758595A5B5C5D5E5F12
:209E6000606162636465666768696A6B6C6D6E6F707172737475767778797A7B7C7D7E7FF2
:209E8000808182838485868788898A8B8C8D8E8F909192939495969798999A9B9C9D9E9FD2
:209EA000A0A1A2A3A4A5A6A7A8A9AAABACADAEAFB0B1B2B3B4B5B6B7B8B9BABBBCBDBEBFB2
:209EC000C0C1C2C3C4C5C6C7C8C9CACBCCCDCECFD0D1D2D3D4D5D6D7D8D9DADBDCDDDEDF92
:209EE000E0E1E2E3E4E5E6E7E8E9EAEBECEDEEEFF0F1F2F3F4F5F6F7F8F9FAFBFCFDFEFF72
:209F0000000102030405060708090A0B0C0D0E0F101112131415161718191A1B1C1D1E1F51
:209F2000202122232425262728292A2B2C2D2E2F303132333435363738393A3B3C3D3E3F31
:209F4000404142434445464748494A4B4C4D4E4F505152535455565758595A5B5C5D5E5F11
:209F6000606162636465666768696A6B6C6D6E6F707172737475767778797A7B7C7D7E7FF1
:209F8000808182838485868788898A8B8C8D8E8F909192939495969798999A9B9C9D9E9FD1
:209FA000A0A1A2A3A4A5A6A7A8A9AAABACADAEAFB0B1B2B3B4B5B6B7B8B9BABBBCBDBEBFB1
:209FC000C0C1C2C3C4C5C6C7C8C9CACBCCCDCECFD0D1D2D3D4D5D6D7D8D9DADBDCDDDEDF91
:209FE000E0E1E2E3E4E5E6E7E8E9EAEBECEDEEEFF0F1F2F3F4F5F6F7F8F9FAFBFCFDFEFF71
:20A00000000102030405060708090A0B0C0D0E0F101112131415161718191A1B1C1D1E1F50
:20A02000202122232425262728292A2B2C2D2E2F303132333435363738393A3B3C3D3E3F30
:20A04000404142434445464748494A4B4C4D4E4F505152535455565758595A5B5C5D5E5F10
:20A06000606162636465666768696A6B6C6D6E6F707172737475767778797A7B7C7D7E7FF0
:20A08000808182838485868788898A8B8C8D8E8F909192939495969798999A9B9C9D9E9FD0
:20A0A000A0A1A2A3A4A5A6A7A8A9AAABACADAEAFB0B1B2B3B4B5B6B7B8B9BABBBCBDBEBFB0
:20A0C000C0C1C2C3C4C5C6C7C8C9CACBCCCDCECFD0D1D2D3D4D5D6D7D8D9DADBDCDDDEDF90
:20A0E000E0E1E2E3E4E5E6E7E8E9EAEBECEDEEEFF0F1F2F3F4F5F6F7F8F9FAFBFCFDFEFF70
:20A10000000102030405060708090A0B0C0D0E0F101112131415161718191A1B1C1D1E1F4F
:20A12000202122232425262728292A2B2C2D2E2F303132333435363738393A3B3C3D3E3F2F
:20A14000404142434445464748494A4B4C4D4E4F505152535455565758595A5B5C5D5E5F0F
:20A16000606162636465666768696A6B6C6D6E6F707172737475767778797A7B7C7D7E7FEF
:20A18000808182838485868788898A8B8C8D8E8F909192939495969798999A9B9C9D9E9FCF
:20A1A000A0A1A2A3A4A5A6A7A8A9AAABACADAEAFB0B1B2B3B4B5B6B7B8B9BABBBCBDBEBFAF
:20A1C000C0C1C2C3C4C5C6C7C8C9CACBCCCDCECFD0D1D2D3D4D5D6D7D8D9DADBDCDDDEDF8F
:20A1E000E0E1E2E3E4E5E6E7E8E9EAEBECEDEEEFF0F1F2F3F4F5F6F7F8F9FAFBFCFDFEFF6F
:20A20000000102030405060708090A0B0C0D0E0F101112131415161718191A1B1C1D1E1F4E
:20A22000202122232425262728292A2B2C2D2E2F303132333435363738393A3B3C3D3E3F2E
:20A24000404142434445464748494A4B4C4D4E4F505152535455565758595A5B5C5D5E5F0E
:20A26000606162636465666768696A6B6C6D6E6F707172737475767778797A7B7C7D7E7FEE
:20A28000808182838485868788898A8B8C8D8E8F909192939495969798999A9B9C9D9E9FCE
:20A2A000A0A1A2A3A4A5A6A7A8A9AAABACADAEAFB0B1B2B3B4B5B6B7B8B9BABBBCBDBEBFAE
:20A2C000C0C1C2C3C4C5C6C7C8C9CACBCCCDCECFD0D1D2D3D4D5D6D7D8D9DADBDCDDDEDF8E
:20A2E000E0E1E2E3E4E5E6E7E8E9EAEBECEDEEEFF0F1F2F3F4F5F6F7F8F9FAFBFCFDFEFF6E
:20A30000000102030405060708090A0B0C0D0E0F101112131415161718191A1B1C1D1E1F4D
:20A32000202122232425262728292A2B2C2D2E2F303132333435363738393A3B3C3D3E3F2D
:20A34000404142434445464748494A4B4C4D4E4F505152535455565758595A5B5C5D5E5F0D
:20A36000606162636465666768696A6B6C6D6E6F707172737475767778797A7B7C7D7E7FED
:20A38000808182838485868788898A8B8C8D8E8F909192939495969798999A9B9C9D9E9FCD
:20A3A000A0A1A2A3A4A5A6A7A8A9AAABACADAEAFB0B1B2B3B4B5B6B7B8B9BABBBCBDBEBFAD
:20A3C000C0C1C2C3C4C5C6C7C8C9CACBCCCDCECFD0D1D2D3D4D5D6D7D8D9DADBDCDDDEDF8D
:20A3E000E0E1E2E3E4E5E6E7E8E9EAEBECEDEEEFF0F1F2F3F4F5F6F7F8F9FAFBFCFDFEFF6D
:20A40000000102030405060708090A0B0C0D0E0F101112131415161718191A1B1C1D1E1F4C
:20A42000202122232425262728292A2B2C2D2E2F303132333435363738393A3B3C3D3E3F2C
:20A44000404142434445464748494A4B4C4D4E4F505152535455565758595A5B5C5D5E5F0C
:20A46000606162636465666768696A6B6C6D6E6F707172737475767778797A7B7C7D7E7FEC
:20A48000808182838485868788898A8B8C8D8E8F909192939495969798999A9B9C9D9E9FCC
:20A4A000A0A1A2A3A4A5A6A7A8A9AAABACADAEAFB0B1B2B3B4B5B6B7B8B9BABBBCBDBEBFAC
:20A4C000C0C1C2C3C4C5C6C7C8C9CACBCCCDCECFD0D1D2D3D4D5D6D7D8D9DADBDCDDDEDF8C
:20A4E000E0E1E2E3E4E5E6E7E8E9EAEBECEDEEEFF0F1F2F3F4F5F6F7F8F9FAFBFCFDFEFF6C
:20A50000000102030405060708090A0B0C0D0E0F101112131415161718191A1B1C1D1E1F4B
:20A52000202122232425262728292A2B2C2D2E2F303132333435363738393A3B3C3D3E3F2B
:20A54000404142434445464748494A4B4C4D4E4F505152535455565758595A5B5C5D5E5F0B
:20A56000606162636465666768696A6B6C6D6E6F707172737475767778797A7B7C7D7E7FEB
:20A58000808182838485868788898A8B8C8D8E8F909192939495969798999A9B9C9D9E9FCB
:20A5A000A0A1A2A3A4A5A6A7A8A9AAABACADAEAFB0B1B2B3B4B5B6B7B8B9BABBBCBDBEBFAB
:20A5C000C0C1C2C3C4C5C6C7C8C9CACBCCCDCECFD0D1D2D3D4D5D6D7D8D9DADBDCDDDEDF8B
:20A5E000E0E1E2E3E4E5E6E7E8E9EAEBECEDEEEFF0F1F2F3F4F5F6F7F8F9FAFBFCFDFEFF6B
:20A60000000102030405060708090A0B0C0D0E0F101112131415161718191A1B1C1D1E1F4A
:20A62000202122232425262728292A2B2C2D2E2F303132333435363738393A3B3C3D3E3F2A
:20A64000404142434445464748494A4B4C4D4E4F505152535455565758595A5B5C5D5E5F0A
:20A66000606162636465666768696A6B6C6D6E6F707172737475767778797A7B7C7D7E7FEA
:20A68000808182838485868788898A8B8C8D8E8F909192939495969798999A9B9C9D9E9FCA
:20A6A000A0A1A2A3A4A5A6A7A8A9AAABACADAEAFB0B1B2B3B4B5B6B7B8B9BABBBCBDBEBFAA
:20A6C000C0C1C2C3C4C5C6C7C8C9CACBCCCDCECFD0D1D2D3D4D5D6D7D8D9DADBDCDDDEDF8A
:20A6E000E0E1E2E3E4E5E6E7E8E9EAEBECEDEEEFF0F1F2F3F4F5F6F7F8F9FAFBFCFDFEFF6A
:20A70000000102030405060708090A0B0C0D0E0F101112131415161718191A1B1C1D1E1F49
:20A72000202122232425262728292A2B2C2D2E2F303132333435363738393A3B3C3D3E3F29
:20A74000404142434445464748494A4B4C4D4E4F505152535455565758595A5B5C5D5E5F09
:20A76000606162636465666768696A6B6C6D6E6F707172737475767778797A7B7C7D7E7FE9
:20A78000808182838485868788898A8B8C8D8E8F909192939495969798999A9B9C9D9E9FC9
:20A7A000A0A1A2A3A4A5A6A7A8A9AAABACADAEAFB0B1B2B3B4B5B6B7B8B9BABBBCBDBEBFA9
:20A7C000C0C1C2C3C4C5C6C7C8C9CACBCCCDCECFD0D1D2D3D4D5D6D7D8D9DADBDCDDDEDF89
:20A7E000E0E1E2E3E4E5E6E7E8E9EAEBECEDEEEFF0F1F2F3F4F5F6F7F8F9FAFBFCFDFEFF69
:20A80000000102030405060708090A0B0C0D0E0F101112131415161718191A1B1C1D1E1F48
:20A82000202122232425262728292A2B2C2D2E2F303132333435363738393A3B3C3D3E3F28
:20A84000404142434445464748494A4B4C4D4E4F505152535455565758595A5B5C5D5E5F08
:20A86000606162636465666768696A6B6C6D6E6F707172737475767778797A7B7C7D7E7FE8
:20A88000808182838485868788898A8B8C8D8E8F909192939495969798999A9B9C9D9E9FC8
:20A8A000A0A1A2A3A4A5A6A7A8A9AAABACADAEAFB0B1B2B3B4B5B6B7B8B9BABBBCBDBEBFA8
:20A8C000C0C1C2C3C4C5C6C7C8C9CACBCCCDCECFD0D1D2D3D4D5D6D7D8D9DADBDCDDDEDF88
:20A8E000E0E1E2E3E4E5E6E7E8E9EAEBECEDEEEFF0F1F2F3F4F5F6F7F8F9FAFBFCFDFEFF68
:20A90000000102030405060708090A0B0C0D0E0F101112131415161718191A1B1C1D1E1F47
:20A92000202122232425262728292A2B2C2D2E2F303132333435363738393A3B3C3D3E3F27
:20A94000404142434445464748494A4B4C4D4E4F505152535455565758595A5B5C5D5E5F07
:20A96000606162636465666768696A6B6C6D6E6F707172737475767778797A7B7C7D7E7FE7
:20A98000808182838485868788898A8B8C8D8E8F909192939495969798999A9B9C9D9E9FC7
:20A9A000A0A1A2A3A4A5A6A7A8A9AAABACADAEAFB0B1B2B3B4B5B6B7B8B9BABBBCBDBEBFA7
:20A9C000C0C1C2C3C4C5C6C7C8C9CACBCCCDCECFD0D1D2D3D4D5D6D7D8D9DADBDCDDDEDF87
:20A9E000E0E1E2E3E4E5E6E7E8E9EAEBECEDEEEFF0F1F2F3F4F5F6F7F8F9FAFBFCFDFEFF67
:20AA0000000102030405060708090A0B0C0D0E0F101112131415161718191A1B1C1D1E1F46
:20AA2000202122232425262728292A2B2C2D2E2F303132333435363738393A3B3C3D3E3F26
:20AA4000404142434445464748494A4B4C4D4E4F505152535455565758595A5B5C5D5E5F06
:20AA6000606162636465666768696A6B6C6D6E6F707172737475767778797A7B7C7D7E7FE6
:20AA8000808182838485868788898A8B8C8D8E8F909192939495969798999A9B9C9D9E9FC6
:20AAA000A0A1A2A3A4A5A6A7A8A9AAABACADAEAFB0B1B2B3B4B5B6B7B8B9BABBBCBDBEBFA6
:20AAC000C0C1C2C3C4C5C6C7C8C9CACBCCCDCECFD0D1D2D3D4D5D6D7D8D9DADBDCDDDEDF86
:20AAE000E0E1E2E3E4E5E6E7E8E9EAEBECEDEEEFF0F1F2F3F4F5F6F7F8F9FAFBFCFDFEFF66
:20AB0000000102030405060708090A0B0C0D0E0F101112131415161718191A1B1C1D1E1F45
:20AB2000202122232425262728292A2B2C2D2E2F303132333435363738393A3B3C3D3E3F25
:20AB4000404142434445464748494A4B4C4D4E4F505152535455565758595A5B5C5D5E5F05
:20AB6000606162636465666768696A6B6C6D6E6F707172737475767778797A7B7C7D7E7FE5
:20AB8000808182838485868788898A8B8C8D8E8F909192939495969798999A9B9C9D9E9FC5
:20ABA000A0A1A2A3A4A5A6A7A8A9AAABACADAEAFB0B1B2B3B4B5B6B7B8B9BABBBCBDBEBFA5
:20ABC000C0C1C2C3C4C5C6C7C8C9CACBCCCDCECFD0D1D2D3D4D5D6D7D8D9DADBDCDDDEDF85
:20ABE000E0E1E2E3E4E5E6E7E8E9EAEBECEDEEEFF0F1F2F3F4F5F6F7F8F9FAFBFCFDFEFF65
:20AC0000000102030405060708090A0B0C0D0E0F101112131415161718191A1B1C1D1E1F44
:20AC2000202122232425262728292A2B2C2D2E2F303132333435363738393A3B3C3D3E3F24
:20AC4000404142434445464748494A4B4C4D4E4F505152535455565758595A5B5C5D5E5F04
:20AC6000606162636465666768696A6B6C6D6E6F707172737475767778797A7B7C7D7E7FE4
:20AC8000808182838485868788898A8B8C8D8E8F909192939495969798999A9B9C9D9E9FC4
:20ACA000A0A1A2A3A4A5A6A7A8A9AAABACADAEAFB0B1B2B3B4B5B6B7B8B9BABBBCBDBEBFA4
:20ACC000C0C1C2C3C4C5C6C7C8C9CACBCCCDCECFD0D1D2D3D4D5D6D7D8D9DADBDCDDDEDF84
:20ACE000E0E1E2E3E4E5E6E7E8E9EAEBECEDEEEFF0F1F2F3F4F5F6F7F8F9FAFBFCFDFEFF64
:20AD0000000102030405060708090A0B0C0D0E0F101112131415161718191A1B1C1D1E1F43
:20AD2000202122232425262728292A2B2C2D2E2F303132333435363738393A3B3C3D3E3F23
:20AD4000404142434445464748494A4B4C4D4E4F505152535455565758595A5B5C5D5E5F03
:20AD6000606162636465666768696A6B6C6D6E6F707172737475767778797A7B7C7D7E7FE3
:20AD8000808182838485868788898A8B8C8D8E8F909192939495969798999A9B9C9D9E9FC3
:20ADA000A0A1A2A3A4A5A6A7A8A9AAABACADAEAFB0B1B2B3B4B5B6B7B8B9BABBBCBDBEBFA3
:20ADC000C0C1C2C3C4C5C6C7C8C9CACBCCCDCECFD0D1D2D3D4D5D6D7D8D9DADBDCDDDEDF83
:20ADE000E0E1E2E3E4E5E6E7E8E9EAEBECEDEEEFF0F1F2F3F4F5F6F7F8F9FAFBFCFDFEFF63
:20AE0000000102030405060708090A0B0C0D0E0F101112131415161718191A1B1C1D1E1F42
:20AE2000202122232425262728292A2B2C2D2E2F303132333435363738393A3B3C3D3E3F22
:20AE4000404142434445464748494A4B4C4D4E4F505152535455565758595A5B5C5D5E5F02
:20AE6000606162636465666768696A6B6C6D6E6F707172737475767778797A7B7C7D7E7FE2
:20AE8000808182838485868788898A8B8C8D8E8F909192939495969798999A9B9C9D9E9FC2
:20AEA000A0A1A2A3A4A5A6A7A8A9AAABACADAEAFB0B1B2B3B4B5B6B7B8B9BABBBCBDBEBFA2
:20AEC000C0C1C2C3C4C5C6C7C8C9CACBCCCDCECFD0D1D2D3D4D5D6D7D8D9DADBDCDDDEDF82
:20AEE000E0E1E2E3E4E5E6E7E8E9EAEBECEDEEEFF0F1F2F3F4F5F6F7F8F9FAFBFCFDFEFF62
:20AF0000000102030405060708090A0B0C0D0E0F101112131415161718191A1B1C1D1E1F41
:20AF2000202122232425262728292A2B2C2D2E2F303132333435363738393A3B3C3D3E3F21
:20AF4000404142434445464748494A4B4C4D4E4F505152535455565758595A5B5C5D5E5F01
:20AF6000606162636465666768696A6B6C6D6E6F707172737475767778797A7B7C7D7E7FE1
:20AF8000808182838485868788898A8B8C8D8E8F909192939495969798999A9B9C9D9E9FC1
:20AFA000A0A1A2A3A4A5A6A7A8A9AAABACADAEAFB0B1B2B3B4B5B6B7B8B9BABBBCBDBEBFA1
:20AFC000C0C1C2C3C4C5C6C7C8C9CACBCCCDCECFD0D1D2D3D4D5D6D7D8D9DADBDCDDDEDF81
:20AFE000E0E1E2E3E4E5E6E7E8E9EAEBECEDEEEFF0F1F2F3F4F5F6F7F8F9FAFBFCFDFEFF61
:20B00000000102030405060708090A0B0C0D0E0F101112131415161718191A1B1C1D1E1F40
:20B02000202122232425262728292A2B2C2D2E2F303132333435363738393A3B3C3D3E3F20
:20B04000404142434445464748494A4B4C4D4E4F505152535455565758595A5B5C5D5E5F00
:20B06000606162636465666768696A6B6C6D6E6F707172737475767778797A7B7C7D7E7FE0
:20B08000808182838485868788898A8B8C8D8E8F909192939495969798999A9B9C9D9E9FC0
:20B0A000A0A1A2A3A4A5A6A7A8A9AAABACADAEAFB0B1B2B3B4B5B6B7B8B9BABBBCBDBEBFA0
:20B0C000C0C1C2C3C4C5C6C7C8C9CACBCCCDCECFD0D1D2D3D4D5D6D7D8D9DADBDCDDDEDF80
:20B0E000E0E1E2E3E4E5E6E7E8E9EAEBECEDEEEFF0F1F2F3F4F5F6F7F8F9FAFBFCFDFEFF60
:20B10000000102030405060708090A0B0C0D0E0F101112131415161718191A1B1C1D1E1F3F
:20B12000202122232425262728292A2B2C2D2E2F303132333435363738393A3B3C3D3E3F1F
:20B14000404142434445464748494A4B4C4D4E4F505152535455565758595A5B5C5D5E5FFF
:20B16000606162636465666768696A6B6C6D6E6F707172737475767778797A7B7C7D7E7FDF
:20B18000808182838485868788898A8B8C8D8E8F909192939495969798999A9B9C9D9E9FBF
:20B1A000A0A1A2A3A4A5A6A7A8A9AAABACADAEAFB0B1B2B3B4B5B6B7B8B9BABBBCBDBEBF9F
:20B1C000C0C1C2C3C4C5C6C7C8C9CACBCCCDCECFD0D1D2D3D4D5D6D7D8D9DADBDCDDDEDF7F
:20B1E000E0E1E2E3E4E5E6E7E8E9EAEBECEDEEEFF0F1F2F3F4F5F6F7F8F9FAFBFCFDFEFF5F
:20B20000000102030405060708090A0B0C0D0E0F101112131415161718191A1B1C1D1E1F3E
:20B22000202122232425262728292A2B2C2D2E2F303132333435363738393A3B3C3D3E3F1E
:20B24000404142434445464748494A4B4C4D4E4F505152535455565758595A5B5C5D5E5FFE
:20B26000606162636465666768696A6B6C6D6E6F707172737475767778797A7B7C7D7E7FDE
:20B28000808182838485868788898A8B8C8D8E8F909192939495969798999A9B9C9D9E9FBE
:20B2A000A0A1A2A3A4A5A6A7A8A9AAABACADAEAFB0B1B2B3B4B5B6B7B8B9BABBBCBDBEBF9E
:20B2C000C0C1C2C3C4C5C6C7C8C9CACBCCCDCECFD0D1D2D3D4D5D6D7D8D9DADBDCDDDEDF7E
:20B2E000E0E1E2E3E4E5E6E7E8E9EAEBECEDEEEFF0F1F2F3F4F5F6F7F8F9FAFBFCFDFEFF5E
:20B30000000102030405060708090A0B0C0D0E0F101112131415161718191A1B1C1D1E1F3D
:20B32000202122232425262728292A2B2C2D2E2F303132333435363738393A3B3C3D3E3F1D
:20B34000404142434445464748494A4B4C4D4E4F505152535455565758595A5B5C5D5E5FFD
:20B36000606162636465666768696A6B6C6D6E6F707172737475767778797A7B7C7D7E7FDD
:20B38000808182838485868788898A8B8C8D8E8F909192939495969798999A9B9C9D9E9FBD
:20B3A000A0A1A2A3A4A5A6A7A8A9AAABACADAEAFB0B1B2B3B4B5B6B7B8B9BABBBCBDBEBF9D
:20B3C000C0C1C2C3C4C5C6C7C8C9CACBCCCDCECFD0D1D2D3D4D5D6D7D8D9DADBDCDDDEDF7D
:20B3E000E0E1E2E3E4E5E6E7E8E9EAEBECEDEEEFF0F1F2F3F4F5F6F7F8F9FAFBFCFDFEFF5D
:20B40000000102030405060708090A0B0C0D0E0F101112131415161718191A1B1C1D1E1F3C
:20B42000202122232425262728292A2B2C2D2E2F303132333435363738393A3B3C3D3E3F1C
:20B44000404142434445464748494A4B4C4D4E4F505152535455565758595A5B5C5D5E5FFC
:20B46000606162636465666768696A6B6C6D6E6F707172737475767778797A7B7C7D7E7FDC
:20B48000808182838485868788898A8B8C8D8E8F909192939495969798999A9B9C9D9E9FBC
:20B4A000A0A1A2A3A4A5A6A7A8A9AAABACADAEAFB0B1B2B3B4B5B6B7B8B9BABBBCBDBEBF9C
:20B4C000C0C1C2C3C4C5C6C7C8C9CACBCCCDCECFD0D1D2D3D4D5D6D7D8D9DADBDCDDDEDF7C
:20B4E000E0E1E2E3E4E5E6E7E8E9EAEBECEDEEEFF0F1F2F3F4F5F6F7F8F9FAFBFCFDFEFF5C
:20B50000000102030405060708090A0B0C0D0E0F101112131415161718191A1B1C1D1E1F3B
:20B52000202122232425262728292A2B2C2D2E2F303132333435363738393A3B3C3D3E3F1B
:20B54000404142434445464748494A4B4C4D4E4F505152535455565758595A5B5C5D5E5FFB
:20B56000606162636465666768696A6B6C6D6E6F707172737475767778797A7B7C7D7E7FDB
:20B58000808182838485868788898A8B8C8D8E8F909192939495969798999A9B9C9D9E9FBB
:20B5A000A0A1A2A3A4A5A6A7A8A9AAABACADAEAFB0B1B2B3B4B5B6B7B8B9BABBBCBDBEBF9B
:20B5C000C0C1C2C3C4C5C6C7C8C9CACBCCCDCECFD0D1D2D3D4D5D6D7D8D9DADBDCDDDEDF7B
:20B5E000E0E1E2E3E4E5E6E7E8E9EAEBECEDEEEFF0F1F2F3F4F5F6F7F8F9FAFBFCFDFEFF5B
:20B60000000102030405060708090A0B0C0D0E0F101112131415161718191A1B1C1D1E1F3A
:20B62000202122232425262728292A2B2C2D2E2F303132333435363738393A3B3C3D3E3F1A
:20B64000404142434445464748494A4B4C4D4E4F505152535455565758595A5B5C5D5E5FFA
:20B66000606162636465666768696A6B6C6D6E6F707172737475767778797A7B7C7D7E7FDA
:20B68000808182838485868788898A8B8C8D8E8F909192939495969798999A9B9C9D9E9FBA
:20B6A000A0A1A2A3A4A5A6A7A8A9AAABACADAEAFB0B1B2B3B4B5B6B7B8B9BABBBCBDBEBF9A
:20B6C000C0C1C2C3C4C5C6C7C8C9CACBCCCDCECFD0D1D2D3D4D5D6D7D8D9DADBDCDDDEDF7A
:20B6E000E0E1E2E3E4E5E6E7E8E9EAEBECEDEEEFF0F1F2F3F4F5F6F7F8F9FAFBFCFDFEFF5A
:20B70000000102030405060708090A0B0C0D0E0F101112131415161718191A1B1C1D1E1F39
:20B72000202122232425262728292A2B2C2D2E2F303132333435363738393A3B3C3D3E3F19
:20B74000404142434445464748494A4B4C4D4E4F505152535455565758595A5B5C5D5E5FF9
:20B76000606162636465666768696A6B6C6D6E6F707172737475767778797A7B7C7D7E7FD9
:20B78000808182838485868788898A8B8C8D8E8F909192939495969798999A9B9C9D9E9FB9
:20B7A000A0A1A2A3A4A5A6A7A8A9AAABACADAEAFB0B1B2B3B4B5B6B7B8B9BABBBCBDBEBF99
:20B7C000C0C1C2C3C4C5C6C7C8C9CACBCCCDCECFD0D1D2D3D4D5D6D7D8D9DADBDCDDDEDF79
:20B7E000E0E1E2E3E4E5E6E7E8E9EAEBECEDEEEFF0F1F2F3F4F5F6F7F8F9FAFBFCFDFEFF59
:20B80000000102030405060708090A0B0C0D0E0F101112131415161718191A1B1C1D1E1F38
:20B82000202122232425262728292A2B2C2D2E2F303132333435363738393A3B3C3D3E3F18
:20B84000404142434445464748494A4B4C4D4E4F505152535455565758595A5B5C5D5E5FF8
:20B86000606162636465666768696A6B6C6D6E6F707172737475767778797A7B7C7D7E7FD8
:20B88000808182838485868788898A8B8C8D8E8F909192939495969798999A9B9C9D9E9FB8
:20B8A000A0A1A2A3A4A5A6A7A8A9AAABACADAEAFB0B1B2B3B4B5B6B7B8B9BABBBCBDBEBF98
:20B8C000C0C1C2C3C4C5C6C7C8C9CACBCCCDCECFD0D1D2D3D4D5D6D7D8D9DADBDCDDDEDF78
:20B8E000E0E1E2E3E4E5E6E7E8E9EAEBECEDEEEFF0F1F2F3F4F5F6F7F8F9FAFBFCFDFEFF58
:20B90000000102030405060708090A0B0C0D0E0F101112131415161718191A1B1C1D1E1F37
:20B92000202122232425262728292A2B2C2D2E2F303132333435363738393A3B3C3D3E3F17
:20B94000404142434445464748494A4B4C4D4E4F505152535455565758595A5B5C5D5E5FF7
:20B96000606162636465666768696A6B6C6D6E6F707172737475767778797A7B7C7D7E7FD7
:20B98000808182838485868788898A8B8C8D8E8F909192939495969798999A9B9C9D9E9FB7
:20B9A000A0A1A2A3A4A5A6A7A8A9AAABACADAEAFB0B1B2B3B4B5B6B7B8B9BABBBCBDBEBF97
:20B9C000C0C1C2C3C4C5C6C7C8C9CACBCCCDCECFD0D1D2D3D4D5D6D7D8D9DADBDCDDDEDF77
:20B9E000E0E1E2E3E4E5E6E7E8E9EAEBECEDEEEFF0F1F2F3F4F5F6F7F8F9FAFBFCFDFEFF57
:20BA0000000102030405060708090A0B0C0D0E0F101112131415161718191A1B1C1D1E1F36
:20BA2000202122232425262728292A2B2C2D2E2F303132333435363738393A3B3C3D3E3F16
:20BA4000404142434445464748494A4B4C4D4E4F505152535455565758595A5B5C5D5E5FF6
:20BA6000606162636465666768696A6B6C6D6E6F707172737475767778797A7B7C7D7E7FD6
:20BA8000808182838485868788898A8B8C8D8E8F909192939495969798999A9B9C9D9E9FB6
:20BAA000A0A1A2A3A4A5A6A7A8A9AAABACADAEAFB0B1B2B3B4B5B6B7B8B9BABBBCBDBEBF96
:20BAC000C0C1C2C3C4C5C6C7C8C9CACBCCCDCECFD0D1D2D3D4D5D6D7D8D9DADBDCDDDEDF76
:20BAE000E0E1E2E3E4E5E6E7E8E9EAEBECEDEEEFF0F1F2F3F4F5F6F7F8F9FAFBFCFDFEFF56
:20BB0000000102030405060708090A0B0C0D0E0F101112131415161718191A1B1C1D1E1F35
:20BB2000202122232425262728292A2B2C2D2E2F303132333435363738393A3B3C3D3E3F15
:20BB4000404142434445464748494A4B4C4D4E4F505152535455565758595A5B5C5D5E5FF5
:20BB6000606162636465666768696A6B6C6D6E6F707172737475767778797A7B7C7D7E7FD5
:20BB8000808182838485868788898A8B8C8D8E8F909192939495969798999A9B9C9D9E9FB5
:20BBA000A0A1A2A3A4A5A6A7A8A9AAABACADAEAFB0B1B2B3B4B5B6B7B8B9BABBBCBDBEBF95
:20BBC000C0C1C2C3C4C5C6C7C8C9CACBCCCDCECFD0D1D2D3D4D5D6D7D8D9DADBDCDDDEDF75
:20BBE000E0E1E2E3E4E5E6E7E8E9EAEBECEDEEEFF0F1F2F3F4F5F6F7F8F9FAFBFCFDFEFF55
:20BC0000000102030405060708090A0B0C0D0E0F101112131415161718191A1B1C1D1E1F34
:20BC2000202122232425262728292A2B2C2D2E2F303132333435363738393A3B3C3D3E3F14
:20BC4000404142434445464748494A4B4C4D4E4F505152535455565758595A5B5C5D5E5FF4
:20BC6000606162636465666768696A6B6C6D6E6F707172737475767778797A7B7C7D7E7FD4
:20BC8000808182838485868788898A8B8C8D8E8F909192939495969798999A9B9C9D9E9FB4
:20BCA000A0A1A2A3A4A5A6A7A8A9AAABACADAEAFB0B1B2B3B4B5B6B7B8B9BABBBCBDBEBF94
:20BCC000C0C1C2C3C4C5C6C7C8C9CACBCCCDCECFD0D1D2D3D4D5D6D7D8D9DADBDCDDDEDF74
:20BCE000E0E1E2E3E4E5E6E7E8E9EAEBECEDEEEFF0F1F2F3F4F5F6F7F8F9FAFBFCFDFEFF54
:20BD0000000102030405060708090A0B0C0D0E0F101112131415161718191A1B1C1D1E1F33
:20BD2000202122232425262728292A2B2C2D2E2F303132333435363738393A3B3C3D3E3F13
:20BD4000404142434445464748494A4B4C4D4E4F505152535455565758595A5B5C5D5E5FF3
:20BD6000606162636465666768696A6B6C6D6E6F707172737475767778797A7B7C7D7E7FD3
:20BD8000808182838485868788898A8B8C8D8E8F909192939495969798999A9B9C9D9E9FB3
:20BDA000A0A1A2A3A4A5A6A7A8A9AAABACADAEAFB0B1B2B3B4B5B6B7B8B9BABBBCBDBEBF93
:20BDC000C0C1C2C3C4C5C6C7C8C9CACBCCCDCECFD0D1D2D3D4D5D6D7D8D9DADBDCDDDEDF73
:20BDE000E0E1E2E3E4E5E6E7E8E9EAEBECEDEEEFF0F1F2F3F4F5F6F7F8F9FAFBFCFDFEFF53
:20BE0000000102030405060708090A0B0C0D0E0F101112131415161718191A1B1C1D1E1F32
:20BE2000202122232425262728292A2B2C2D2E2F303132333435363738393A3B3C3D3E3F12
:20BE4000404142434445464748494A4B4C4D4E4F505152535455565758595A5B5C5D5E5FF2
:20BE6000606162636465666768696A6B6C6D6E6F707172737475767778797A7B7C7D7E7FD2
:20BE8000808182838485868788898A8B8C8D8E8F909192939495969798999A9B9C9D9E9FB2
:20BEA000A0A1A2A3A4A5A6A7A8A9AAABACADAEAFB0B1B2B3B4B5B6B7B8B9BABBBCBDBEBF92
:20BEC000C0C1C2C3C4C5C6C7C8C9CACBCCCDCECFD0D1D2D3D4D5D6D7D8D9DADBDCDDDEDF72
:20BEE000E0E1E2E3E4E5E6E7E8E9EAEBECEDEEEFF0F1F2F3F4F5F6F7F8F9FAFBFCFDFEFF52
:20BF0000000102030405060708090A0B0C0D0E0F101112131415161718191A1B1C1D1E1F31
:20BF2000202122232425262728292A2B2C2D2E2F303132333435363738393A3B3C3D3E3F11
:20BF4000404142434445464748494A4B4C4D4E4F505152535455565758595A5B5C5D5E5FF1
:20BF6000606162636465666768696A6B6C6D6E6F707172737475767778797A7B7C7D7E7FD1
:20BF8000808182838485868788898A8B8C8D8E8F909192939495969798999A9B9C9D9E9FB1
:20BFA000A0A1A2A3A4A5A6A7A8A9AAABACADAEAFB0B1B2B3B4B5B6B7B8B9BABBBCBDBEBF91
:20BFC000C0C1C2C3C4C5C6C7C8C9CACBCCCDCECFD0D1D2D3D4D5D6D7D8D9DADBDCDDDEDF71
:20BFE000E0E1E2E3E4E5E6E7E8E9EAEBECEDEEEFF0F1F2F3F4F5F6F7F8F9FAFBFCFDFEFF51
:20C00000000102030405060708090A0B0C0D0E0F101112131415161718191A1B1C1D1E1F30
:20C02000202122232425262728292A2B2C2D2E2F303132333435363738393A3B3C3D3E3F10
:20C04000404142434445464748494A4B4C4D4E4F505152535455565758595A5B5C5D5E5FF0
:20C06000606162636465666768696A6B6C6D6E6F707172737475767778797A7B7C7D7E7FD0
:20C08000808182838485868788898A8B8C8D8E8F909192939495969798999A9B9C9D9E9FB0
:20C0A000A0A1A2A3A4A5A6A7A8A9AAABACADAEAFB0B1B2B3B4B5B6B7B8B9BABBBCBDBEBF90
:20C0C000C0C1C2C3C4C5C6C7C8C9CACBCCCDCECFD0D1D2D3D4D5D6D7D8D9DADBDCDDDEDF70
:20C0E000E0E1E2E3E4E5E6E7E8E9EAEBECEDEEEFF0F1F2F3F4F5F6F7F8F9FAFBFCFDFEFF50
:20C10000000102030405060708090A0B0C0D0E0F101112131415161718191A1B1C1D1E1F2F
:20C12000202122232425262728292A2B2C2D2E2F303132333435363738393A3B3C3D3E3F0F
:20C14000404142434445464748494A4B4C4D4E4F505152535455565758595A5B5C5D5E5FEF
:20C16000606162636465666768696A6B6C6D6E6F707172737475767778797A7B7C7D7E7FCF
:20C18000808182838485868788898A8B8C8D8E8F909192939495969798999A9B9C9D9E9FAF
:20C1A000A0A1A2A3A4A5A6A7A8A9AAABACADAEAFB0B1B2B3B4B5B6B7B8B9BABBBCBDBEBF8F
:20C1C000C0C1C2C3C4C5C6C7C8C9CACBCCCDCECFD0D1D2D3D4D5D6D7D8D9DADBDCDDDEDF6F
:20C1E000E0E1E2E3E4E5E6E7E8E9EAEBECEDEEEFF0F1F2F3F4F5F6F7F8F9FAFBFCFDFEFF4F
:20C20000000102030405060708090A0B0C0D0E0F101112131415161718191A1B1C1D1E1F2E
:20C22000202122232425262728292A2B2C2D2E2F303132333435363738393A3B3C3D3E3F0E
:20C24000404142434445464748494A4B4C4D4E4F505152535455565758595A5B5C5D5E5FEE
:20C26000606162636465666768696A6B6C6D6E6F707172737475767778797A7B7C7D7E7FCE
:20C28000808182838485868788898A8B8C8D8E8F909192939495969798999A9B9C9D9E9FAE
:20C2A000A0A1A2A3A4A5A6A7A8A9AAABACADAEAFB0B1B2B3B4B5B6B7B8B9BABBBCBDBEBF8E
:20C2C000C0C1C2C3C4C5C6C7C8C9CACBCCCDCECFD0D1D2D3D4D5D6D7D8D9DADBDCDDDEDF6E
:20C2E000E0E1E2E3E4E5E6E7E8E9EAEBECEDEEEFF0F1F2F3F4F5F6F7F8F9FAFBFCFDFEFF4E
:20C30000000102030405060708090A0B0C0D0E0F101112131415161718191A1B1C1D1E1F2D
:20C32000202122232425262728292A2B2C2D2E2F303132333435363738393A3B3C3D3E3F0D
:20C34000404142434445464748494A4B4C4D4E4F505152535455565758595A5B5C5D5E5FED
:20C36000606162636465666768696A6B6C6D6E6F707172737475767778797A7B7C7D7E7FCD
:20C38000808182838485868788898A8B8C8D8E8F909192939495969798999A9B9C9D9E9FAD
:20C3A000A0A1A2A3A4A5A6A7A8A9AAABACADAEAFB0B1B2B3B4B5B6B7B8B9BABBBCBDBEBF8D
:20C3C000C0C1C2C3C4C5C6C7C8C9CACBCCCDCECFD0D1D2D3D4D5D6D7D8D9DADBDCDDDEDF6D
:20C3E000E0E1E2E3E4E5E6E7E8E9EAEBECEDEEEFF0F1F2F3F4F5F6F7F8F9FAFBFCFDFEFF4D
:20C40000000102030405060708090A0B0C0D0E0F101112131415161718191A1B1C1D1E1F2C
:20C42000202122232425262728292A2B2C2D2E2F303132333435363738393A3B3C3D3E3F0C
:20C44000404142434445464748494A4B4C4D4E4F505152535455565758595A5B5C5D5E5FEC
:20C46000606162636465666768696A6B6C6D6E6F707172737475767778797A7B7C7D7E7FCC
:20C48000808182838485868788898A8B8C8D8E8F909192939495969798999A9B9C9D9E9FAC
:20C4A000A0A1A2A3A4A5A6A7A8A9AAABACADAEAFB0B1B2B3B4B5B6B7B8B9BABBBCBDBEBF8C
:20C4C000C0C1C2C3C4C5C6C7C8C9CACBCCCDCECFD0D1D2D3D4D5D6D7D8D9DADBDCDDDEDF6C
:20C4E000E0E1E2E3E4E5E6E7E8E9EAEBECEDEEEFF0F1F2F3F4F5F6F7F8F9FAFBFCFDFEFF4C
:20C50000000102030405060708090A0B0C0D0E0F101112131415161718191A1B1C1D1E1F2B
:20C52000202122232425262728292A2B2C2D2E2F303132333435363738393A3B3C3D3E3F0B
:20C54000404142434445464748494A4B4C4D4E4F505152535455565758595A5B5C5D5E5FEB
:20C56000606162636465666768696A6B6C6D6E6F707172737475767778797A7B7C7D7E7FCB
:20C58000808182838485868788898A8B8C8D8E8F909192939495969798999A9B9C9D9E9FAB
:20C5A000A0A1A2A3A4A5A6A7A8A9AAABACADAEAFB0B1B2B3B4B5B6B7B8B9BABBBCBDBEBF8B
:20C5C000C0C1C2C3C4C5C6C7C8C9CACBCCCDCECFD0D1D2D3D4D5D6D7D8D9DADBDCDDDEDF6B
:20C5E000E0E1E2E3E4E5E6E7E8E9EAEBECEDEEEFF0F1F2F3F4F5F6F7F8F9FAFBFCFDFEFF4B
:20C60000000102030405060708090A0B0C0D0E0F101112131415161718191A1B1C1D1E1F2A
:20C62000202122232425262728292A2B2C2D2E2F303132333435363738393A3B3C3D3E3F0A
:20C64000404142434445464748494A4B4C4D4E4F505152535455565758595A5B5C5D5E5FEA
:20C66000606162636465666768696A6B6C6D6E6F707172737475767778797A7B7C7D7E7FCA
:20C68000808182838485868788898A8B8C8D8E8F909192939495969798999A9B9C9D9E9FAA
:20C6A000A0A1A2A3A4A5A6A7A8A9AAABACADAEAFB0B1B2B3B4B5B6B7B8B9BABBBCBDBEBF8A
:20C6C000C0C1C2C3C4C5C6C7C8C9CACBCCCDCECFD0D1D2D3D4D5D6D7D8D9DADBDCDDDEDF6A
:20C6E000E0E1E2E3E4E5E6E7E8E9EAEBECEDEEEFF0F1F2F3F4F5F6F7F8F9FAFBFCFDFEFF4A
:20C70000000102030405060708090A0B0C0D0E0F101112131415161718191A1B1C1D1E1F29
:20C72000202122232425262728292A2B2C2D2E2F303132333435363738393A3B3C3D3E3F09
:20C74000404142434445464748494A4B4C4D4E4F505152535455565758595A5B5C5D5E5FE9
:20C76000606162636465666768696A6B6C6D6E6F707172737475767778797A7B7C7D7E7FC9
:20C78000808182838485868788898A8B8C8D8E8F909192939495969798999A9B9C9D9E9FA9
:20C7A000A0A1A2A3A4A5A6A7A8A9AAABACADAEAFB0B1B2B3B4B5B6B7B8B9BABBBCBDBEBF89
:20C7C000C0C1C2C3C4C5C6C7C8C9CACBCCCDCECFD0D1D2D3D4D5D6D7D8D9DADBDCDDDEDF69
:20C7E000E0E1E2E3E4E5E6E7E8E9EAEBECEDEEEFF0F1F2F3F4F5F6F7F8F9FAFBFCFDFEFF49
:20C80000000102030405060708090A0B0C0D0E0F101112131415161718191A1B1C1D1E1F28
:20C82000202122232425262728292A2B2C2D2E2F303132333435363738393A3B3C3D3E3F08
:20C84000404142434445464748494A4B4C4D4E4F505152535455565758595A5B5C5D5E5FE8
:20C86000606162636465666768696A6B6C6D6E6F707172737475767778797A7B7C7D7E7FC8
:20C88000808182838485868788898A8B8C8D8E8F909192939495969798999A9B9C9D9E9FA8
:20C8A000A0A1A2A3A4A5A6A7A8A9AAABACADAEAFB0B1B2B3B4B5B6B7B8B9BABBBCBDBEBF88
:20C8C000C0C1C2C3C4C5C6C7C8C9CACBCCCDCECFD0D1D2D3D4D5D6D7D8D9DADBDCDDDEDF68
:20C8E000E0E1E2E3E4E5E6E7E8E9EAEBECEDEEEFF0F1F2F3F4F5F6F7F8F9FAFBFCFDFEFF48
:20C90000000102030405060708090A0B0C0D0E0F101112131415161718191A1B1C1D1E1F27
:20C92000202122232425262728292A2B2C2D2E2F303132333435363738393A3B3C3D3E3F07
:20C94000404142434445464748494A4B4C4D4E4F505152535455565758595A5B5C5D5E5FE7
:20C96000606162636465666768696A6B6C6D6E6F707172737475767778797A7B7C7D7E7FC7
:20C98000808182838485868788898A8B8C8D8E8F909192939495969798999A9B9C9D9E9FA7
:20C9A000A0A1A2A3A4A5A6A7A8A9AAABACADAEAFB0B1B2B3B4B5B6B7B8B9BABBBCBDBEBF87
:20C9C000C0C1C2C3C4C5C6C7C8C9CACBCCCDCECFD0D1D2D3D4D5D6D7D8D9DADBDCDDDEDF67
:20C9E000E0E1E2E3E4E5E6E7E8E9EAEBECEDEEEFF0F1F2F3F4F5F6F7F8F9FAFBFCFDFEFF47
:20CA0000000102030405060708090A0B0C0D0E0F101112131415161718191A1B1C1D1E1F26
:20CA2000202122232425262728292A2B2C2D2E2F303132333435363738393A3B3C3D3E3F06
:20CA4000404142434445464748494A4B4C4D4E4F505152535455565758595A5B5C5D5E5FE6
:20CA6000606162636465666768696A6B6C6D6E6F707172737475767778797A7B7C7D7E7FC6
:20CA8000808182838485868788898A8B8C8D8E8F909192939495969798999A9B9C9D9E9FA6
:20CAA000A0A1A2A3A4A5A6A7A8A9AAABACADAEAFB0B1B2B3B4B5B6B7B8B9BABBBCBDBEBF86
:20CAC000C0C1C2C3C4C5C6C7C8C9CACBCCCDCECFD0D1D2D3D4D5D6D7D8D9DADBDCDDDEDF66
:20CAE000E0E1E2E3E4E5E6E7E8E9EAEBECEDEEEFF0F1F2F3F4F5F6F7F8F9FAFBFCFDFEFF46
:20CB0000000102030405060708090A0B0C0D0E0F101112131415161718191A1B1C1D1E1F25
:20CB2000202122232425262728292A2B2C2D2E2F303132333435363738393A3B3C3D3E3F05
:20CB4000404142434445464748494A4B4C4D4E4F505152535455565758595A5B5C5D5E5FE5
:20CB6000606162636465666768696A6B6C6D6E6F707172737475767778797A7B7C7D7E7FC5
:20CB8000808182838485868788898A8B8C8D8E8F909192939495969798999A9B9C9D9E9FA5
:20CBA000A0A1A2A3A4A5A6A7A8A9AAABACADAEAFB0B1B2B3B4B5B6B7B8B9BABBBCBDBEBF85
:20CBC000C0C1C2C3C4C5C6C7C8C9CACBCCCDCECFD0D1D2D3D4D5D6D7D8D9DADBDCDDDEDF65
:20CBE000E0E1E2E3E4E5E6E7E8E9EAEBECEDEEEFF0F1F2F3F4F5F6F7F8F9FAFBFCFDFEFF45
:20CC0000000102030405060708090A0B0C0D0E0F101112131415161718191A1B1C1D1E1F24
:20CC2000202122232425262728292A2B2C2D2E2F303132333435363738393A3B3C3D3E3F04
:20CC4000404142434445464748494A4B4C4D4E4F505152535455565758595A5B5C5D5E5FE4
:20CC6000606162636465666768696A6B6C6D6E6F707172737475767778797A7B7C7D7E7FC4
:20CC8000808182838485868788898A8B8C8D8E8F909192939495969798999A9B9C9D9E9FA4
:20CCA000A0A1A2A3A4A5A6A7A8A9AAABACADAEAFB0B1B2B3B4B5B6B7B8B9BABBBCBDBEBF84
:20CCC000C0C1C2C3C4C5C6C7C8C9CACBCCCDCECFD0D1D2D3D4D5D6D7D8D9DADBDCDDDEDF64
:20CCE000E0E1E2E3E4E5E6E7E8E9EAEBECEDEEEFF0F1F2F3F4F5F6F7F8F9FAFBFCFDFEFF44
:20CD0000000102030405060708090A0B0C0D0E0F101112131415161718191A1B1C1D1E1F23
:20CD2000202122232425262728292A2B2C2D2E2F303132333435363738393A3B3C3D3E3F03
:20CD4000404142434445464748494A4B4C4D4E4F505152535455565758595A5B5C5D5E5FE3
:20CD6000606162636465666768696A6B6C6D6E6F707172737475767778797A7B7C7D7E7FC3
:20CD8000808182838485868788898A8B8C8D8E8F909192939495969798999A9B9C9D9E9FA3
:20CDA000A0A1A2A3A4A5A6A7A8A9AAABACADAEAFB0B1B2B3B4B5B6B7B8B9BABBBCBDBEBF83
:20CDC000C0C1C2C3C4C5C6C7C8C9CACBCCCDCECFD0D1D2D3D4D5D6D7D8D9DADBDCDDDEDF63
:20CDE000E0E1E2E3E4E5E6E7E8E9EAEBECEDEEEFF0F1F2F3F4F5F6F7F8F9FAFBFCFDFEFF43
:20CE0000000102030405060708090A0B0C0D0E0F101112131415161718191A1B1C1D1E1F22
:20CE2000202122232425262728292A2B2C2D2E2F303132333435363738393A3B3C3D3E3F02
:20CE4000404142434445464748494A4B4C4D4E4F505152535455565758595A5B5C5D5E5FE2
:20CE6000606162636465666768696A6B6C6D6E6F707172737475767778797A7B7C7D7E7FC2
:20CE8000808182838485868788898A8B8C8D8E8F909192939495969798999A9B9C9D9E9FA2
:20CEA000A0A1A2A3A4A5A6A7A8A9AAABACADAEAFB0B1B2B3B4B5B6B7B8B9BABBBCBDBEBF82
:20CEC000C0C1C2C3C4C5C6C7C8C9CACBCCCDCECFD0D1D2D3D4D5D6D7D8D9DADBDCDDDEDF62
:20CEE000E0E1E2E3E4E5E6E7E8E9EAEBECEDEEEFF0F1F2F3F4F5F6F7F8F9FAFBFCFDFEFF42
:20CF0000000102030405060708090A0B0C0D0E0F101112131415161718191A1B1C1D1E1F21
:20CF2000202122232425262728292A2B2C2D2E2F303132333435363738393A3B3C3D3E3F01
:20CF4000404142434445464748494A4B4C4D4E4F505152535455565758595A5B5C5D5E5FE1
:20CF6000606162636465666768696A6B6C6D6E6F707172737475767778797A7B7C7D7E7FC1
:20CF8000808182838485868788898A8B8C8D8E8F909192939495969798999A9B9C9D9E9FA1
:20CFA000A0A1A2A3A4A5A6A7A8A9AAABACADAEAFB0B1B2B3B4B5B6B7B8B9BABBBCBDBEBF81
:20CFC000C0C1C2C3C4C5C6C7C8C9CACBCCCDCECFD0D1D2D3D4D5D6D7D8D9DADBDCDDDEDF61
:20CFE000E0E1E2E3E4E5E6E7E8E9EAEBECEDEEEFF0F1F2F3F4F5F6F7F8F9FAFBFCFDFEFF41
:20D00000000102030405060708090A0B0C0D0E0F101112131415161718191A1B1C1D1E1F20
:20D02000202122232425262728292A2B2C2D2E2F303132333435363738393A3B3C3D3E3F00
:20D04000404142434445464748494A4B4C4D4E4F505152535455565758595A5B5C5D5E5FE0
:20D06000606162636465666768696A6B6C6D6E6F707172737475767778797A7B7C7D7E7FC0
:20D08000808182838485868788898A8B8C8D8E8F909192939495969798999A9B9C9D9E9FA0
:20D0A000A0A1A2A3A4A5A6A7A8A9AAABACADAEAFB0B1B2B3B4B5B6B7B8B9BABBBCBDBEBF80
:20D0C000C0C1C2C3C4C5C6C7C8C9CACBCCCDCECFD0D1D2D3D4D5D6D7D8D9DADBDCDDDEDF60
:20D0E000E0E1E2E3E4E5E6E7E8E9EAEBECEDEEEFF0F1F2F3F4F5F6F7F8F9FAFBFCFDFEFF40
:20D10000000102030405060708090A0B0C0D0E0F101112131415161718191A1B1C1D1E1F1F
:20D12000202122232425262728292A2B2C2D2E2F303132333435363738393A3B3C3D3E3FFF
:20D14000404142434445464748494A4B4C4D4E4F505152535455565758595A5B5C5D5E5FDF
:20D16000606162636465666768696A6B6C6D6E6F707172737475767778797A7B7C7D7E7FBF
:20D18000808182838485868788898A8B8C8D8E8F909192939495969798999A9B9C9D9E9F9F
:20D1A000A0A1A2A3A4A5A6A7A8A9AAABACADAEAFB0B1B2B3B4B5B6B7B8B9BABBBCBDBEBF7F
:20D1C000C0C1C2C3C4C5C6C7C8C9CACBCCCDCECFD0D1D2D3D4D5D6D7D8D9DADBDCDDDEDF5F
:20D1E000E0E1E2E3E4E5E6E7E8E9EAEBECEDEEEFF0F1F2F3F4F5F6F7F8F9FAFBFCFDFEFF3F
:20D20000000102030405060708090A0B0C0D0E0F101112131415161718191A1B1C1D1E1F1E
:20D22000202122232425262728292A2B2C2D2E2F303132333435363738393A3B3C3D3E3FFE
:20D24000404142434445464748494A4B4C4D4E4F505152535455565758595A5B5C5D5E5FDE
:20D26000606162636465666768696A6B6C6D6E6F707172737475767778797A7B7C7D7E7FBE
:20D28000808182838485868788898A8B8C8D8E8F909192939495969798999A9B9C9D9E9F9E
:20D2A000A0A1A2A3A4A5A6A7A8A9AAABACADAEAFB0B1B2B3B4B5B6B7B8B9BABBBCBDBEBF7E
:20D2C000C0C1C2C3C4C5C6C7C8C9CACBCCCDCECFD0D1D2D3D4D5D6D7D8D9DADBDCDDDEDF5E
:20D2E000E0E1E2E3E4E5E6E7E8E9EAEBECEDEEEFF0F1F2F3F4F5F6F7F8F9FAFBFCFDFEFF3E
:20D30000000102030405060708090A0B0C0D0E0F101112131415161718191A1B1C1D1E1F1D
:20D32000202122232425262728292A2B2C2D2E2F303132333435363738393A3B3C3D3E3FFD
:20D34000404142434445464748494A4B4C4D4E4F505152535455565758595A5B5C5D5E5FDD
:20D36000606162636465666768696A6B6C6D6E6F707172737475767778797A7B7C7D7E7FBD
:20D38000808182838485868788898A8B8C8D8E8F909192939495969798999A9B9C9D9E9F9D
:20D3A000A0A1A2A3A4A5A6A7A8A9AAABACADAEAFB0B1B2B3B4B5B6B7B8B9BABBBCBDBEBF7D
:20D3C000C0C1C2C3C4C5C6C7C8C9CACBCCCDCECFD0D1D2D3D4D5D6D7D8D9DADBDCDDDEDF5D
:20D3E000E0E1E2E3E4E5E6E7E8E9EAEBECEDEEEFF0F1F2F3F4F5F6F7F8F9FAFBFCFDFEFF3D
:20D40000000102030405060708090A0B0C0D0E0F101112131415161718191A1B1C1D1E1F1C
:20D42000202122232425262728292A2B2C2D2E2F303132333435363738393A3B3C3D3E3FFC
:20D44000404142434445464748494A4B4C4D4E4F505152535455565758595A5B5C5D5E5FDC
:20D46000606162636465666768696A6B6C6D6E6F707172737475767778797A7B7C7D7E7FBC
:20D48000808182838485868788898A8B8C8D8E8F909192939495969798999A9B9C9D9E9F9C
:20D4A000A0A1A2A3A4A5A6A7A8A9AAABACADAEAFB0B1B2B3B4B5B6B7B8B9BABBBCBDBEBF7C
:20D4C000C0C1C2C3C4C5C6C7C8C9CACBCCCDCECFD0D1D2D3D4D5D6D7D8D9DADBDCDDDEDF5C
:20D4E000E0E1E2E3E4E5E6E7E8E9EAEBECEDEEEFF0F1F2F3F4F5F6F7F8F9FAFBFCFDFEFF3C
:20D50000000102030405060708090A0B0C0D0E0F101112131415161718191A1B1C1D1E1F1B
:20D52000202122232425262728292A2B2C2D2E2F303132333435363738393A3B3C3D3E3FFB
:20D54000404142434445464748494A4B4C4D4E4F505152535455565758595A5B5C5D5E5FDB
:20D56000606162636465666768696A6B6C6D6E6F707172737475767778797A7B7C7D7E7FBB
:20D58000808182838485868788898A8B8C8D8E8F909192939495969798999A9B9C9D9E9F9B
:20D5A000A0A1A2A3A4A5A6A7A8A9AAABACADAEAFB0B1B2B3B4B5B6B7B8B9BABBBCBDBEBF7B
:20D5C000C0C1C2C3C4C5C6C7C8C9CACBCCCDCECFD0D1D2D3D4D5D6D7D8D9DADBDCDDDEDF5B
:20D5E000E0E1E2E3E4E5E6E7E8E9EAEBECEDEEEFF0F1F2F3F4F5F6F7F8F9FAFBFCFDFEFF3B
:20D60000000102030405060708090A0B0C0D0E0F101112131415161718191A1B1C1D1E1F1A
:20D62000202122232425262728292A2B2C2D2E2F303132333435363738393A3B3C3D3E3FFA
:20D64000404142434445464748494A4B4C4D4E4F505152535455565758595A5B5C5D5E5FDA
:20D66000606162636465666768696A6B6C6D6E6F707172737475767778797A7B7C7D7E7FBA
:20D68000808182838485868788898A8B8C8D8E8F909192939495969798999A9B9C9D9E9F9A
:20D6A000A0A1A2A3A4A5A6A7A8A9AAABACADAEAFB0B1B2B3B4B5B6B7B8B9BABBBCBDBEBF7A
:20D6C000C0C1C2C3C4C5C6C7C8C9CACBCCCDCECFD0D1D2D3D4D5D6D7D8D9DADBDCDDDEDF5A
:20D6E000E0E1E2E3E4E5E6E7E8E9EAEBECEDEEEFF0F1F2F3F4F5F6F7F8F9FAFBFCFDFEFF3A
:20D70000000102030405060708090A0B0C0D0E0F101112131415161718191A1B1C1D1E1F19
:20D72000202122232425262728292A2B2C2D2E2F303132333435363738393A3B3C3D3E3FF9
:20D74000404142434445464748494A4B4C4D4E4F505152535455565758595A5B5C5D5E5FD9
:20D76000606162636465666768696A6B6C6D6E6F707172737475767778797A7B7C7D7E7FB9
:20D78000808182838485868788898A8B8C8D8E8F909192939495969798999A9B9C9D9E9F99
:20D7A000A0A1A2A3A4A5A6A7A8A9AAABACADAEAFB0B1B2B3B4B5B6B7B8B9BABBBCBDBEBF79
:20D7C000C0C1C2C3C4C5C6C7C8C9CACBCCCDCECFD0D1D2D3D4D5D6D7D8D9DADBDCDDDEDF59
:20D7E000E0E1E2E3E4E5E6E7E8E9EAEBECEDEEEFF0F1F2F3F4F5F6F7F8F9FAFBFCFDFEFF39
:20D80000000102030405060708090A0B0C0D0E0F101112131415161718191A1B1C1D1E1F18
:20D82000202122232425262728292A2B2C2D2E2F303132333435363738393A3B3C3D3E3FF8
:20D84000404142434445464748494A4B4C4D4E4F505152535455565758595A5B5C5D5E5FD8
:20D86000606162636465666768696A6B6C6D6E6F707172737475767778797A7B7C7D7E7FB8
:20D88000808182838485868788898A8B8C8D8E8F909192939495969798999A9B9C9D9E9F98
:20D8A000A0A1A2A3A4A5A6A7A8A9AAABACADAEAFB0B1B2B3B4B5B6B7B8B9BABBBCBDBEBF78
:20D8C000C0C1C2C3C4C5C6C7C8C9CACBCCCDCECFD0D1D2D3D4D5D6D7D8D9DADBDCDDDEDF58
:20D8E000E0E1E2E3E4E5E6E7E8E9EAEBECEDEEEFF0F1F2F3F4F5F6F7F8F9FAFBFCFDFEFF38
:20D90000000102030405060708090A0B0C0D0E0F101112131415161718191A1B1C1D1E1F17
:20D92000202122232425262728292A2B2C2D2E2F303132333435363738393A3B3C3D3E3FF7
:20D94000404142434445464748494A4B4C4D4E4F505152535455565758595A5B5C5D5E5FD7
:20D96000606162636465666768696A6B6C6D6E6F707172737475767778797A7B7C7D7E7FB7
:20D98000808182838485868788898A8B8C8D8E8F909192939495969798999A9B9C9D9E9F97
:20D9A000A0A1A2A3A4A5A6A7A8A9AAABACADAEAFB0B1B2B3B4B5B6B7B8B9BABBBCBDBEBF77
:20D9C000C0C1C2C3C4C5C6C7C8C9CACBCCCDCECFD0D1D2D3D4D5D6D7D8D9DADBDCDDDEDF57
:20D9E000E0E1E2E3E4E5E6E7E8E9EAEBECEDEEEFF0F1F2F3F4F5F6F7F8F9FAFBFCFDFEFF37
:20DA0000000102030405060708090A0B0C0D0E0F101112131415161718191A1B1C1D1E1F16
:20DA2000202122232425262728292A2B2C2D2E2F303132333435363738393A3B3C3D3E3FF6
:20DA4000404142434445464748494A4B4C4D4E4F505152535455565758595A5B5C5D5E5FD6
:20DA6000606162636465666768696A6B6C6D6E6F707172737475767778797A7B7C7D7E7FB6
:20DA8000808182838485868788898A8B8C8D8E8F909192939495969798999A9B9C9D9E9F96
:20DAA000A0A1A2A3A4A5A6A7A8A9AAABACADAEAFB0B1B2B3B4B5B6B7B8B9BABBBCBDBEBF76
:20DAC000C0C1C2C3C4C5C6C7C8C9CACBCCCDCECFD0D1D2D3D4D5D6D7D8D9DADBDCDDDEDF56
:20DAE000E0E1E2E3E4E5E6E7E8E9EAEBECEDEEEFF0F1F2F3F4F5F6F7F8F9FAFBFCFDFEFF36
:20DB0000000102030405060708090A0B0C0D0E0F101112131415161718191A1B1C1D1E1F15
:20DB2000202122232425262728292A2B2C2D2E2F303132333435363738393A3B3C3D3E3FF5
:20DB4000404142434445464748494A4B4C4D4E4F505152535455565758595A5B5C5D5E5FD5
:20DB6000606162636465666768696A6B6C6D6E6F707172737475767778797A7B7C7D7E7FB5
:20DB8000808182838485868788898A8B8C8D8E8F909192939495969798999A9B9C9D9E9F95
:20DBA000A0A1A2A3A4A5A6A7A8A9AAABACADAEAFB0B1B2B3B4B5B6B7B8B9BABBBCBDBEBF75
:20DBC000C0C1C2C3C4C5C6C7C8C9CACBCCCDCECFD0D1D2D3D4D5D6D7D8D9DADBDCDDDEDF55
:20DBE000E0E1E2E3E4E5E6E7E8E9EAEBECEDEEEFF0F1F2F3F4F5F6F7F8F9FAFBFCFDFEFF35
:20DC0000000102030405060708090A0B0C0D0E0F101112131415161718191A1B1C1D1E1F14
:20DC2000202122232425262728292A2B2C2D2E2F303132333435363738393A3B3C3D3E3FF4
:20DC4000404142434445464748494A4B4C4D4E4F505152535455565758595A5B5C5D5E5FD4
:20DC6000606162636465666768696A6B6C6D6E6F707172737475767778797A7B7C7D7E7FB4
:20DC8000808182838485868788898A8B8C8D8E8F909192939495969798999A9B9C9D9E9F94
:20DCA000A0A1A2A3A4A5A6A7A8A9AAABACADAEAFB0B1B2B3B4B5B6B7B8B9BABBBCBDBEBF74
:20DCC000C0C1C2C3C4C5C6C7C8C9CACBCCCDCECFD0D1D2D3D4D5D6D7D8D9DADBDCDDDEDF54
:20DCE000E0E1E2E3E4E5E6E7E8E9EAEBECEDEEEFF0F1F2F3F4F5F6F7F8F9FAFBFCFDFEFF34
:20DD0000000102030405060708090A0B0C0D0E0F101112131415161718191A1B1C1D1E1F13
:20DD2000202122232425262728292A2B2C2D2E2F303132333435363738393A3B3C3D3E3FF3
:20DD4000404142434445464748494A4B4C4D4E4F505152535455565758595A5B5C5D5E5FD3
:20DD6000606162636465666768696A6B6C6D6E6F707172737475767778797A7B7C7D7E7FB3
:20DD8000808182838485868788898A8B8C8D8E8F909192939495969798999A9B9C9D9E9F93
:20DDA000A0A1A2A3A4A5A6A7A8A9AAABACADAEAFB0B1B2B3B4B5B6B7B8B9BABBBCBDBEBF73
:20DDC000C0C1C2C3C4C5C6C7C8C9CACBCCCDCECFD0D1D2D3D4D5D6D7D8D9DADBDCDDDEDF53
:20DDE000E0E1E2E3E4E5E6E7E8E9EAEBECEDEEEFF0F1F2F3F4F5F6F7F8F9FAFBFCFDFEFF33
:20DE0000000102030405060708090A0B0C0D0E0F101112131415161718191A1B1C1D1E1F12
:20DE2000202122232425262728292A2B2C2D2E2F303132333435363738393A3B3C3D3E3FF2
:20DE4000404142434445464748494A4B4C4D4E4F505152535455565758595A5B5C5D5E5FD2
:20DE6000606162636465666768696A6B6C6D6E6F707172737475767778797A7B7C7D7E7FB2
:20DE8000808182838485868788898A8B8C8D8E8F909192939495969798999A9B9C9D9E9F92
:20DEA000A0A1A2A3A4A5A6A7A8A9AAABACADAEAFB0B1B2B3B4B5B6B7B8B9BABBBCBDBEBF72
:20DEC000C0C1C2C3C4C5C6C7C8C9CACBCCCDCECFD0D1D2D3D4D5D6D7D8D9DADBDCDDDEDF52
:20DEE000E0E1E2E3E4E5E6E7E8E9EAEBECEDEEEFF0F1F2F3F4F5F6F7F8F9FAFBFCFDFEFF32
:20DF0000000102030405060708090A0B0C0D0E0F101112131415161718191A1B1C1D1E1F11
:20DF2000202122232425262728292A2B2C2D2E2F303132333435363738393A3B3C3D3E3FF1
:20DF4000404142434445464748494A4B4C4D4E4F505152535455565758595A5B5C5D5E5FD1
:20DF6000606162636465666768696A6B6C6D6E6F707172737475767778797A7B7C7D7E7FB1
:20DF8000808182838485868788898A8B8C8D8E8F909192939495969798999A9B9C9D9E9F91
:20DFA000A0A1A2A3A4A5A6A7A8A9AAABACADAEAFB0B1B2B3B4B5B6B7B8B9BABBBCBDBEBF71
:20DFC000C0C1C2C3C4C5C6C7C8C9CACBCCCDCECFD0D1D2D3D4D5D6D7D8D9DADBDCDDDEDF51
:20DFE000E0E1E2E3E4E5E6E7E8E9EAEBECEDEEEFF0F1F2F3F4F5F6F7F8F9FAFBFCFDFEFF31
:20E00000000102030405060708090A0B0C0D0E0F101112131415161718191A1B1C1D1E1F10
:20E02000202122232425262728292A2B2C2D2E2F303132333435363738393A3B3C3D3E3FF0
:20E04000404142434445464748494A4B4C4D4E4F505152535455565758595A5B5C5D5E5FD0
:20E06000606162636465666768696A6B6C6D6E6F707172737475767778797A7B7C7D7E7FB0
:20E08000808182838485868788898A8B8C8D8E8F909192939495969798999A9B9C9D9E9F90
:20E0A000A0A1A2A3A4A5A6A7A8A9AAABACADAEAFB0B1B2B3B4B5B6B7B8B9BABBBCBDBEBF70
:20E0C000C0C1C2C3C4C5C6C7C8C9CACBCCCDCECFD0D1D2D3D4D5D6D7D8D9DADBDCDDDEDF50
:20E0E000E0E1E2E3E4E5E6E7E8E9EAEBECEDEEEFF0F1F2F3F4F5F6F7F8F9FAFBFCFDFEFF30
:20E10000000102030405060708090A0B0C0D0E0F101112131415161718191A1B1C1D1E1F0F
:20E12000202122232425262728292A2B2C2D2E2F303132333435363738393A3B3C3D3E3FEF
:20E14000404142434445464748494A4B4C4D4E4F505152535455565758595A5B5C5D5E5FCF
:20E16000606162636465666768696A6B6C6D6E6F707172737475767778797A7B7C7D7E7FAF
:20E18000808182838485868788898A8B8C8D8E8F909192939495969798999A9B9C9D9E9F8F
:20E1A000A0A1A2A3A4A5A6A7A8A9AAABACADAEAFB0B1B2B3B4B5B6B7B8B9BABBBCBDBEBF6F
:20E1C000C0C1C2C3C4C5C6C7C8C9CACBCCCDCECFD0D1D2D3D4D5D6D7D8D9DADBDCDDDEDF4F
:20E1E000E0E1E2E3E4E5E6E7E8E9EAEBECEDEEEFF0F1F2F3F4F5F6F7F8F9FAFBFCFDFEFF2F
:20E20000000102030405060708090A0B0C0D0E0F101112131415161718191A1B1C1D1E1F0E
:20E22000202122232425262728292A2B2C2D2E2F303132333435363738393A3B3C3D3E3FEE
:20E24000404142434445464748494A4B4C4D4E4F505152535455565758595A5B5C5D5E5FCE
:20E26000606162636465666768696A6B6C6D6E6F707172737475767778797A7B7C7D7E7FAE
:20E28000808182838485868788898A8B8C8D8E8F909192939495969798999A9B9C9D9E9F8E
:20E2A000A0A1A2A3A4A5A6A7A8A9AAABACADAEAFB0B1B2B3B4B5B6B7B8B9BABBBCBDBEBF6E
:20E2C000C0C1C2C3C4C5C6C7C8C9CACBCCCDCECFD0D1D2D3D4D5D6D7D8D9DADBDCDDDEDF4E
:20E2E000E0E1E2E3E4E5E6E7E8E9EAEBECEDEEEFF0F1F2F3F4F5F6F7F8F9FAFBFCFDFEFF2E
:20E30000000102030405060708090A0B0C0D0E0F101112131415161718191A1B1C1D1E1F0D
:20E32000202122232425262728292A2B2C2D2E2F303132333435363738393A3B3C3D3E3FED
:20E34000404142434445464748494A4B4C4D4E4F505152535455565758595A5B5C5D5E5FCD
:20E36000606162636465666768696A6B6C6D6E6F707172737475767778797A7B7C7D7E7FAD
:20E38000808182838485868788898A8B8C8D8E8F909192939495969798999A9B9C9D9E9F8D
:20E3A000A0A1A2A3A4A5A6A7A8A9AAABACADAEAFB0B1B2B3B4B5B6B7B8B9BABBBCBDBEBF6D
:20E3C000C0C1C2C3C4C5C6C7C8C9CACBCCCDCECFD0D1D2D3D4D5D6D7D8D9DADBDCDDDEDF4D
:20E3E000E0E1E2E3E4E5E6E7E8E9EAEBECEDEEEFF0F1F2F3F4F5F6F7F8F9FAFBFCFDFEFF2D
:20E40000000102030405060708090A0B0C0D0E0F101112131415161718191A1B1C1D1E1F0C
:20E42000202122232425262728292A2B2C2D2E2F303132333435363738393A3B3C3D3E3FEC
:20E44000404142434445464748494A4B4C4D4E4F505152535455565758595A5B5C5D5E5FCC
:20E46000606162636465666768696A6B6C6D6E6F707172737475767778797A7B7C7D7E7FAC
:20E48000808182838485868788898A8B8C8D8E8F909192939495969798999A9B9C9D9E9F8C
:20E4A000A0A1A2A3A4A5A6A7A8A9AAABACADAEAFB0B1B2B3B4B5B6B7B8B9BABBBCBDBEBF6C
:20E4C000C0C1C2C3C4C5C6C7C8C9CACBCCCDCECFD0D1D2D3D4D5D6D7D8D9DADBDCDDDEDF4C
:20E4E000E0E1E2E3E4E5E6E7E8E9EAEBECEDEEEFF0F1F2F3F4F5F6F7F8F9FAFBFCFDFEFF2C
:20E50000000102030405060708090A0B0C0D0E0F101112131415161718191A1B1C1D1E1F0B
:20E52000202122232425262728292A2B2C2D2E2F303132333435363738393A3B3C3D3E3FEB
:20E54000404142434445464748494A4B4C4D4E4F505152535455565758595A5B5C5D5E5FCB
:20E56000606162636465666768696A6B6C6D6E6F707172737475767778797A7B7C7D7E7FAB
:20E58000808182838485868788898A8B8C8D8E8F909192939495969798999A9B9C9D9E9F8B
:20E5A000A0A1A2A3A4A5A6A7A8A9AAABACADAEAFB0B1B2B3B4B5B6B7B8B9BABBBCBDBEBF6B
:20E5C000C0C1C2C3C4C5C6C7C8C9CACBCCCDCECFD0D1D2D3D4D5D6D7D8D9DADBDCDDDEDF4B
:20E5E000E0E1E2E3E4E5E6E7E8E9EAEBECEDEEEFF0F1F2F3F4F5F6F7F8F9FAFBFCFDFEFF2B
:20E60000000102030405060708090A0B0C0D0E0F101112131415161718191A1B1C1D1E1F0A
:20E62000202122232425262728292A2B2C2D2E2F303132333435363738393A3B3C3D3E3FEA
:20E64000404142434445464748494A4B4C4D4E4F505152535455565758595A5B5C5D5E5FCA
:20E66000606162636465666768696A6B6C6D6E6F707172737475767778797A7B7C7D7E7FAA
:20E68000808182838485868788898A8B8C8D8E8F909192939495969798999A9B9C9D9E9F8A
:20E6A000A0A1A2A3A4A5A6A7A8A9AAABACADAEAFB0B1B2B3B4B5B6B7B8B9BABBBCBDBEBF6A
:20E6C000C0C1C2C3C4C5C6C7C8C9CACBCCCDCECFD0D1D2D3D4D5D6D7D8D9DADBDCDDDEDF4A
:20E6E000E0E1E2E3E4E5E6E7E8E9EAEBECEDEEEFF0F1F2F3F4F5F6F7F8F9FAFBFCFDFEFF2A
:20E70000000102030405060708090A0B0C0D0E0F101112131415161718191A1B1C1D1E1F09
:20E72000202122232425262728292A2B2C2D2E2F303132333435363738393A3B3C3D3E3FE9
:20E74000404142434445464748494A4B4C4D4E4F505152535455565758595A5B5C5D5E5FC9
:20E76000606162636465666768696A6B6C6D6E6F707172737475767778797A7B7C7D7E7FA9
:20E78000808182838485868788898A8B8C8D8E8F909192939495969798999A9B9C9D9E9F89
:20E7A000A0A1A2A3A4A5A6A7A8A9AAABACADAEAFB0B1B2B3B4B5B6B7B8B9BABBBCBDBEBF69
:20E7C000C0C1C2C3C4C5C6C7C8C9CACBCCCDCECFD0D1D2D3D4D5D6D7D8D9DADBDCDDDEDF49
:20E7E000E0E1E2E3E4E5E6E7E8E9EAEBECEDEEEFF0F1F2F3F4F5F6F7F8F9FAFBFCFDFEFF29
:20E80000000102030405060708090A0B0C0D0E0F101112131415161718191A1B1C1D1E1F08
:20E82000202122232425262728292A2B2C2D2E2F303132333435363738393A3B3C3D3E3FE8
:20E84000404142434445464748494A4B4C4D4E4F505152535455565758595A5B5C5D5E5FC8
:20E86000606162636465666768696A6B6C6D6E6F707172737475767778797A7B7C7D7E7FA8
:20E88000808182838485868788898A8B8C8D8E8F909192939495969798999A9B9C9D9E9F88
:20E8A000A0A1A2A3A4A5A6A7A8A9AAABACADAEAFB0B1B2B3B4B5B6B7B8B9BABBBCBDBEBF68
:20E8C000C0C1C2C3C4C5C6C7C8C9CACBCCCDCECFD0D1D2D3D4D5D6D7D8D9DADBDCDDDEDF48
:20E8E000E0E1E2E3E4E5E6E7E8E9EAEBECEDEEEFF0F1F2F3F4F5F6F7F8F9FAFBFCFDFEFF28
:20E90000000102030405060708090A0B0C0D0E0F101112131415161718191A1B1C1D1E1F07
:20E92000202122232425262728292A2B2C2D2E2F303132333435363738393A3B3C3D3E3FE7
:20E94000404142434445464748494A4B4C4D4E4F505152535455565758595A5B5C5D5E5FC7
:20E96000606162636465666768696A6B6C6D6E6F707172737475767778797A7B7C7D7E7FA7
:20E98000808182838485868788898A8B8C8D8E8F909192939495969798999A9B9C9D9E9F87
:20E9A000A0A1A2A3A4A5A6A7A8A9AAABACADAEAFB0B1B2B3B4B5B6B7B8B9BABBBCBDBEBF67
:20E9C000C0C1C2C3C4C5C6C7C8C9CACBCCCDCECFD0D1D2D3D4D5D6D7D8D9DADBDCDDDEDF47
:20E9E000E0E1E2E3E4E5E6E7E8E9EAEBECEDEEEFF0F1F2F3F4F5F6F7F8F9FAFBFCFDFEFF27
:20EA0000000102030405060708090A0B0C0D0E0F101112131415161718191A1B1C1D1E1F06
:20EA2000202122232425262728292A2B2C2D2E2F303132333435363738393A3B3C3D3E3FE6
:20EA4000404142434445464748494A4B4C4D4E4F505152535455565758595A5B5C5D5E5FC6
:20EA6000606162636465666768696A6B6C6D6E6F707172737475767778797A7B7C7D7E7FA6
:20EA8000808182838485868788898A8B8C8D8E8F909192939495969798999A9B9C9D9E9F86
:20EAA000A0A1A2A3A4A5A6A7A8A9AAABACADAEAFB0B1B2B3B4B5B6B7B8B9BABBBCBDBEBF66
:20EAC000C0C1C2C3C4C5C6C7C8C9CACBCCCDCECFD0D1D2D3D4D5D6D7D8D9DADBDCDDDEDF46
:20EAE000E0E1E2E3E4E5E6E7E8E9EAEBECEDEEEFF0F1F2F3F4F5F6F7F8F9FAFBFCFDFEFF26
:20EB0000000102030405060708090A0B0C0D0E0F101112131415161718191A1B1C1D1E1F05
:20EB2000202122232425262728292A2B2C2D2E2F303132333435363738393A3B3C3D3E3FE5
:20EB4000404142434445464748494A4B4C4D4E4F505152535455565758595A5B5C5D5E5FC5
:20EB6000606162636465666768696A6B6C6D6E6F707172737475767778797A7B7C7D7E7FA5
:20EB8000808182838485868788898A8B8C8D8E8F909192939495969798999A9B9C9D9E9F85
:20EBA000A0A1A2A3A4A5A6A7A8A9AAABACADAEAFB0B1B2B3B4B5B6B7B8B9BABBBCBDBEBF65
:20EBC000C0C1C2C3C4C5C6C7C8C9CACBCCCDCECFD0D1D2D3D4D5D6D7D8D9DADBDCDDDEDF45
:20EBE000E0E1E2E3E4E5E6E7E8E9EAEBECEDEEEFF0F1F2F3F4F5F6F7F8F9FAFBFCFDFEFF25
:20EC0000000102030405060708090A0B0C0D0E0F101112131415161718191A1B1C1D1E1F04
:20EC2000202122232425262728292A2B2C2D2E2F303132333435363738393A3B3C3D3E3FE4
:20EC4000404142434445464748494A4B4C4D4E4F505152535455565758595A5B5C5D5E5FC4
:20EC6000606162636465666768696A6B6C6D6E6F707172737475767778797A7B7C7D7E7FA4
:20EC8000808182838485868788898A8B8C8D8E8F909192939495969798999A9B9C9D9E9F84
:20ECA000A0A1A2A3A4A5A6A7A8A9AAABACADAEAFB0B1B2B3B4B5B6B7B8B9BABBBCBDBEBF64
:20ECC000C0C1C2C3C4C5C6C7C8C9CACBCCCDCECFD0D1D2D3D4D5D6D7D8D9DADBDCDDDEDF44
:20ECE000E0E1E2E3E4E5E6E7E8E9EAEBECEDEEEFF0F1F2F3F4F5F6F7F8F9FAFBFCFDFEFF24
:20ED0000000102030405060708090A0B0C0D0E0F101112131415161718191A1B1C1D1E1F03
:20ED2000202122232425262728292A2B2C2D2E2F303132333435363738393A3B3C3D3E3FE3
:20ED4000404142434445464748494A4B4C4D4E4F505152535455565758595A5B5C5D5E5FC3
:20ED6000606162636465666768696A6B6C6D6E6F707172737475767778797A7B7C7D7E7FA3
:20ED8000808182838485868788898A8B8C8D8E8F909192939495969798999A9B9C9D9E9F83
:20EDA000A0A1A2A3A4A5A6A7A8A9AAABACADAEAFB0B1B2B3B4B5B6B7B8B9BABBBCBDBEBF63
:20EDC000C0C1C2C3C4C5C6C7C8C9CACBCCCDCECFD0D1D2D3D4D5D6D7D8D9DADBDCDDDEDF43
:20EDE000E0E1E2E3E4E5E6E7E8E9EAEBECEDEEEFF0F1F2F3F4F5F6F7F8F9FAFBFCFDFEFF23
:20EE0000000102030405060708090A0B0C0D0E0F101112131415161718191A1B1C1D1E1F02
:20EE2000202122232425262728292A2B2C2D2E2F303132333435363738393A3B3C3D3E3FE2
:20EE4000404142434445464748494A4B4C4D4E4F505152535455565758595A5B5C5D5E5FC2
:20EE6000606162636465666768696A6B6C6D6E6F707172737475767778797A7B7C7D7E7FA2
:20EE8000808182838485868788898A8B8C8D8E8F909192939495969798999A9B9C9D9E9F82
:20EEA000A0A1A2A3A4A5A6A7A8A9AAABACADAEAFB0B1B2B3B4B5B6B7B8B9BABBBCBDBEBF62
:20EEC000C0C1C2C3C4C5C6C7C8C9CACBCCCDCECFD0D1D2D3D4D5D6D7D8D9DADBDCDDDEDF42
:20EEE000E0E1E2E3E4E5E6E7E8E9EAEBECEDEEEFF0F1F2F3F4F5F6F7F8F9FAFBFCFDFEFF22
:20EF0000000102030405060708090A0B0C0D0E0F101112131415161718191A1B1C1D1E1F01
:20EF2000202122232425262728292A2B2C2D2E2F303132333435363738393A3B3C3D3E3FE1
:20EF4000404142434445464748494A4B4C4D4E4F505152535455565758595A5B5C5D5E5FC1
:20EF6000606162636465666768696A6B6C6D6E6F707172737475767778797A7B7C7D7E7FA1
:20EF8000808182838485868788898A8B8C8D8E8F909192939495969798999A9B9C9D9E9F81
:20EFA000A0A1A2A3A4A5A6A7A8A9AAABACADAEAFB0B1B2B3B4B5B6B7B8B9BABBBCBDBEBF61
:20EFC000C0C1C2C3C4C5C6C7C8C9CACBCCCDCECFD0D1D2D3D4D5D6D7D8D9DADBDCDDDEDF41
:20EFE000E0E1E2E3E4E5E6E7E8E9EAEBECEDEEEFF0F1F2F3F4F5F6F7F8F9FAFBFCFDFEFF21
:20F00000000102030405060708090A0B0C0D0E0F101112131415161718191A1B1C1D1E1F00
:20F02000202122232425262728292A2B2C2D2E2F303132333435363738393A3B3C3D3E3FE0
:20F04000404142434445464748494A4B4C4D4E4F505152535455565758595A5B5C5D5E5FC0
:20F06000606162636465666768696A6B6C6D6E6F707172737475767778797A7B7C7D7E7FA0
:20F08000808182838485868788898A8B8C8D8E8F909192939495969798999A9B9C9D9E9F80
:20F0A000A0A1A2A3A4A5A6A7A8A9AAABACADAEAFB0B1B2B3B4B5B6B7B8B9BABBBCBDBEBF60
:20F0C000C0C1C2C3C4C5C6C7C8C9CACBCCCDCECFD0D1D2D3D4D5D6D7D8D9DADBDCDDDEDF40
:20F0E000E0E1E2E3E4E5E6E7E8E9EAEBECEDEEEFF0F1F2F3F4F5F6F7F8F9FAFBFCFDFEFF20
:20F10000000102030405060708090A0B0C0D0E0F101112131415161718191A1B1C1D1E1FFF
:20F12000202122232425262728292A2B2C2D2E2F303132333435363738393A3B3C3D3E3FDF
:20F14000404142434445464748494A4B4C4D4E4F505152535455565758595A5B5C5D5E5FBF
:20F16000606162636465666768696A6B6C6D6E6F707172737475767778797A7B7C7D7E7F9F
:20F18000808182838485868788898A8B8C8D8E8F909192939495969798999A9B9C9D9E9F7F
:20F1A000A0A1A2A3A4A5A6A7A8A9AAABACADAEAFB0B1B2B3B4B5B6B7B8B9BABBBCBDBEBF5F
:20F1C000C0C1C2C3C4C5C6C7C8C9CACBCCCDCECFD0D1D2D3D4D5D6D7D8D9DADBDCDDDEDF3F
:20F1E000E0E1E2E3E4E5E6E7E8E9EAEBECEDEEEFF0F1F2F3F4F5F6F7F8F9FAFBFCFDFEFF1F
:20F20000000102030405060708090A0B0C0D0E0F101112131415161718191A1B1C1D1E1FFE
:20F22000202122232425262728292A2B2C2D2E2F303132333435363738393A3B3C3D3E3FDE
:20F24000404142434445464748494A4B4C4D4E4F505152535455565758595A5B5C5D5E5FBE
:20F26000606162636465666768696A6B6C6D6E6F707172737475767778797A7B7C7D7E7F9E
:20F28000808182838485868788898A8B8C8D8E8F909192939495969798999A9B9C9D9E9F7E
:20F2A000A0A1A2A3A4A5A6A7A8A9AAABACADAEAFB0B1B2B3B4B5B6B7B8B9BABBBCBDBEBF5E
:20F2C000C0C1C2C3C4C5C6C7C8C9CACBCCCDCECFD0D1D2D3D4D5D6D7D8D9DADBDCDDDEDF3E
:20F2E000E0E1E2E3E4E5E6E7E8E9EAEBECEDEEEFF0F1F2F3F4F5F6F7F8F9FAFBFCFDFEFF1E
:20F30000000102030405060708090A0B0C0D0E0F101112131415161718191A1B1C1D1E1FFD
:20F32000202122232425262728292A2B2C2D2E2F303132333435363738393A3B3C3D3E3FDD
:20F34000404142434445464748494A4B4C4D4E4F505152535455565758595A5B5C5D5E5FBD
:20F36000606162636465666768696A6B6C6D6E6F707172737475767778797A7B7C7D7E7F9D
:20F38000808182838485868788898A8B8C8D8E8F909192939495969798999A9B9C9D9E9F7D
:20F3A000A0A1A2A3A4A5A6A7A8A9AAABACADAEAFB0B1B2B3B4B5B6B7B8B9BABBBCBDBEBF5D
:20F3C000C0C1C2C3C4C5C6C7C8C9CACBCCCDCECFD0D1D2D3D4D5D6D7D8D9DADBDCDDDEDF3D
:20F3E000E0E1E2E3E4E5E6E7E8E9EAEBECEDEEEFF0F1F2F3F4F5F6F7F8F9FAFBFCFDFEFF1D
:20F40000000102030405060708090A0B0C0D0E0F101112131415161718191A1B1C1D1E1FFC
:20F42000202122232425262728292A2B2C2D2E2F303132333435363738393A3B3C3D3E3FDC
:20F44000404142434445464748494A4B4C4D4E4F505152535455565758595A5B5C5D5E5FBC
:20F46000606162636465666768696A6B6C6D6E6F707172737475767778797A7B7C7D7E7F9C
:20F48000808182838485868788898A8B8C8D8E8F909192939495969798999A9B9C9D9E9F7C
:20F4A000A0A1A2A3A4A5A6A7A8A9AAABACADAEAFB0B1B2B3B4B5B6B7B8B9BABBBCBDBEBF5C
:20F4C000C0C1C2C3C4C5C6C7C8C9CACBCCCDCECFD0D1D2D3D4D5D6D7D8D9DADBDCDDDEDF3C
:20F4E000E0E1E2E3E4E5E6E7E8E9EAEBECEDEEEFF0F1F2F3F4F5F6F7F8F9FAFBFCFDFEFF1C
:20F50000000102030405060708090A0B0C0D0E0F101112131415161718191A1B1C1D1E1FFB
:20F52000202122232425262728292A2B2C2D2E2F303132333435363738393A3B3C3D3E3FDB
:20F54000404142434445464748494A4B4C4D4E4F505152535455565758595A5B5C5D5E5FBB
:20F56000606162636465666768696A6B6C6D6E6F707172737475767778797A7B7C7D7E7F9B
:20F58000808182838485868788898A8B8C8D8E8F909192939495969798999A9B9C9D9E9F7B
:20F5A000A0A1A2A3A4A5A6A7A8A9AAABACADAEAFB0B1B2B3B4B5B6B7B8B9BABBBCBDBEBF5B
:20F5C000C0C1C2C3C4C5C6C7C8C9CACBCCCDCECFD0D1D2D3D4D5D6D7D8D9DADBDCDDDEDF3B
:20F5E000E0E1E2E3E4E5E6E7E8E9EAEBECEDEEEFF0F1F2F3F4F5F6F7F8F9FAFBFCFDFEFF1B
:20F60000000102030405060708090A0B0C0D0E0F101112131415161718191A1B1C1D1E1FFA
:20F62000202122232425262728292A2B2C2D2E2F303132333435363738393A3B3C3D3E3FDA
:20F64000404142434445464748494A4B4C4D4E4F505152535455565758595A5B5C5D5E5FBA
:20F66000606162636465666768696A6B6C6D6E6F707172737475767778797A7B7C7D7E7F9A
:20F68000808182838485868788898A8B8C8D8E8F909192939495969798999A9B9C9D9E9F7A
:20F6A000A0A1A2A3A4A5A6A7A8A9AAABACADAEAFB0B1B2B3B4B5B6B7B8B9BABBBCBDBEBF5A
:20F6C000C0C1C2C3C4C5C6C7C8C9CACBCCCDCECFD0D1D2D3D4D5D6D7D8D9DADBDCDDDEDF3A
:20F6E000E0E1E2E3E4E5E6E7E8E9EAEBECEDEEEFF0F1F2F3F4F5F6F7F8F9FAFBFCFDFEFF1A
:20F70000000102030405060708090A0B0C0D0E0F101112131415161718191A1B1C1D1E1FF9
:20F72000202122232425262728292A2B2C2D2E2F303132333435363738393A3B3C3D3E3FD9
:20F74000404142434445464748494A4B4C4D4E4F505152535455565758595A5B5C5D5E5FB9
:20F76000606162636465666768696A6B6C6D6E6F707172737475767778797A7B7C7D7E7F99
:20F78000808182838485868788898A8B8C8D8E8F909192939495969798999A9B9C9D9E9F79
:20F7A000A0A1A2A3A4A5A6A7A8A9AAABACADAEAFB0B1B2B3B4B5B6B7B8B9BABBBCBDBEBF59
:20F7C000C0C1C2C3C4C5C6C7C8C9CACBCCCDCECFD0D1D2D3D4D5D6D7D8D9DADBDCDDDEDF39
:20F7E000E0E1E2E3E4E5E6E7E8E9EAEBECEDEEEFF0F1F2F3F4F5F6F7F8F9FAFBFCFDFEFF19
:20F80000000102030405060708090A0B0C0D0E0F101112131415161718191A1B1C1D1E1FF8
:20F82000202122232425262728292A2B2C2D2E2F303132333435363738393A3B3C3D3E3FD8
:20F84000404142434445464748494A4B4C4D4E4F505152535455565758595A5B5C5D5E5FB8
:20F86000606162636465666768696A6B6C6D6E6F707172737475767778797A7B7C7D7E7F98
:20F88000808182838485868788898A8B8C8D8E8F909192939495969798999A9B9C9D9E9F78
:20F8A000A0A1A2A3A4A5A6A7A8A9AAABACADAEAFB0B1B2B3B4B5B6B7B8B9BABBBCBDBEBF58
:20F8C000C0C1C2C3C4C5C6C7C8C9CACBCCCDCECFD0D1D2D3D4D5D6D7D8D9DADBDCDDDEDF38
:20F8E000E0E1E2E3E4E5E6E7E8E9EAEBECEDEEEFF0F1F2F3F4F5F6F7F8F9FAFBFCFDFEFF18
:20F90000000102030405060708090A0B0C0D0E0F101112131415161718191A1B1C1D1E1FF7
:20F92000202122232425262728292A2B2C2D2E2F303132333435363738393A3B3C3D3E3FD7
:20F94000404142434445464748494A4B4C4D4E4F505152535455565758595A5B5C5D5E5FB7
:20F96000606162636465666768696A6B6C6D6E6F707172737475767778797A7B7C7D7E7F97
:20F98000808182838485868788898A8B8C8D8E8F909192939495969798999A9B9C9D9E9F77
:20F9A000A0A1A2A3A4A5A6A7A8A9AAABACADAEAFB0B1B2B3B4B5B6B7B8B9BABBBCBDBEBF57
:20F9C000C0C1C2C3C4C5C6C7C8C9CACBCCCDCECFD0D1D2D3D4D5D6D7D8D9DADBDCDDDEDF37
:20F9E000E0E1E2E3E4E5E6E7E8E9EAEBECEDEEEFF0F1F2F3F4F5F6F7F8F9FAFBFCFDFEFF17
:20FA0000000102030405060708090A0B0C0D0E0F101112131415161718191A1B1C1D1E1FF6
:20FA2000202122232425262728292A2B2C2D2E2F303132333435363738393A3B3C3D3E3FD6
:20FA4000404142434445464748494A4B4C4D4E4F505152535455565758595A5B5C5D5E5FB6
:20FA6000606162636465666768696A6B6C6D6E6F707172737475767778797A7B7C7D7E7F96
:20FA8000808182838485868788898A8B8C8D8E8F909192939495969798999A9B9C9D9E9F76
:20FAA000A0A1A2A3A4A5A6A7A8A9AAABACADAEAFB0B1B2B3B4B5B6B7B8B9BABBBCBDBEBF56
:20FAC000C0C1C2C3C4C5C6C7C8C9CACBCCCDCECFD0D1D2D3D4D5D6D7D8D9DADBDCDDDEDF36
:20FAE000E0E1E2E3E4E5E6E7E8E9EAEBECEDEEEFF0F1F2F3F4F5F6F7F8F9FAFBFCFDFEFF16
:20FB0000000102030405060708090A0B0C0D0E0F101112131415161718191A1B1C1D1E1FF5
:20FB2000202122232425262728292A2B2C2D2E2F303132333435363738393A3B3C3D3E3FD5
:20FB4000404142434445464748494A4B4C4D4E4F505152535455565758595A5B5C5D5E5FB5
:20FB6000606162636465666768696A6B6C6D6E6F707172737475767778797A7B7C7D7E7F95
:20FB8000808182838485868788898A8B8C8D8E8F909192939495969798999A9B9C9D9E9F75
:20FBA000A0A1A2A3A4A5A6A7A8A9AAABACADAEAFB0B1B2B3B4B5B6B7B8B9BABBBCBDBEBF55
:20FBC000C0C1C2C3C4C5C6C7C8C9CACBCCCDCECFD0D1D2D3D4D5D6D7D8D9DADBDCDDDEDF35
:20FBE000E0E1E2E3E4E5E6E7E8E9EAEBECEDEEEFF0F1F2F3F4F5F6F7F8F9FAFBFCFDFEFF15
:20FC0000000102030405060708090A0B0C0D0E0F101112131415161718191A1B1C1D1E1FF4
:20FC2000202122232425262728292A2B2C2D2E2F303132333435363738393A3B3C3D3E3FD4
:20FC4000404142434445464748494A4B4C4D4E4F505152535455565758595A5B5C5D5E5FB4
:20FC6000606162636465666768696A6B6C6D6E6F707172737475767778797A7B7C7D7E7F94
:20FC8000808182838485868788898A8B8C8D8E8F909192939495969798999A9B9C9D9E9F74
:20FCA000A0A1A2A3A4A5A6A7A8A9AAABACADAEAFB0B1B2B3B4B5B6B7B8B9BABBBCBDBEBF54
:20FCC000C0C1C2C3C4C5C6C7C8C9CACBCCCDCECFD0D1D2D3D4D5D6D7D8D9DADBDCDDDEDF34
:20FCE000E0E1E2E3E4E5E6E7E8E9EAEBECEDEEEFF0F1F2F3F4F5F6F7F8F9FAFBFCFDFEFF14
:20FD0000000102030405060708090A0B0C0D0E0F101112131415161718191A1B1C1D1E1FF3
:20FD2000202122232425262728292A2B2C2D2E2F303132333435363738393A3B3C3D3E3FD3
:20FD4000404142434445464748494A4B4C4D4E4F505152535455565758595A5B5C5D5E5FB3
:20FD6000606162636465666768696A6B6C6D6E6F707172737475767778797A7B7C7D7E7F93
:20FD8000808182838485868788898A8B8C8D8E8F909192939495969798999A9B9C9D9E9F73
:20FDA000A0A1A2A3A4A5A6A7A8A9AAABACADAEAFB0B1B2B3B4B5B6B7B8B9BABBBCBDBEBF53
:20FDC000C0C1C2C3C4C5C6C7C8C9CACBCCCDCECFD0D1D2D3D4D5D6D7D8D9DADBDCDDDEDF33
:20FDE000E0E1E2E3E4E5E6E7E8E9EAEBECEDEEEFF0F1F2F3F4F5F6F7F8F9FAFBFCFDFEFF13
:20FE0000000102030405060708090A0B0C0D0E0F101112131415161718191A1B1C1D1E1FF2
:20FE2000202122232425262728292A2B2C2D2E2F303132333435363738393A3B3C3D3E3FD2
:20FE4000404142434445464748494A4B4C4D4E4F505152535455565758595A5B5C5D5E5FB2
:20FE6000606162636465666768696A6B6C6D6E6F707172737475767778797A7B7C7D7E7F92
:20FE8000808182838485868788898A8B8C8D8E8F909192939495969798999A9B9C9D9E9F72
:20FEA000A0A1A2A3A4A5A6A7A8A9AAABACADAEAFB0B1B2B3B4B5B6B7B8B9BABBBCBDBEBF52
:20FEC000C0C1C2C3C4C5C6C7C8C9CACBCCCDCECFD0D1D2D3D4D5D6D7D8D9DADBDCDDDEDF32
:20FEE000E0E1E2E3E4E5E6E7E8E9EAEBECEDEEEFF0F1F2F3F4F5F6F7F8F9FAFBFCFDFEFF12
:20FF0000000102030405060708090A0B0C0D0E0F101112131415161718191A1B1C1D1E1FF1
:20FF2000202122232425262728292A2B2C2D2E2F303132333435363738393A3B3C3D3E3FD1
:20FF4000404142434445464748494A4B4C4D4E4F505152535455565758595A5B5C5D5E5FB1
:20FF6000606162636465666768696A6B6C6D6E6F707172737475767778797A7B7C7D7E7F91
:20FF8000808182838485868788898A8B8C8D8E8F909192939495969798999A9B9C9D9E9F71
:20FFA000A0A1A2A3A4A5A6A7A8A9AAABACADAEAFB0B1B2B3B4B5B6B7B8B9BABBBCBDBEBF51
:20FFC000C0C1C2C3C4C5C6C7C8C9CACBCCCDCECFD0D1D2D3D4D5D6D7D8D9DADBDCDDDEDF31
:20FFE000E0E1E2E3E4E5E6E7E8E9EAEBECEDEEEFF0F1F2F3F4F5F6F7F8F9FAFBFCFDFEFF11
:020000040003F7
:20000000000102030405060708090A0B0C0D0E0F101112131415161718191A1B1C1D1E1FF0
:20002000202122232425262728292A2B2C2D2E2F303132333435363738393A3B3C3D3E3FD0
:20004000404142434445464748494A4B4C4D4E4F505152535455565758595A5B5C5D5E5FB0
:20006000606162636465666768696A6B6C6D6E6F707172737475767778797A7B7C7D7E7F90
:20008000808182838485868788898A8B8C8D8E8F909192939495969798999A9B9C9D9E9F70
:2000A000A0A1A2A3A4A5A6A7A8A9AAABACADAEAFB0B1B2B3B4B5B6B7B8B9BABBBCBDBEBF50
:2000C000C0C1C2C3C4C5C6C7C8C9CACBCCCDCECFD0D1D2D3D4D5D6D7D8D9DADBDCDDDEDF30
:2000E000E0E1E2E3E4E5E6E7E8E9EAEBECEDEEEFF0F1F2F3F4F5F6F7F8F9FAFBFCFDFEFF10
:20010000000102030405060708090A0B0C0D0E0F101112131415161718191A1B1C1D1E1FEF
:20012000202122232425262728292A2B2C2D2E2F303132333435363738393A3B3C3D3E3FCF
:20014000404142434445464748494A4B4C4D4E4F505152535455565758595A5B5C5D5E5FAF
:20016000606162636465666768696A6B6C6D6E6F707172737475767778797A7B7C7D7E7F8F
:20018000808182838485868788898A8B8C8D8E8F909192939495969798999A9B9C9D9E9F6F
:2001A000A0A1A2A3A4A5A6A7A8A9AAABACADAEAFB0B1B2B3B4B5B6B7B8B9BABBBCBDBEBF4F
:2001C000C0C1C2C3C4C5C6C7C8C9CACBCCCDCECFD0D1D2D3D4D5D6D7D8D9DADBDCDDDEDF2F
:2001E000E0E1E2E3E4E5E6E7E8E9EAEBECEDEEEFF0F1F2F3F4F5F6F7F8F9FAFBFCFDFEFF0F
:20020000000102030405060708090A0B0C0D0E0F101112131415161718191A1B1C1D1E1FEE
:20022000202122232425262728292A2B2C2D2E2F303132333435363738393A3B3C3D3E3FCE
:20024000404142434445464748494A4B4C4D4E4F505152535455565758595A5B5C5D5E5FAE
:20026000606162636465666768696A6B6C6D6E6F707172737475767778797A7B7C7D7E7F8E
:20028000808182838485868788898A8B8C8D8E8F909192939495969798999A9B9C9D9E9F6E
:2002A000A0A1A2A3A4A5A6A7A8A9AAABACADAEAFB0B1B2B3B4B5B6B7B8B9BABBBCBDBEBF4E
:2002C000C0C1C2C3C4C5C6C7C8C9CACBCCCDCECFD0D1D2D3D4D5D6D7D8D9DADBDCDDDEDF2E
:2002E000E0E1E2E3E4E5E6E7E8E9EAEBECEDEEEFF0F1F2F3F4F5F6F7F8F9FAFBFCFDFEFF0E
:20030000000102030405060708090A0B0C0D0E0F101112131415161718191A1B1C1D1E1FED
:20032000202122232425262728292A2B2C2D2E2F303132333435363738393A3B3C3D3E3FCD
:20034000404142434445464748494A4B4C4D4E4F505152535455565758595A5B5C5D5E5FAD
:20036000606162636465666768696A6B6C6D6E6F707172737475767778797A7B7C7D7E7F8D
:20038000808182838485868788898A8B8C8D8E8F909192939495969798999A9B9C9D9E9F6D
:2003A000A0A1A2A3A4A5A6A7A8A9AAABACADAEAFB0B1B2B3B4B5B6B7B8B9BABBBCBDBEBF4D
:2003C000C0C1C2C3C4C5C6C7C8C9CACBCCCDCECFD0D1D2D3D4D5D6D7D8D9DADBDCDDDEDF2D
:2003E000E0E1E2E3E4E5E6E7E8E9EAEBECEDEEEFF0F1F2F3F4F5F6F7F8F9FAFBFCFDFEFF0D
:20040000000102030405060708090A0B0C0D0E0F101112131415161718191A1B1C1D1E1FEC
:20042000202122232425262728292A2B2C2D2E2F303132333435363738393A3B3C3D3E3FCC
:20044000404142434445464748494A4B4C4D4E4F505152535455565758595A5B5C5D5E5FAC
:20046000606162636465666768696A6B6C6D6E6F707172737475767778797A7B7C7D7E7F8C
:20048000808182838485868788898A8B8C8D8E8F909192939495969798999A9B9C9D9E9F6C
:2004A000A0A1A2A3A4A5A6A7A8A9AAABACADAEAFB0B1B2B3B4B5B6B7B8B9BABBBCBDBEBF4C
:2004C000C0C1C2C3C4C5C6C7C8C9CACBCCCDCECFD0D1D2D3D4D5D6D7D8D9DADBDCDDDEDF2C
:2004E000E0E1E2E3E4E5E6E7E8E9EAEBECEDEEEFF0F1F2F3F4F5F6F7F8F9FAFBFCFDFEFF0C
:20050000000102030405060708090A0B0C0D0E0F101112131415161718191A1B1C1D1E1FEB
:20052000202122232425262728292A2B2C2D2E2F303132333435363738393A3B3C3D3E3FCB
:20054000404142434445464748494A4B4C4D4E4F505152535455565758595A5B5C5D5E5FAB
:20056000606162636465666768696A6B6C6D6E6F707172737475767778797A7B7C7D7E7F8B
:20058000808182838485868788898A8B8C8D8E8F909192939495969798999A9B9C9D9E9F6B
:2005A000A0A1A2A3A4A5A6A7A8A9AAABACADAEAFB0B1B2B3B4B5B6B7B8B9BABBBCBDBEBF4B
:2005C000C0C1C2C3C4C5C6C7C8C9CACBCCCDCECFD0D1D2D3D4D5D6D7D8D9DADBDCDDDEDF2B
:2005E000E0E1E2E3E4E5E6E7E8E9EAEBECEDEEEFF0F1F2F3F4F5F6F7F8F9FAFBFCFDFEFF0B
:20060000000102030405060708090A0B0C0D0E0F101112131415161718191A1B1C1D1E1FEA
:20062000202122232425262728292A2B2C2D2E2F303132333435363738393A3B3C3D3E3FCA
:20064000404142434445464748494A4B4C4D4E4F505152535455565758595A5B5C5D5E5FAA
:20066000606162636465666768696A6B6C6D6E6F707172737475767778797A7B7C7D7E7F8A
:20068000808182838485868788898A8B8C8D8E8F909192939495969798999A9B9C9D9E9F6A
:2006A000A0A1A2A3A4A5A6A7A8A9AAABACADAEAFB0B1B2B3B4B5B6B7B8B9BABBBCBDBEBF4A
:2006C000C0C1C2C3C4C5C6C7C8C9CACBCCCDCECFD0D1D2D3D4D5D6D7D8D9DADBDCDDDEDF2A
:2006E000E0E1E2E3E4E5E6E7E8E9EAEBECEDEEEFF0F1F2F3F4F5F6F7F8F9FAFBFCFDFEFF0A
:20070000000102030405060708090A0B0C0D0E0F101112131415161718191A1B1C1D1E1FE9
:20072000202122232425262728292A2B2C2D2E2F303132333435363738393A3B3C3D3E3FC9
:20074000404142434445464748494A4B4C4D4E4F505152535455565758595A5B5C5D5E5FA9
:20076000606162636465666768696A6B6C6D6E6F707172737475767778797A7B7C7D7E7F89
:20078000808182838485868788898A8B8C8D8E8F909192939495969798999A9B9C9D9E9F69
:2007A000A0A1A2A3A4A5A6A7A8A9AAABACADAEAFB0B1B2B3B4B5B6B7B8B9BABBBCBDBEBF49
:2007C000C0C1C2C3C4C5C6C7C8C9CACBCCCDCECFD0D1D2D3D4D5D6D7D8D9DADBDCDDDEDF29
:2007E000E0E1E2E3E4E5E6E7E8E9EAEBECEDEEEFF0F1F2F3F4F5F6F7F8F9FAFBFCFDFEFF09
:20080000000102030405060708090A0B0C0D0E0F101112131415161718191A1B1C1D1E1FE8
:20082000202122232425262728292A2B2C2D2E2F303132333435363738393A3B3C3D3E3FC8
:20084000404142434445464748494A4B4C4D4E4F505152535455565758595A5B5C5D5E5FA8
:20086000606162636465666768696A6B6C6D6E6F707172737475767778797A7B7C7D7E7F88
:20088000808182838485868788898A8B8C8D8E8F909192939495969798999A9B9C9D9E9F68
:2008A000A0A1A2A3A4A5A6A7A8A9AAABACADAEAFB0B1B2B3B4B5B6B7B8B9BABBBCBDBEBF48
:2008C000C0C1C2C3C4C5C6C7C8C9CACBCCCDCECFD0D1D2D3D4D5D6D7D8D9DADBDCDDDEDF28
:2008E000E0E1E2E3E4E5E6E7E8E9EAEBECEDEEEFF0F1F2F3F4F5F6F7F8F9FAFBFCFDFEFF08
:20090000000102030405060708090A0B0C0D0E0F101112131415161718191A1B1C1D1E1FE7
:20092000202122232425262728292A2B2C2D2E2F303132333435363738393A3B3C3D3E3FC7
:20094000404142434445464748494A4B4C4D4E4F505152535455565758595A5B5C5D5E5FA7
:20096000606162636465666768696A6B6C6D6E6F707172737475767778797A7B7C7D7E7F87
:20098000808182838485868788898A8B8C8D8E8F909192939495969798999A9B9C9D9E9F67
:2009A000A0A1A2A3A4A5A6A7A8A9AAABACADAEAFB0B1B2B3B4B5B6B7B8B9BABBBCBDBEBF47
:2009C000C0C1C2C3C4C5C6C7C8C9CACBCCCDCECFD0D1D2D3D4D5D6D7D8D9DADBDCDDDEDF27
:2009E000E0E1E2E3E4E5E6E7E8E9EAEBECEDEEEFF0F1F2F3F4F5F6F7F8F9FAFBFCFDFEFF07
:200A0000000102030405060708090A0B0C0D0E0F101112131415161718191A1B1C1D1E1FE6
:200A2000202122232425262728292A2B2C2D2E2F303132333435363738393A3B3C3D3E3FC6
:200A4000404142434445464748494A4B4C4D4E4F505152535455565758595A5B5C5D5E5FA6
:200A6000606162636465666768696A6B6C6D6E6F707172737475767778797A7B7C7D7E7F86
:200A8000808182838485868788898A8B8C8D8E8F909192939495969798999A9B9C9D9E9F66
:200AA000A0A1A2A3A4A5A6A7A8A9AAABACADAEAFB0B1B2B3B4B5B6B7B8B9BABBBCBDBEBF46
:200AC000C0C1C2C3C4C5C6C7C8C9CACBCCCDCECFD0D1D2D3D4D5D6D7D8D9DADBDCDDDEDF26
:200AE000E0E1E2E3E4E5E6E7E8E9EAEBECEDEEEFF0F1F2F3F4F5F6F7F8F9FAFBFCFDFEFF06
:200B0000000102030405060708090A0B0C0D0E0F101112131415161718191A1B1C1D1E1FE5
:200B2000202122232425262728292A2B2C2D2E2F303132333435363738393A3B3C3D3E3FC5
:200B4000404142434445464748494A4B4C4D4E4F505152535455565758595A5B5C5D5E5FA5
:200B6000606162636465666768696A6B6C6D6E6F707172737475767778797A7B7C7D7E7F85
:200B8000808182838485868788898A8B8C8D8E8F909192939495969798999A9B9C9D9E9F65
:200BA000A0A1A2A3A4A5A6A7A8A9AAABACADAEAFB0B1B2B3B4B5B6B7B8B9BABBBCBDBEBF45
:200BC000C0C1C2C3C4C5C6C7C8C9CACBCCCDCECFD0D1D2D3D4D5D6D7D8D9DADBDCDDDEDF25
:200BE000E0E1E2E3E4E5E6E7E8E9EAEBECEDEEEFF0F1F2F3F4F5F6F7F8F9FAFBFCFDFEFF05
:200C0000000102030405060708090A0B0C0D0E0F101112131415161718191A1B1C1D1E1FE4
:200C2000202122232425262728292A2B2C2D2E2F303132333435363738393A3B3C3D3E3FC4
:200C4000404142434445464748494A4B4C4D4E4F505152535455565758595A5B5C5D5E5FA4
:200C6000606162636465666768696A6B6C6D6E6F707172737475767778797A7B7C7D7E7F84
:200C8000808182838485868788898A8B8C8D8E8F909192939495969798999A9B9C9D9E9F64
:200CA000A0A1A2A3A4A5A6A7A8A9AAABACADAEAFB0B1B2B3B4B5B6B7B8B9BABBBCBDBEBF44
:200CC000C0C1C2C3C4C5C6C7C8C9CACBCCCDCECFD0D1D2D3D4D5D6D7D8D9DADBDCDDDEDF24
:200CE000E0E1E2E3E4E5E6E7E8E9EAEBECEDEEEFF0F1F2F3F4F5F6F7F8F9FAFBFCFDFEFF04
:200D0000000102030405060708090A0B0C0D0E0F101112131415161718191A1B1C1D1E1FE3
:200D2000202122232425262728292A2B2C2D2E2F303132333435363738393A3B3C3D3E3FC3
:200D4000404142434445464748494A4B4C4D4E4F505152535455565758595A5B5C5D5E5FA3
:200D6000606162636465666768696A6B6C6D6E6F707172737475767778797A7B7C7D7E7F83
:200D8000808182838485868788898A8B8C8D8E8F909192939495969798999A9B9C9D9E9F63
:200DA000A0A1A2A3A4A5A6A7A8A9AAABACADAEAFB0B1B2B3B4B5B6B7B8B9BABBBCBDBEBF43
:200DC000C0C1C2C3C4C5C6C7C8C9CACBCCCDCECFD0D1D2D3D4D5D6D7D8D9DADBDCDDDEDF23
:200DE000E0E1E2E3E4E5E6E7E8E9EAEBECEDEEEFF0F1F2F3F4F5F6F7F8F9FAFBFCFDFEFF03
:200E0000000102030405060708090A0B0C0D0E0F101112131415161718191A1B1C1D1E1FE2
:200E2000202122232425262728292A2B2C2D2E2F303132333435363738393A3B3C3D3E3FC2
:200E4000404142434445464748494A4B4C4D4E4F505152535455565758595A5B5C5D5E5FA2
:200E6000606162636465666768696A6B6C6D6E6F707172737475767778797A7B7C7D7E7F82
:200E8000808182838485868788898A8B8C8D8E8F909192939495969798999A9B9C9D9E9F62
:200EA000A0A1A2A3A4A5A6A7A8A9AAABACADAEAFB0B1B2B3B4B5B6B7B8B9BABBBCBDBEBF42
:200EC000C0C1C2C3C4C5C6C7C8C9CACBCCCDCECFD0D1D2D3D4D5D6D7D8D9DADBDCDDDEDF22
:200EE000E0E1E2E3E4E5E6E7E8E9EAEBECEDEEEFF0F1F2F3F4F5F6F7F8F9FAFBFCFDFEFF02
:200F0000000102030405060708090A0B0C0D0E0F101112131415161718191A1B1C1D1E1FE1
:200F2000202122232425262728292A2B2C2D2E2F303132333435363738393A3B3C3D3E3FC1
:200F4000404142434445464748494A4B4C4D4E4F505152535455565758595A5B5C5D5E5FA1
:200F6000606162636465666768696A6B6C6D6E6F707172737475767778797A7B7C7D7E7F81
:200F8000808182838485868788898A8B8C8D8E8F909192939495969798999A9B9C9D9E9F61
:200FA000A0A1A2A3A4A5A6A7A8A9AAABACADAEAFB0B1B2B3B4B5B6B7B8B9BABBBCBDBEBF41
:200FC000C0C1C2C3C4C5C6C7C8C9CACBCCCDCECFD0D1D2D3D4D5D6D7D8D9DADBDCDDDEDF21
:200FE000E0E1E2E3E4E5E6E7E8E9EAEBECEDEEEFF0F1F2F3F4F5F6F7F8F9FAFBFCFDFEFF01
:20100000000102030405060708090A0B0C0D0E0F101112131415161718191A1B1C1D1E1FE0
:20102000202122232425262728292A2B2C2D2E2F303132333435363738393A3B3C3D3E3FC0
:20104000404142434445464748494A4B4C4D4E4F505152535455565758595A5B5C5D5E5FA0
:20106000606162636465666768696A6B6C6D6E6F707172737475767778797A7B7C7D7E7F80
:20108000808182838485868788898A8B8C8D8E8F909192939495969798999A9B9C9D9E9F60
:2010A000A0A1A2A3A4A5A6A7A8A9AAABACADAEAFB0B1B2B3B4B5B6B7B8B9BABBBCBDBEBF40
:2010C000C0C1C2C3C4C5C6C7C8C9CACBCCCDCECFD0D1D2D3D4D5D6D7D8D9DADBDCDDDEDF20
:2010E000E0E1E2E3E4E5E6E7E8E9EAEBECEDEEEFF0F1F2F3F4F5F6F7F8F9FAFBFCFDFEFF00
:20110000000102030405060708090A0B0C0D0E0F101112131415161718191A1B1C1D1E1FDF
:20112000202122232425262728292A2B2C2D2E2F303132333435363738393A3B3C3D3E3FBF
:20114000404142434445464748494A4B4C4D4E4F505152535455565758595A5B5C5D5E5F9F
:20116000606162636465666768696A6B6C6D6E6F707172737475767778797A7B7C7D7E7F7F
:20118000808182838485868788898A8B8C8D8E8F909192939495969798999A9B9C9D9E9F5F
:2011A000A0A1A2A3A4A5A6A7A8A9AAABACADAEAFB0B1B2B3B4B5B6B7B8B9BABBBCBDBEBF3F
:2011C000C0C1C2C3C4C5C6C7C8C9CACBCCCDCECFD0D1D2D3D4D5D6D7D8D9DADBDCDDDEDF1F
:2011E000E0E1E2E3E4E5E6E7E8E9EAEBECEDEEEFF0F1F2F3F4F5F6F7F8F9FAFBFCFDFEFFFF
:20120000000102030405060708090A0B0C0D0E0F101112131415161718191A1B1C1D1E1FDE
:20122000202122232425262728292A2B2C2D2E2F303132333435363738393A3B3C3D3E3FBE
:20124000404142434445464748494A4B4C4D4E4F505152535455565758595A5B5C5D5E5F9E
:20126000606162636465666768696A6B6C6D6E6F707172737475767778797A7B7C7D7E7F7E
:20128000808182838485868788898A8B8C8D8E8F909192939495969798999A9B9C9D9E9F5E
:2012A000A0A1A2A3A4A5A6A7A8A9AAABACADAEAFB0B1B2B3B4B5B6B7B8B9BABBBCBDBEBF3E
:2012C000C0C1C2C3C4C5C6C7C8C9CACBCCCDCECFD0D1D2D3D4D5D6D7D8D9DADBDCDDDEDF1E
:2012E000E0E1E2E3E4E5E6E7E8E9EAEBECEDEEEFF0F1F2F3F4F5F6F7F8F9FAFBFCFDFEFFFE
:20130000000102030405060708090A0B0C0D0E0F101112131415161718191A1B1C1D1E1FDD
:20132000202122232425262728292A2B2C2D2E2F303132333435363738393A3B3C3D3E3FBD
:20134000404142434445464748494A4B4C4D4E4F505152535455565758595A5B5C5D5E5F9D
:20136000606162636465666768696A6B6C6D6E6F707172737475767778797A7B7C7D7E7F7D
:20138000808182838485868788898A8B8C8D8E8F909192939495969798999A9B9C9D9E9F5D
:2013A000A0A1A2A3A4A5A6A7A8A9AAABACADAEAFB0B1B2B3B4B5B6B7B8B9BABBBCBDBEBF3D
:2013C000C0C1C2C3C4C5C6C7C8C9CACBCCCDCECFD0D1D2D3D4D5D6D7D8D9DADBDCDDDEDF1D
:2013E000E0E1E2E3E4E5E6E7E8E9EAEBECEDEEEFF0F1F2F3F4F5F6F7F8F9FAFBFCFDFEFFFD
:20140000000102030405060708090A0B0C0D0E0F101112131415161718191A1B1C1D1E1FDC
:20142000202122232425262728292A2B2C2D2E2F303132333435363738393A3B3C3D3E3FBC
:20144000404142434445464748494A4B4C4D4E4F505152535455565758595A5B5C5D5E5F9C
:20146000606162636465666768696A6B6C6D6E6F707172737475767778797A7B7C7D7E7F7C
:20148000808182838485868788898A8B8C8D8E8F909192939495969798999A9B9C9D9E9F5C
:2014A000A0A1A2A3A4A5A6A7A8A9AAABACADAEAFB0B1B2B3B4B5B6B7B8B9BABBBCBDBEBF3C
:2014C000C0C1C2C3C4C5C6C7C8C9CACBCCCDCECFD0D1D2D3D4D5D6D7D8D9DADBDCDDDEDF1C
:2014E000E0E1E2E3E4E5E6E7E8E9EAEBECEDEEEFF0F1F2F3F4F5F6F7F8F9FAFBFCFDFEFFFC
:20150000000102030405060708090A0B0C0D0E0F101112131415161718191A1B1C1D1E1FDB
:20152000202122232425262728292A2B2C2D2E2F303132333435363738393A3B3C3D3E3FBB
:20154000404142434445464748494A4B4C4D4E4F505152535455565758595A5B5C5D5E5F9B
:20156000606162636465666768696A6B6C6D6E6F707172737475767778797A7B7C7D7E7F7B
:20158000808182838485868788898A8B8C8D8E8F909192939495969798999A9B9C9D9E9F5B
:2015A000A0A1A2A3A4A5A6A7A8A9AAABACADAEAFB0B1B2B3B4B5B6B7B8B9BABBBCBDBEBF3B
:2015C000C0C1C2C3C4C5C6C7C8C9CACBCCCDCECFD0D1D2D3D4D5D6D7D8D9DADBDCDDDEDF1B
:2015E000E0E1E2E3E4E5E6E7E8E9EAEBECEDEEEFF0F1F2F3F4F5F6F7F8F9FAFBFCFDFEFFFB
:20160000000102030405060708090A0B0C0D0E0F101112131415161718191A1B1C1D1E1FDA
:20162000202122232425262728292A2B2C2D2E2F303132333435363738393A3B3C3D3E3FBA
:20164000404142434445464748494A4B4C4D4E4F505152535455565758595A5B5C5D5E5F9A
:20166000606162636465666768696A6B6C6D6E6F707172737475767778797A7B7C7D7E7F7A
:20168000808182838485868788898A8B8C8D8E8F909192939495969798999A9B9C9D9E9F5A
:2016A000A0A1A2A3A4A5A6A7A8A9AAABACADAEAFB0B1B2B3B4B5B6B7B8B9BABBBCBDBEBF3A
:2016C000C0C1C2C3C4C5C6C7C8C9CACBCCCDCECFD0D1D2D3D4D5D6D7D8D9DADBDCDDDEDF1A
:2016E000E0E1E2E3E4E5E6E7E8E9EAEBECEDEEEFF0F1F2F3F4F5F6F7F8F9FAFBFCFDFEFFFA
:20170000000102030405060708090A0B0C0D0E0F101112131415161718191A1B1C1D1E1FD9
:20172000202122232425262728292A2B2C2D2E2F303132333435363738393A3B3C3D3E3FB9
:20174000404142434445464748494A4B4C4D4E4F505152535455565758595A5B5C5D5E5F99
:20176000606162636465666768696A6B6C6D6E6F707172737475767778797A7B7C7D7E7F79
:20178000808182838485868788898A8B8C8D8E8F909192939495969798999A9B9C9D9E9F59
:2017A000A0A1A2A3A4A5A6A7A8A9AAABACADAEAFB0B1B2B3B4B5B6B7B8B9BABBBCBDBEBF39
:2017C000C0C1C2C3C4C5C6C7C8C9CACBCCCDCECFD0D1D2D3D4D5D6D7D8D9DADBDCDDDEDF19
:2017E000E0E1E2E3E4E5E6E7E8E9EAEBECEDEEEFF0F1F2F3F4F5F6F7F8F9FAFBFCFDFEFFF9
:20180000000102030405060708090A0B0C0D0E0F101112131415161718191A1B1C1D1E1FD8
:20182000202122232425262728292A2B2C2D2E2F303132333435363738393A3B3C3D3E3FB8
:20184000404142434445464748494A4B4C4D4E4F505152535455565758595A5B5C5D5E5F98
:20186000606162636465666768696A6B6C6D6E6F707172737475767778797A7B7C7D7E7F78
:20188000808182838485868788898A8B8C8D8E8F909192939495969798999A9B9C9D9E9F58
:2018A000A0A1A2A3A4A5A6A7A8A9AAABACADAEAFB0B1B2B3B4B5B6B7B8B9BABBBCBDBEBF38
:2018C000C0C1C2C3C4C5C6C7C8C9CACBCCCDCECFD0D1D2D3D4D5D6D7D8D9DADBDCDDDEDF18
:2018E000E0E1E2E3E4E5E6E7E8E9EAEBECEDEEEFF0F1F2F3F4F5F6F7F8F9FAFBFCFDFEFFF8
:20190000000102030405060708090A0B0C0D0E0F101112131415161718191A1B1C1D1E1FD7
:20192000202122232425262728292A2B2C2D2E2F303132333435363738393A3B3C3D3E3FB7
:20194000404142434445464748494A4B4C4D4E4F505152535455565758595A5B5C5D5E5F97
:20196000606162636465666768696A6B6C6D6E6F707172737475767778797A7B7C7D7E7F77
:20198000808182838485868788898A8B8C8D8E8F909192939495969798999A9B9C9D9E9F57
:2019A000A0A1A2A3A4A5A6A7A8A9AAABACADAEAFB0B1B2B3B4B5B6B7B8B9BABBBCBDBEBF37
:2019C000C0C1C2C3C4C5C6C7C8C9CACBCCCDCECFD0D1D2D3D4D5D6D7D8D9DADBDCDDDEDF17
:2019E000E0E1E2E3E4E5E6E7E8E9EAEBECEDEEEFF0F1F2F3F4F5F6F7F8F9FAFBFCFDFEFFF7
:201A0000000102030405060708090A0B0C0D0E0F101112131415161718191A1B1C1D1E1FD6
:201A2000202122232425262728292A2B2C2D2E2F303132333435363738393A3B3C3D3E3FB6
:201A4000404142434445464748494A4B4C4D4E4F505152535455565758595A5B5C5D5E5F96
:201A6000606162636465666768696A6B6C6D6E6F707172737475767778797A7B7C7D7E7F76
:201A8000808182838485868788898A8B8C8D8E8F909192939495969798999A9B9C9D9E9F56
:201AA000A0A1A2A3A4A5A6A7A8A9AAABACADAEAFB0B1B2B3B4B5B6B7B8B9BABBBCBDBEBF36
:201AC000C0C1C2C3C4C5C6C7C8C9CACBCCCDCECFD0D1D2D3D4D5D6D7D8D9DADBDCDDDEDF16
:201AE000E0E1E2E3E4E5E6E7E8E9EAEBECEDEEEFF0F1F2F3F4F5F6F7F8F9FAFBFCFDFEFFF6
:201B0000000102030405060708090A0B0C0D0E0F101112131415161718191A1B1C1D1E1FD5
:201B2000202122232425262728292A2B2C2D2E2F303132333435363738393A3B3C3D3E3FB5
:201B4000404142434445464748494A4B4C4D4E4F505152535455565758595A5B5C5D5E5F95
:201B6000606162636465666768696A6B6C6D6E6F707172737475767778797A7B7C7D7E7F75
:201B8000808182838485868788898A8B8C8D8E8F909192939495969798999A9B9C9D9E9F55
:201BA000A0A1A2A3A4A5A6A7A8A9AAABACADAEAFB0B1B2B3B4B5B6B7B8B9BABBBCBDBEBF35
:201BC000C0C1C2C3C4C5C6C7C8C9CACBCCCDCECFD0D1D2D3D4D5D6D7D8D9DADBDCDDDEDF15
:201BE000E0E1E2E3E4E5E6E7E8E9EAEBECEDEEEFF0F1F2F3F4F5F6F7F8F9FAFBFCFDFEFFF5
:201C0000000102030405060708090A0B0C0D0E0F101112131415161718191A1B1C1D1E1FD4
:201C2000202122232425262728292A2B2C2D2E2F303132333435363738393A3B3C3D3E3FB4
:201C4000404142434445464748494A4B4C4D4E4F505152535455565758595A5B5C5D5E5F94
:201C6000606162636465666768696A6B6C6D6E6F707172737475767778797A7B7C7D7E7F74
:201C8000808182838485868788898A8B8C8D8E8F909192939495969798999A9B9C9D9E9F54
:201CA000A0A1A2A3A4A5A6A7A8A9AAABACADAEAFB0B1B2B3B4B5B6B7B8B9BABBBCBDBEBF34
:201CC000C0C1C2C3C4C5C6C7C8C9CACBCCCDCECFD0D1D2D3D4D5D6D7D8D9DADBDCDDDEDF14
:201CE000E0E1E2E3E4E5E6E7E8E9EAEBECEDEEEFF0F1F2F3F4F5F6F7F8F9FAFBFCFDFEFFF4
:201D0000000102030405060708090A0B0C0D0E0F101112131415161718191A1B1C1D1E1FD3
:201D2000202122232425262728292A2B2C2D2E2F303132333435363738393A3B3C3D3E3FB3
:201D4000404142434445464748494A4B4C4D4E4F505152535455565758595A5B5C5D5E5F93
:201D6000606162636465666768696A6B6C6D6E6F707172737475767778797A7B7C7D7E7F73
:201D8000808182838485868788898A8B8C8D8E8F909192939495969798999A9B9C9D9E9F53
:201DA000A0A1A2A3A4A5A6A7A8A9AAABACADAEAFB0B1B2B3B4B5B6B7B8B9BABBBCBDBEBF33
:201DC000C0C1C2C3C4C5C6C7C8C9CACBCCCDCECFD0D1D2D3D4D5D6D7D8D9DADBDCDDDEDF13
:201DE000E0E1E2E3E4E5E6E7E8E9EAEBECEDEEEFF0F1F2F3F4F5F6F7F8F9FAFBFCFDFEFFF3
:201E0000000102030405060708090A0B0C0D0E0F101112131415161718191A1B1C1D1E1FD2
:201E2000202122232425262728292A2B2C2D2E2F303132333435363738393A3B3C3D3E3FB2
:201E4000404142434445464748494A4B4C4D4E4F505152535455565758595A5B5C5D5E5F92
:201E6000606162636465666768696A6B6C6D6E6F707172737475767778797A7B7C7D7E7F72
:201E8000808182838485868788898A8B8C8D8E8F909192939495969798999A9B9C9D9E9F52
:201EA000A0A1A2A3A4A5A6A7A8A9AAABACADAEAFB0B1B2B3B4B5B6B7B8B9BABBBCBDBEBF32
:201EC000C0C1C2C3C4C5C6C7C8C9CACBCCCDCECFD0D1D2D3D4D5D6D7D8D9DADBDCDDDEDF12
:201EE000E0E1E2E3E4E5E6E7E8E9EAEBECEDEEEFF0F1F2F3F4F5F6F7F8F9FAFBFCFDFEFFF2
:201F0000000102030405060708090A0B0C0D0E0F101112131415161718191A1B1C1D1E1FD1
:201F2000202122232425262728292A2B2C2D2E2F303132333435363738393A3B3C3D3E3FB1
:201F4000404142434445464748494A4B4C4D4E4F505152535455565758595A5B5C5D5E5F91
:201F6000606162636465666768696A6B6C6D6E6F707172737475767778797A7B7C7D7E7F71
:201F8000808182838485868788898A8B8C8D8E8F909192939495969798999A9B9C9D9E9F51
:201FA000A0A1A2A3A4A5A6A7A8A9AAABACADAEAFB0B1B2B3B4B5B6B7B8B9BABBBCBDBEBF31
:201FC000C0C1C2C3C4C5C6C7C8C9CACBCCCDCECFD0D1D2D3D4D5D6D7D8D9DADBDCDDDEDF11
:201FE000E0E1E2E3E4E5E6E7E8E9EAEBECEDEEEFF0F1F2F3F4F5F6F7F8F9FAFBFCFDFEFFF1
:02000004008179
:20000000000102030405060708090A0B0C0D0E0F101112131415161718191A1B1C1D1E1FF0
:20002000202122232425262728292A2B2C2D2E2F303132333435363738393A3B3C3D3E3FD0
:20004000404142434445464748494A4B4C4D4E4F505152535455565758595A5B5C5D5E5FB0
:20006000606162636465666768696A6B6C6D6E6F707172737475767778797A7B7C7D7E7F90
:20008000808182838485868788898A8B8C8D8E8F909192939495969798999A9B9C9D9E9F70
:2000A000A0A1A2A3A4A5A6A7A8A9AAABACADAEAFB0B1B2B3B4B5B6B7B8B9BABBBCBDBEBF50
:2000C000C0C1C2C3C4C5C6C7C8C9CACBCCCDCECFD0D1D2D3D4D5D6D7D8D9DADBDCDDDEDF30
:2000E000E0E1E2E3E4E5E6E7E8E9EAEBECEDEEEFF0F1F2F3F4F5F6F7F8F9FAFBFCFDFEFF10
:20010000000102030405060708090A0B0C0D0E0F101112131415161718191A1B1C1D1E1FEF
:20012000202122232425262728292A2B2C2D2E2F303132333435363738393A3B3C3D3E3FCF
:20014000404142434445464748494A4B4C4D4E4F505152535455565758595A5B5C5D5E5FAF
:20016000606162636465666768696A6B6C6D6E6F707172737475767778797A7B7C7D7E7F8F
:20018000808182838485868788898A8B8C8D8E8F909192939495969798999A9B9C9D9E9F6F
:2001A000A0A1A2A3A4A5A6A7A8A9AAABACADAEAFB0B1B2B3B4B5B6B7B8B9BABBBCBDBEBF4F
:2001C000C0C1C2C3C4C5C6C7C8C9CACBCCCDCECFD0D1D2D3D4D5D6D7D8D9DADBDCDDDEDF2F
:2001E000E0E1E2E3E4E5E6E7E8E9EAEBECEDEEEFF0F1F2F3F4F5F6F7F8F9FAFBFCFDFEFF0F
:20020000000102030405060708090A0B0C0D0E0F101112131415161718191A1B1C1D1E1FEE
:20022000202122232425262728292A2B2C2D2E2F303132333435363738393A3B3C3D3E3FCE
:20024000404142434445464748494A4B4C4D4E4F505152535455565758595A5B5C5D5E5FAE
:20026000606162636465666768696A6B6C6D6E6F707172737475767778797A7B7C7D7E7F8E
:20028000808182838485868788898A8B8C8D8E8F909192939495969798999A9B9C9D9E9F6E
:2002A000A0A1A2A3A4A5A6A7A8A9AAABACADAEAFB0B1B2B3B4B5B6B7B8B9BABBBCBDBEBF4E
:2002C000C0C1C2C3C4C5C6C7C8C9CACBCCCDCECFD0D1D2D3D4D5D6D7D8D9DADBDCDDDEDF2E
:2002E000E0E1E2E3E4E5E6E7E8E9EAEBECEDEEEFF0F1F2F3F4F5F6F7F8F9FAFBFCFDFEFF0E
:20030000000102030405060708090A0B0C0D0E0F101112131415161718191A1B1C1D1E1FED
:20032000202122232425262728292A2B2C2D2E2F303132333435363738393A3B3C3D3E3FCD
:20034000404142434445464748494A4B4C4D4E4F505152535455565758595A5B5C5D5E5FAD
:20036000606162636465666768696A6B6C6D6E6F707172737475767778797A7B7C7D7E7F8D
:20038000808182838485868788898A8B8C8D8E8F909192939495969798999A9B9C9D9E9F6D
:2003A000A0A1A2A3A4A5A6A7A8A9AAABACADAEAFB0B1B2B3B4B5B6B7B8B9BABBBCBDBEBF4D
:2003C000C0C1C2C3C4C5C6C7C8C9CACBCCCDCECFD0D1D2D3D4D5D6D7D8D9DADBDCDDDEDF2D
:2003E000E0E1E2E3E4E5E6E7E8E9EAEBECEDEEEFF0F1F2F3F4F5F6F7F8F9FAFBFCFDFEFF0D
:20040000000102030405060708090A0B0C0D0E0F101112131415161718191A1B1C1D1E1FEC
:20042000202122232425262728292A2B2C2D2E2F303132333435363738393A3B3C3D3E3FCC
:20044000404142434445464748494A4B4C4D4E4F505152535455565758595A5B5C5D5E5FAC
:20046000606162636465666768696A6B6C6D6E6F707172737475767778797A7B7C7D7E7F8C
:20048000808182838485868788898A8B8C8D8E8F909192939495969798999A9B9C9D9E9F6C
:2004A000A0A1A2A3A4A5A6A7A8A9AAABACADAEAFB0B1B2B3B4B5B6B7B8B9BABBBCBDBEBF4C
:2004C000C0C1C2C3C4C5C6C7C8C9CACBCCCDCECFD0D1D2D3D4D5D6D7D8D9DADBDCDDDEDF2C
:2004E000E0E1E2E3E4E5E6E7E8E9EAEBECEDEEEFF0F1F2F3F4F5F6F7F8F9FAFBFCFDFEFF0C
:20050000000102030405060708090A0B0C0D0E0F101112131415161718191A1B1C1D1E1FEB
:20052000202122232425262728292A2B2C2D2E2F303132333435363738393A3B3C3D3E3FCB
:20054000404142434445464748494A4B4C4D4E4F505152535455565758595A5B5C5D5E5FAB
:20056000606162636465666768696A6B6C6D6E6F707172737475767778797A7B7C7D7E7F8B
:20058000808182838485868788898A8B8C8D8E8F909192939495969798999A9B9C9D9E9F6B
:2005A000A0A1A2A3A4A5A6A7A8A9AAABACADAEAFB0B1B2B3B4B5B6B7B8B9BABBBCBDBEBF4B
:2005C000C0C1C2C3C4C5C6C7C8C9CACBCCCDCECFD0D1D2D3D4D5D6D7D8D9DADBDCDDDEDF2B
:2005E000E0E1E2E3E4E5E6E7E8E9EAEBECEDEEEFF0F1F2F3F4F5F6F7F8F9FAFBFCFDFEFF0B
:20060000000102030405060708090A0B0C0D0E0F101112131415161718191A1B1C1D1E1FEA
:20062000202122232425262728292A2B2C2D2E2F303132333435363738393A3B3C3D3E3FCA
:20064000404142434445464748494A4B4C4D4E4F505152535455565758595A5B5C5D5E5FAA
:20066000606162636465666768696A6B6C6D6E6F707172737475767778797A7B7C7D7E7F8A
:20068000808182838485868788898A8B8C8D8E8F909192939495969798999A9B9C9D9E9F6A
:2006A000A0A1A2A3A4A5A6A7A8A9AAABACADAEAFB0B1B2B3B4B5B6B7B8B9BABBBCBDBEBF4A
:2006C000C0C1C2C3C4C5C6C7C8C9CACBCCCDCECFD0D1D2D3D4D5D6D7D8D9DADBDCDDDEDF2A
:2006E000E0E1E2E3E4E5E6E7E8E9EAEBECEDEEEFF0F1F2F3F4F5F6F7F8F9FAFBFCFDFEFF0A
:20070000000102030405060708090A0B0C0D0E0F101112131415161718191A1B1C1D1E1FE9
:20072000202122232425262728292A2B2C2D2E2F303132333435363738393A3B3C3D3E3FC9
:20074000404142434445464748494A4B4C4D4E4F505152535455565758595A5B5C5D5E5FA9
:20076000606162636465666768696A6B6C6D6E6F707172737475767778797A7B7C7D7E7F89
:20078000808182838485868788898A8B8C8D8E8F909192939495969798999A9B9C9D9E9F69
:2007A000A0A1A2A3A4A5A6A7A8A9AAABACADAEAFB0B1B2B3B4B5B6B7B8B9BABBBCBDBEBF49
:2007C000C0C1C2C3C4C5C6C7C8C9CACBCCCDCECFD0D1D2D3D4D5D6D7D8D9DADBDCDDDEDF29
:2007E000E0E1E2E3E4E5E6E7E8E9EAEBECEDEEEFF0F1F2F3F4F5F6F7F8F9FAFBFCFDFEFF09
:02000004008278
:0600000035BEFFFFF2EF28
:02000004008575
:20000000000102030405060708090A0B0C0D0E0F101112131415161718191A1B1C1D1E1FF0
:20002000202122232425262728292A2B2C2D2E2F303132333435363738393A3B3C3D3E3FD0
:20004000404142434445464748494A4B4C4D4E4F505152535455565758595A5B5C5D5E5FB0
:20006000606162636465666768696A6B6C6D6E6F707172737475767778797A7B7C7D7E7F90
:20008000808182838485868788898A8B8C8D8E8F909192939495969798999A9B9C9D9E9F70
:2000A000A0A1A2A3A4A5A6A7A8A9AAABACADAEAFB0B1B2B3B4B5B6B7B8B9BABBBCBDBEBF50
:2000C000C0C1C2C3C4C5C6C7C8C9CACBCCCDCECFD0D1D2D3D4D5D6D7D8D9DADBDCDDDEDF30
:2000E000E0E1E2E3E4E5E6E7E8E9EAEBECEDEEEFF0F1F2F3F4F5F6F7F8F9FAFBFCFDFEFF10
:20010000000102030405060708090A0B0C0D0E0F101112131415161718191A1B1C1D1E1FEF
:20012000202122232425262728292A2B2C2D2E2F303132333435363738393A3B3C3D3E3FCF
:20014000404142434445464748494A4B4C4D4E4F505152535455565758595A5B5C5D5E5FAF
:20016000606162636465666768696A6B6C6D6E6F707172737475767778797A7B7C7D7E7F8F
:20018000808182838485868788898A8B8C8D8E8F909192939495969798999A9B9C9D9E9F6F
:2001A000A0A1A2A3A4A5A6A7A8A9AAABACADAEAFB0B1B2B3B4B5B6B7B8B9BABBBCBDBEBF4F
:2001C000C0C1C2C3C4C5C6C7C8C9CACBCCCDCECFD0D1D2D3D4D5D6D7D8D9DADBDCDDDEDF2F
:2001E000E0E1E2E3E4E5E6E7E8E9EAEBECEDEEEFF0F1F2F3F4F5F6F7F8F9FAFBFCFDFEFF0F
:00000001FF
