:020000040000FA
:10000000A5A4A7A6A1A0A3A2ADACAFAEA9A8ABAA78
:10001000B5B4B7B6B1B0B3B2BDBCBFBEB9B8BBBA68
:1000200085848786818083828D8C8F8E89888B8A58
:1000300095949796919093929D9C9F9E99989B9A48
:10004000E5E4E7E6E1E0E3E2EDECEFEEE9E8EBEA38
:10005000F5F4F7F6F1F0F3F2FDFCFEFEF9F8FBFA29
:10006000C5C4C7C6C1C0C3C2CDCCCFCEC9C8CBCA18
:10007000D5D4D7D6D1D0D3D2DDDCDFDED9D8DBDA08
:1000800025242726212023222D2C2F2E29282B2AF8
:1000900035343736313033323D3C3F3E39383B3AE8
:1000A00005040706010003020D0C0F0E09080B0AD8
:1000B00015141716111013121D1C1F1E19181B1AC8
:1000C00065646766616063626D6C6F6E69686B6AB8
:1000D00075747776717073727D7C7F7E79787B7AA8
:1000E00045444746414043424D4C4F4E49484B4A98
:1000F00055545756515053525D5C5F5E59585B5A88
:10010000A5A4A7A6A1A0A3A2ADACAFAEA9A8ABAA77
:10011000B5B4B7B6B1B0B3B2BDBCBFBEB9B8BBBA67
:1001200085848786818083828D8C8F8E89888B8A57
:1001300095949796919093929D9C9F9E99989B9A47
:10014000E5E4E7E6E1E0E3E2EDECEFEEE9E8EBEA37
:10015000F5F4F7F6F1F0F3F2FDFCFEFEF9F8FBFA28
:10016000C5C4C7C6C1C0C3C2CDCCCFCEC9C8CBCA17
:10017000D5D4D7D6D1D0D3D2DDDCDFDED9D8DBDA07
:1001800025242726212023222D2C2F2E29282B2AF7
:1001900035343736313033323D3C3F3E39383B3AE7
:1001A00005040706010003020D0C0F0E09080B0AD7
:1001B00015141716111013121D1C1F1E19181B1AC7
:1001C00065646766616063626D6C6F6E69686B6AB7
:1001D00075747776717073727D7C7F7E79787B7AA7
:1001E00045444746414043424D4C4F4E49484B4A97
:1001F00055545756515053525D5C5F5E59585B5A87
:10020000A5A4A7A6A1A0A3A2ADACAFAEA9A8ABAA76
:10021000B5B4B7B6B1B0B3B2BDBCBFBEB9B8BBBA66
:1002200085848786818083828D8C8F8E89888B8A56
:1002300095949796919093929D9C9F9E99989B9A46
:10024000E5E4E7E6E1E0E3E2EDECEFEEE9E8EBEA36
:10025000F5F4F7F6F1F0F3F2FDFCFEFEF9F8FBFA27
:10026000C5C4C7C6C1C0C3C2CDCCCFCEC9C8CBCA16
:10027000D5D4D7D6D1D0D3D2DDDCDFDED9D8DBDA06
:1002800025242726212023222D2C2F2E29282B2AF6
:1002900035343736313033323D3C3F3E39383B3AE6
:1002A00005040706010003020D0C0F0E09080B0AD6
:1002B00015141716111013121D1C1F1E19181B1AC6
:1002C00065646766616063626D6C6F6E69686B6AB6
:1002D00075747776717073727D7C7F7E79787B7AA6
:1002E00045444746414043424D4C4F4E49484B4A96
:1002F00055545756515053525D5C5F5E59585B5A86
:10030000A5A4A7A6A1A0A3A2ADACAFAEA9A8ABAA75
:10031000B5B4B7B6B1B0B3B2BDBCBFBEB9B8BBBA65
:1003200085848786818083828D8C8F8E89888B8A55
:1003300095949796919093929D9C9F9E99989B9A45
:10034000E5E4E7E6E1E0E3E2EDECEFEEE9E8EBEA35
:10035000F5F4F7F6F1F0F3F2FDFCFEFEF9F8FBFA26
:10036000C5C4C7C6C1C0C3C2CDCCCFCEC9C8CBCA15
:10037000D5D4D7D6D1D0D3D2DDDCDFDED9D8DBDA05
:1003800025242726212023222D2C2F2E29282B2AF5
:1003900035343736313033323D3C3F3E39383B3AE5
:1003A00005040706010003020D0C0F0E09080B0AD5
:1003B00015141716111013121D1C1F1E19181B1AC5
:1003C00065646766616063626D6C6F6E69686B6AB5
:1003D00075747776717073727D7C7F7E79787B7AA5
:1003E00045444746414043424D4C4F4E49484B4A95
:1003F00055545756515053525D5C5F5E59585B5A85
:10040000A5A4A7A6A1A0A3A2ADACAFAEA9A8ABAA74
:10041000B5B4B7B6B1B0B3B2BDBCBFBEB9B8BBBA64
:1004200085848786818083828D8C8F8E89888B8A54
:1004300095949796919093929D9C9F9E99989B9A44
:10044000E5E4E7E6E1E0E3E2EDECEFEEE9E8EBEA34
:10045000F5F4F7F6F1F0F3F2FDFCFEFEF9F8FBFA25
:10046000C5C4C7C6C1C0C3C2CDCCCFCEC9C8CBCA14
:10047000D5D4D7D6D1D0D3D2DDDCDFDED9D8DBDA04
:1004800025242726212023222D2C2F2E29282B2AF4
:1004900035343736313033323D3C3F3E39383B3AE4
:1004A00005040706010003020D0C0F0E09080B0AD4
:1004B00015141716111013121D1C1F1E19181B1AC4
:1004C00065646766616063626D6C6F6E69686B6AB4
:1004D00075747776717073727D7C7F7E79787B7AA4
:1004E00045444746414043424D4C4F4E49484B4A94
:1004F00055545756515053525D5C5F5E59585B5A84
:10050000A5A4A7A6A1A0A3A2ADACAFAEA9A8ABAA73
:10051000B5B4B7B6B1B0B3B2BDBCBFBEB9B8BBBA63
:1005200085848786818083828D8C8F8E89888B8A53
:1005300095949796919093929D9C9F9E99989B9A43
:10054000E5E4E7E6E1E0E3E2EDECEFEEE9E8EBEA33
:10055000F5F4F7F6F1F0F3F2FDFCFEFEF9F8FBFA24
:10056000C5C4C7C6C1C0C3C2CDCCCFCEC9C8CBCA13
:10057000D5D4D7D6D1D0D3D2DDDCDFDED9D8DBDA03
:1005800025242726212023222D2C2F2E29282B2AF3
:1005900035343736313033323D3C3F3E39383B3AE3
:1005A00005040706010003020D0C0F0E09080B0AD3
:1005B00015141716111013121D1C1F1E19181B1AC3
:1005C00065646766616063626D6C6F6E69686B6AB3
:1005D00075747776717073727D7C7F7E79787B7AA3
:1005E00045444746414043424D4C4F4E49484B4A93
:1005F00055545756515053525D5C5F5E59585B5A83
:10060000A5A4A7A6A1A0A3A2ADACAFAEA9A8ABAA72
:10061000B5B4B7B6B1B0B3B2BDBCBFBEB9B8BBBA62
:1006200085848786818083828D8C8F8E89888B8A52
:1006300095949796919093929D9C9F9E99989B9A42
:10064000E5E4E7E6E1E0E3E2EDECEFEEE9E8EBEA32
:10065000F5F4F7F6F1F0F3F2FDFCFEFEF9F8FBFA23
:10066000C5C4C7C6C1C0C3C2CDCCCFCEC9C8CBCA12
:10067000D5D4D7D6D1D0D3D2DDDCDFDED9D8DBDA02
:1006800025242726212023222D2C2F2E29282B2AF2
:1006900035343736313033323D3C3F3E39383B3AE2
:1006A00005040706010003020D0C0F0E09080B0AD2
:1006B00015141716111013121D1C1F1E19181B1AC2
:1006C00065646766616063626D6C6F6E69686B6AB2
:1006D00075747776717073727D7C7F7E79787B7AA2
:1006E00045444746414043424D4C4F4E49484B4A92
:1006F00055545756515053525D5C5F5E59585B5A82
:10070000A5A4A7A6A1A0A3A2ADACAFAEA9A8ABAA71
:10071000B5B4B7B6B1B0B3B2BDBCBFBEB9B8BBBA61
:1007200085848786818083828D8C8F8E89888B8A51
:1007300095949796919093929D9C9F9E99989B9A41
:10074000E5E4E7E6E1E0E3E2EDECEFEEE9E8EBEA31
:10075000F5F4F7F6F1F0F3F2FDFCFEFEF9F8FBFA22
:10076000C5C4C7C6C1C0C3C2CDCCCFCEC9C8CBCA11
:10077000D5D4D7D6D1D0D3D2DDDCDFDED9D8DBDA01
:1007800025242726212023222D2C2F2E29282B2AF1
:1007900035343736313033323D3C3F3E39383B3AE1
:1007A00005040706010003020D0C0F0E09080B0AD1
:1007B00015141716111013121D1C1F1E19181B1AC1
:1007C00065646766616063626D6C6F6E69686B6AB1
:1007D00075747776717073727D7C7F7E79787B7AA1
:1007E00045444746414043424D4C4F4E49484B4A91
:1007F00055545756515053525D5C5F5E59585B5A81
:10080000A5A4A7A6A1A0A3A2ADACAFAEA9A8ABAA70
:10081000B5B4B7B6B1B0B3B2BDBCBFBEB9B8BBBA60
:1008200085848786818083828D8C8F8E89888B8A50
:1008300095949796919093929D9C9F9E99989B9A40
:10084000E5E4E7E6E1E0E3E2EDECEFEEE9E8EBEA30
:10085000F5F4F7F6F1F0F3F2FDFCFEFEF9F8FBFA21
:10086000C5C4C7C6C1C0C3C2CDCCCFCEC9C8CBCA10
:10087000D5D4D7D6D1D0D3D2DDDCDFDED9D8DBDA00
:1008800025242726212023222D2C2F2E29282B2AF0
:1008900035343736313033323D3C3F3E39383B3AE0
:1008A00005040706010003020D0C0F0E09080B0AD0
:1008B00015141716111013121D1C1F1E19181B1AC0
:1008C00065646766616063626D6C6F6E69686B6AB0
:1008D00075747776717073727D7C7F7E79787B7AA0
:1008E00045444746414043424D4C4F4E49484B4A90
:1008F00055545756515053525D5C5F5E59585B5A80
:10090000A5A4A7A6A1A0A3A2ADACAFAEA9A8ABAA6F
:10091000B5B4B7B6B1B0B3B2BDBCBFBEB9B8BBBA5F
:1009200085848786818083828D8C8F8E89888B8A4F
:1009300095949796919093929D9C9F9E99989B9A3F
:10094000E5E4E7E6E1E0E3E2EDECEFEEE9E8EBEA2F
:10095000F5F4F7F6F1F0F3F2FDFCFEFEF9F8FBFA20
:10096000C5C4C7C6C1C0C3C2CDCCCFCEC9C8CBCA0F
:10097000D5D4D7D6D1D0D3D2DDDCDFDED9D8DBDAFF
:1009800025242726212023222D2C2F2E29282B2AEF
:1009900035343736313033323D3C3F3E39383B3ADF
:1009A00005040706010003020D0C0F0E09080B0ACF
:1009B00015141716111013121D1C1F1E19181B1ABF
:1009C00065646766616063626D6C6F6E69686B6AAF
:1009D00075747776717073727D7C7F7E79787B7A9F
:1009E00045444746414043424D4C4F4E49484B4A8F
:1009F00055545756515053525D5C5F5E59585B5A7F
:100A0000A5A4A7A6A1A0A3A2ADACAFAEA9A8ABAA6E
:100A1000B5B4B7B6B1B0B3B2BDBCBFBEB9B8BBBA5E
:100A200085848786818083828D8C8F8E89888B8A4E
:100A300095949796919093929D9C9F9E99989B9A3E
:100A4000E5E4E7E6E1E0E3E2EDECEFEEE9E8EBEA2E
:100A5000F5F4F7F6F1F0F3F2FDFCFEFEF9F8FBFA1F
:100A6000C5C4C7C6C1C0C3C2CDCCCFCEC9C8CBCA0E
:100A7000D5D4D7D6D1D0D3D2DDDCDFDED9D8DBDAFE
:100A800025242726212023222D2C2F2E29282B2AEE
:100A900035343736313033323D3C3F3E39383B3ADE
:100AA00005040706010003020D0C0F0E09080B0ACE
:100AB00015141716111013121D1C1F1E19181B1ABE
:100AC00065646766616063626D6C6F6E69686B6AAE
:100AD00075747776717073727D7C7F7E79787B7A9E
:100AE00045444746414043424D4C4F4E49484B4A8E
:100AF00055545756515053525D5C5F5E59585B5A7E
:100B0000A5A4A7A6A1A0A3A2ADACAFAEA9A8ABAA6D
:100B1000B5B4B7B6B1B0B3B2BDBCBFBEB9B8BBBA5D
:100B200085848786818083828D8C8F8E89888B8A4D
:100B300095949796919093929D9C9F9E99989B9A3D
:100B4000E5E4E7E6E1E0E3E2EDECEFEEE9E8EBEA2D
:100B5000F5F4F7F6F1F0F3F2FDFCFEFEF9F8FBFA1E
:100B6000C5C4C7C6C1C0C3C2CDCCCFCEC9C8CBCA0D
:100B7000D5D4D7D6D1D0D3D2DDDCDFDED9D8DBDAFD
:100B800025242726212023222D2C2F2E29282B2AED
:100B900035343736313033323D3C3F3E39383B3ADD
:100BA00005040706010003020D0C0F0E09080B0ACD
:100BB00015141716111013121D1C1F1E19181B1ABD
:100BC00065646766616063626D6C6F6E69686B6AAD
:100BD00075747776717073727D7C7F7E79787B7A9D
:100BE00045444746414043424D4C4F4E49484B4A8D
:100BF00055545756515053525D5C5F5E59585B5A7D
:100C0000A5A4A7A6A1A0A3A2ADACAFAEA9A8ABAA6C
:100C1000B5B4B7B6B1B0B3B2BDBCBFBEB9B8BBBA5C
:100C200085848786818083828D8C8F8E89888B8A4C
:100C300095949796919093929D9C9F9E99989B9A3C
:100C4000E5E4E7E6E1E0E3E2EDECEFEEE9E8EBEA2C
:100C5000F5F4F7F6F1F0F3F2FDFCFEFEF9F8FBFA1D
:100C6000C5C4C7C6C1C0C3C2CDCCCFCEC9C8CBCA0C
:100C7000D5D4D7D6D1D0D3D2DDDCDFDED9D8DBDAFC
:100C800025242726212023222D2C2F2E29282B2AEC
:100C900035343736313033323D3C3F3E39383B3ADC
:100CA00005040706010003020D0C0F0E09080B0ACC
:100CB00015141716111013121D1C1F1E19181B1ABC
:100CC00065646766616063626D6C6F6E69686B6AAC
:100CD00075747776717073727D7C7F7E79787B7A9C
:100CE00045444746414043424D4C4F4E49484B4A8C
:100CF00055545756515053525D5C5F5E59585B5A7C
:100D0000A5A4A7A6A1A0A3A2ADACAFAEA9A8ABAA6B
:100D1000B5B4B7B6B1B0B3B2BDBCBFBEB9B8BBBA5B
:100D200085848786818083828D8C8F8E89888B8A4B
:100D300095949796919093929D9C9F9E99989B9A3B
:100D4000E5E4E7E6E1E0E3E2EDECEFEEE9E8EBEA2B
:100D5000F5F4F7F6F1F0F3F2FDFCFEFEF9F8FBFA1C
:100D6000C5C4C7C6C1C0C3C2CDCCCFCEC9C8CBCA0B
:100D7000D5D4D7D6D1D0D3D2DDDCDFDED9D8DBDAFB
:100D800025242726212023222D2C2F2E29282B2AEB
:100D900035343736313033323D3C3F3E39383B3ADB
:100DA00005040706010003020D0C0F0E09080B0ACB
:100DB00015141716111013121D1C1F1E19181B1ABB
:100DC00065646766616063626D6C6F6E69686B6AAB
:100DD00075747776717073727D7C7F7E79787B7A9B
:100DE00045444746414043424D4C4F4E49484B4A8B
:100DF00055545756515053525D5C5F5E59585B5A7B
:100E0000A5A4A7A6A1A0A3A2ADACAFAEA9A8ABAA6A
:100E1000B5B4B7B6B1B0B3B2BDBCBFBEB9B8BBBA5A
:100E200085848786818083828D8C8F8E89888B8A4A
:100E300095949796919093929D9C9F9E99989B9A3A
:100E4000E5E4E7E6E1E0E3E2EDECEFEEE9E8EBEA2A
:100E5000F5F4F7F6F1F0F3F2FDFCFEFEF9F8FBFA1B
:100E6000C5C4C7C6C1C0C3C2CDCCCFCEC9C8CBCA0A
:100E7000D5D4D7D6D1D0D3D2DDDCDFDED9D8DBDAFA
:100E800025242726212023222D2C2F2E29282B2AEA
:100E900035343736313033323D3C3F3E39383B3ADA
:100EA00005040706010003020D0C0F0E09080B0ACA
:100EB00015141716111013121D1C1F1E19181B1ABA
:100EC00065646766616063626D6C6F6E69686B6AAA
:100ED00075747776717073727D7C7F7E79787B7A9A
:100EE00045444746414043424D4C4F4E49484B4A8A
:100EF00055545756515053525D5C5F5E59585B5A7A
:100F0000A5A4A7A6A1A0A3A2ADACAFAEA9A8ABAA69
:100F1000B5B4B7B6B1B0B3B2BDBCBFBEB9B8BBBA59
:100F200085848786818083828D8C8F8E89888B8A49
:100F300095949796919093929D9C9F9E99989B9A39
:100F4000E5E4E7E6E1E0E3E2EDECEFEEE9E8EBEA29
:100F5000F5F4F7F6F1F0F3F2FDFCFEFEF9F8FBFA1A
:100F6000C5C4C7C6C1C0C3C2CDCCCFCEC9C8CBCA09
:100F7000D5D4D7D6D1D0D3D2DDDCDFDED9D8DBDAF9
:100F800025242726212023222D2C2F2E29282B2AE9
:100F900035343736313033323D3C3F3E39383B3AD9
:100FA00005040706010003020D0C0F0E09080B0AC9
:100FB00015141716111013121D1C1F1E19181B1AB9
:100FC00065646766616063626D6C6F6E69686B6AA9
:100FD00075747776717073727D7C7F7E79787B7A99
:100FE00045444746414043424D4C4F4E49484B4A89
:100FF00055545756515053525D5C5F5E59585B5A79
:10100000A5A4A7A6A1A0A3A2ADACAFAEA9A8ABAA68
:10101000B5B4B7B6B1B0B3B2BDBCBFBEB9B8BBBA58
:1010200085848786818083828D8C8F8E89888B8A48
:1010300095949796919093929D9C9F9E99989B9A38
:10104000E5E4E7E6E1E0E3E2EDECEFEEE9E8EBEA28
:10105000F5F4F7F6F1F0F3F2FDFCFEFEF9F8FBFA19
:10106000C5C4C7C6C1C0C3C2CDCCCFCEC9C8CBCA08
:10107000D5D4D7D6D1D0D3D2DDDCDFDED9D8DBDAF8
:1010800025242726212023222D2C2F2E29282B2AE8
:1010900035343736313033323D3C3F3E39383B3AD8
:1010A00005040706010003020D0C0F0E09080B0AC8
:1010B00015141716111013121D1C1F1E19181B1AB8
:1010C00065646766616063626D6C6F6E69686B6AA8
:1010D00075747776717073727D7C7F7E79787B7A98
:1010E00045444746414043424D4C4F4E49484B4A88
:1010F00055545756515053525D5C5F5E59585B5A78
:10110000A5A4A7A6A1A0A3A2ADACAFAEA9A8ABAA67
:10111000B5B4B7B6B1B0B3B2BDBCBFBEB9B8BBBA57
:1011200085848786818083828D8C8F8E89888B8A47
:1011300095949796919093929D9C9F9E99989B9A37
:10114000E5E4E7E6E1E0E3E2EDECEFEEE9E8EBEA27
:10115000F5F4F7F6F1F0F3F2FDFCFEFEF9F8FBFA18
:10116000C5C4C7C6C1C0C3C2CDCCCFCEC9C8CBCA07
:10117000D5D4D7D6D1D0D3D2DDDCDFDED9D8DBDAF7
:1011800025242726212023222D2C2F2E29282B2AE7
:1011900035343736313033323D3C3F3E39383B3AD7
:1011A00005040706010003020D0C0F0E09080B0AC7
:1011B00015141716111013121D1C1F1E19181B1AB7
:1011C00065646766616063626D6C6F6E69686B6AA7
:1011D00075747776717073727D7C7F7E79787B7A97
:1011E00045444746414043424D4C4F4E49484B4A87
:1011F00055545756515053525D5C5F5E59585B5A77
:10120000A5A4A7A6A1A0A3A2ADACAFAEA9A8ABAA66
:10121000B5B4B7B6B1B0B3B2BDBCBFBEB9B8BBBA56
:1012200085848786818083828D8C8F8E89888B8A46
:1012300095949796919093929D9C9F9E99989B9A36
:10124000E5E4E7E6E1E0E3E2EDECEFEEE9E8EBEA26
:10125000F5F4F7F6F1F0F3F2FDFCFEFEF9F8FBFA17
:10126000C5C4C7C6C1C0C3C2CDCCCFCEC9C8CBCA06
:10127000D5D4D7D6D1D0D3D2DDDCDFDED9D8DBDAF6
:1012800025242726212023222D2C2F2E29282B2AE6
:1012900035343736313033323D3C3F3E39383B3AD6
:1012A00005040706010003020D0C0F0E09080B0AC6
:1012B00015141716111013121D1C1F1E19181B1AB6
:1012C00065646766616063626D6C6F6E69686B6AA6
:1012D00075747776717073727D7C7F7E79787B7A96
:1012E00045444746414043424D4C4F4E49484B4A86
:1012F00055545756515053525D5C5F5E59585B5A76
:10130000A5A4A7A6A1A0A3A2ADACAFAEA9A8ABAA65
:10131000B5B4B7B6B1B0B3B2BDBCBFBEB9B8BBBA55
:1013200085848786818083828D8C8F8E89888B8A45
:1013300095949796919093929D9C9F9E99989B9A35
:10134000E5E4E7E6E1E0E3E2EDECEFEEE9E8EBEA25
:10135000F5F4F7F6F1F0F3F2FDFCFEFEF9F8FBFA16
:10136000C5C4C7C6C1C0C3C2CDCCCFCEC9C8CBCA05
:10137000D5D4D7D6D1D0D3D2DDDCDFDED9D8DBDAF5
:1013800025242726212023222D2C2F2E29282B2AE5
:1013900035343736313033323D3C3F3E39383B3AD5
:1013A00005040706010003020D0C0F0E09080B0AC5
:1013B00015141716111013121D1C1F1E19181B1AB5
:1013C00065646766616063626D6C6F6E69686B6AA5
:1013D00075747776717073727D7C7F7E79787B7A95
:1013E00045444746414043424D4C4F4E49484B4A85
:1013F00055545756515053525D5C5F5E59585B5A75
:10140000A5A4A7A6A1A0A3A2ADACAFAEA9A8ABAA64
:10141000B5B4B7B6B1B0B3B2BDBCBFBEB9B8BBBA54
:1014200085848786818083828D8C8F8E89888B8A44
:1014300095949796919093929D9C9F9E99989B9A34
:10144000E5E4E7E6E1E0E3E2EDECEFEEE9E8EBEA24
:10145000F5F4F7F6F1F0F3F2FDFCFEFEF9F8FBFA15
:10146000C5C4C7C6C1C0C3C2CDCCCFCEC9C8CBCA04
:10147000D5D4D7D6D1D0D3D2DDDCDFDED9D8DBDAF4
:1014800025242726212023222D2C2F2E29282B2AE4
:1014900035343736313033323D3C3F3E39383B3AD4
:1014A00005040706010003020D0C0F0E09080B0AC4
:1014B00015141716111013121D1C1F1E19181B1AB4
:1014C00065646766616063626D6C6F6E69686B6AA4
:1014D00075747776717073727D7C7F7E79787B7A94
:1014E00045444746414043424D4C4F4E49484B4A84
:1014F00055545756515053525D5C5F5E59585B5A74
:10150000A5A4A7A6A1A0A3A2ADACAFAEA9A8ABAA63
:10151000B5B4B7B6B1B0B3B2BDBCBFBEB9B8BBBA53
:1015200085848786818083828D8C8F8E89888B8A43
:1015300095949796919093929D9C9F9E99989B9A33
:10154000E5E4E7E6E1E0E3E2EDECEFEEE9E8EBEA23
:10155000F5F4F7F6F1F0F3F2FDFCFEFEF9F8FBFA14
:10156000C5C4C7C6C1C0C3C2CDCCCFCEC9C8CBCA03
:10157000D5D4D7D6D1D0D3D2DDDCDFDED9D8DBDAF3
:1015800025242726212023222D2C2F2E29282B2AE3
:1015900035343736313033323D3C3F3E39383B3AD3
:1015A00005040706010003020D0C0F0E09080B0AC3
:1015B00015141716111013121D1C1F1E19181B1AB3
:1015C00065646766616063626D6C6F6E69686B6AA3
:1015D00075747776717073727D7C7F7E79787B7A93
:1015E00045444746414043424D4C4F4E49484B4A83
:1015F00055545756515053525D5C5F5E59585B5A73
:10160000A5A4A7A6A1A0A3A2ADACAFAEA9A8ABAA62
:10161000B5B4B7B6B1B0B3B2BDBCBFBEB9B8BBBA52
:1016200085848786818083828D8C8F8E89888B8A42
:1016300095949796919093929D9C9F9E99989B9A32
:10164000E5E4E7E6E1E0E3E2EDECEFEEE9E8EBEA22
:10165000F5F4F7F6F1F0F3F2FDFCFEFEF9F8FBFA13
:10166000C5C4C7C6C1C0C3C2CDCCCFCEC9C8CBCA02
:10167000D5D4D7D6D1D0D3D2DDDCDFDED9D8DBDAF2
:1016800025242726212023222D2C2F2E29282B2AE2
:1016900035343736313033323D3C3F3E39383B3AD2
:1016A00005040706010003020D0C0F0E09080B0AC2
:1016B00015141716111013121D1C1F1E19181B1AB2
:1016C00065646766616063626D6C6F6E69686B6AA2
:1016D00075747776717073727D7C7F7E79787B7A92
:1016E00045444746414043424D4C4F4E49484B4A82
:1016F00055545756515053525D5C5F5E59585B5A72
:10170000A5A4A7A6A1A0A3A2ADACAFAEA9A8ABAA61
:10171000B5B4B7B6B1B0B3B2BDBCBFBEB9B8BBBA51
:1017200085848786818083828D8C8F8E89888B8A41
:1017300095949796919093929D9C9F9E99989B9A31
:10174000E5E4E7E6E1E0E3E2EDECEFEEE9E8EBEA21
:10175000F5F4F7F6F1F0F3F2FDFCFEFEF9F8FBFA12
:10176000C5C4C7C6C1C0C3C2CDCCCFCEC9C8CBCA01
:10177000D5D4D7D6D1D0D3D2DDDCDFDED9D8DBDAF1
:1017800025242726212023222D2C2F2E29282B2AE1
:1017900035343736313033323D3C3F3E39383B3AD1
:1017A00005040706010003020D0C0F0E09080B0AC1
:1017B00015141716111013121D1C1F1E19181B1AB1
:1017C00065646766616063626D6C6F6E69686B6AA1
:1017D00075747776717073727D7C7F7E79787B7A91
:1017E00045444746414043424D4C4F4E49484B4A81
:1017F00055545756515053525D5C5F5E59585B5A71
:10180000A5A4A7A6A1A0A3A2ADACAFAEA9A8ABAA60
:10181000B5B4B7B6B1B0B3B2BDBCBFBEB9B8BBBA50
:1018200085848786818083828D8C8F8E89888B8A40
:1018300095949796919093929D9C9F9E99989B9A30
:10184000E5E4E7E6E1E0E3E2EDECEFEEE9E8EBEA20
:10185000F5F4F7F6F1F0F3F2FDFCFEFEF9F8FBFA11
:10186000C5C4C7C6C1C0C3C2CDCCCFCEC9C8CBCA00
:10187000D5D4D7D6D1D0D3D2DDDCDFDED9D8DBDAF0
:1018800025242726212023222D2C2F2E29282B2AE0
:1018900035343736313033323D3C3F3E39383B3AD0
:1018A00005040706010003020D0C0F0E09080B0AC0
:1018B00015141716111013121D1C1F1E19181B1AB0
:1018C00065646766616063626D6C6F6E69686B6AA0
:1018D00075747776717073727D7C7F7E79787B7A90
:1018E00045444746414043424D4C4F4E49484B4A80
:1018F00055545756515053525D5C5F5E59585B5A70
:10190000A5A4A7A6A1A0A3A2ADACAFAEA9A8ABAA5F
:10191000B5B4B7B6B1B0B3B2BDBCBFBEB9B8BBBA4F
:1019200085848786818083828D8C8F8E89888B8A3F
:1019300095949796919093929D9C9F9E99989B9A2F
:10194000E5E4E7E6E1E0E3E2EDECEFEEE9E8EBEA1F
:10195000F5F4F7F6F1F0F3F2FDFCFEFEF9F8FBFA10
:10196000C5C4C7C6C1C0C3C2CDCCCFCEC9C8CBCAFF
:10197000D5D4D7D6D1D0D3D2DDDCDFDED9D8DBDAEF
:1019800025242726212023222D2C2F2E29282B2ADF
:1019900035343736313033323D3C3F3E39383B3ACF
:1019A00005040706010003020D0C0F0E09080B0ABF
:1019B00015141716111013121D1C1F1E19181B1AAF
:1019C00065646766616063626D6C6F6E69686B6A9F
:1019D00075747776717073727D7C7F7E79787B7A8F
:1019E00045444746414043424D4C4F4E49484B4A7F
:1019F00055545756515053525D5C5F5E59585B5A6F
:101A0000A5A4A7A6A1A0A3A2ADACAFAEA9A8ABAA5E
:101A1000B5B4B7B6B1B0B3B2BDBCBFBEB9B8BBBA4E
:101A200085848786818083828D8C8F8E89888B8A3E
:101A300095949796919093929D9C9F9E99989B9A2E
:101A4000E5E4E7E6E1E0E3E2EDECEFEEE9E8EBEA1E
:101A5000F5F4F7F6F1F0F3F2FDFCFEFEF9F8FBFA0F
:101A6000C5C4C7C6C1C0C3C2CDCCCFCEC9C8CBCAFE
:101A7000D5D4D7D6D1D0D3D2DDDCDFDED9D8DBDAEE
:101A800025242726212023222D2C2F2E29282B2ADE
:101A900035343736313033323D3C3F3E39383B3ACE
:101AA00005040706010003020D0C0F0E09080B0ABE
:101AB00015141716111013121D1C1F1E19181B1AAE
:101AC00065646766616063626D6C6F6E69686B6A9E
:101AD00075747776717073727D7C7F7E79787B7A8E
:101AE00045444746414043424D4C4F4E49484B4A7E
:101AF00055545756515053525D5C5F5E59585B5A6E
:101B0000A5A4A7A6A1A0A3A2ADACAFAEA9A8ABAA5D
:101B1000B5B4B7B6B1B0B3B2BDBCBFBEB9B8BBBA4D
:101B200085848786818083828D8C8F8E89888B8A3D
:101B300095949796919093929D9C9F9E99989B9A2D
:101B4000E5E4E7E6E1E0E3E2EDECEFEEE9E8EBEA1D
:101B5000F5F4F7F6F1F0F3F2FDFCFEFEF9F8FBFA0E
:101B6000C5C4C7C6C1C0C3C2CDCCCFCEC9C8CBCAFD
:101B7000D5D4D7D6D1D0D3D2DDDCDFDED9D8DBDAED
:101B800025242726212023222D2C2F2E29282B2ADD
:101B900035343736313033323D3C3F3E39383B3ACD
:101BA00005040706010003020D0C0F0E09080B0ABD
:101BB00015141716111013121D1C1F1E19181B1AAD
:101BC00065646766616063626D6C6F6E69686B6A9D
:101BD00075747776717073727D7C7F7E79787B7A8D
:101BE00045444746414043424D4C4F4E49484B4A7D
:101BF00055545756515053525D5C5F5E59585B5A6D
:101C0000A5A4A7A6A1A0A3A2ADACAFAEA9A8ABAA5C
:101C1000B5B4B7B6B1B0B3B2BDBCBFBEB9B8BBBA4C
:101C200085848786818083828D8C8F8E89888B8A3C
:101C300095949796919093929D9C9F9E99989B9A2C
:101C4000E5E4E7E6E1E0E3E2EDECEFEEE9E8EBEA1C
:101C5000F5F4F7F6F1F0F3F2FDFCFEFEF9F8FBFA0D
:101C6000C5C4C7C6C1C0C3C2CDCCCFCEC9C8CBCAFC
:101C7000D5D4D7D6D1D0D3D2DDDCDFDED9D8DBDAEC
:101C800025242726212023222D2C2F2E29282B2ADC
:101C900035343736313033323D3C3F3E39383B3ACC
:101CA00005040706010003020D0C0F0E09080B0ABC
:101CB00015141716111013121D1C1F1E19181B1AAC
:101CC00065646766616063626D6C6F6E69686B6A9C
:101CD00075747776717073727D7C7F7E79787B7A8C
:101CE00045444746414043424D4C4F4E49484B4A7C
:101CF00055545756515053525D5C5F5E59585B5A6C
:101D0000A5A4A7A6A1A0A3A2ADACAFAEA9A8ABAA5B
:101D1000B5B4B7B6B1B0B3B2BDBCBFBEB9B8BBBA4B
:101D200085848786818083828D8C8F8E89888B8A3B
:101D300095949796919093929D9C9F9E99989B9A2B
:101D4000E5E4E7E6E1E0E3E2EDECEFEEE9E8EBEA1B
:101D5000F5F4F7F6F1F0F3F2FDFCFEFEF9F8FBFA0C
:101D6000C5C4C7C6C1C0C3C2CDCCCFCEC9C8CBCAFB
:101D7000D5D4D7D6D1D0D3D2DDDCDFDED9D8DBDAEB
:101D800025242726212023222D2C2F2E29282B2ADB
:101D900035343736313033323D3C3F3E39383B3ACB
:101DA00005040706010003020D0C0F0E09080B0ABB
:101DB00015141716111013121D1C1F1E19181B1AAB
:101DC00065646766616063626D6C6F6E69686B6A9B
:101DD00075747776717073727D7C7F7E79787B7A8B
:101DE00045444746414043424D4C4F4E49484B4A7B
:101DF00055545756515053525D5C5F5E59585B5A6B
:101E0000A5A4A7A6A1A0A3A2ADACAFAEA9A8ABAA5A
:101E1000B5B4B7B6B1B0B3B2BDBCBFBEB9B8BBBA4A
:101E200085848786818083828D8C8F8E89888B8A3A
:101E300095949796919093929D9C9F9E99989B9A2A
:101E4000E5E4E7E6E1E0E3E2EDECEFEEE9E8EBEA1A
:101E5000F5F4F7F6F1F0F3F2FDFCFEFEF9F8FBFA0B
:101E6000C5C4C7C6C1C0C3C2CDCCCFCEC9C8CBCAFA
:101E7000D5D4D7D6D1D0D3D2DDDCDFDED9D8DBDAEA
:101E800025242726212023222D2C2F2E29282B2ADA
:101E900035343736313033323D3C3F3E39383B3ACA
:101EA00005040706010003020D0C0F0E09080B0ABA
:101EB00015141716111013121D1C1F1E19181B1AAA
:101EC00065646766616063626D6C6F6E69686B6A9A
:101ED00075747776717073727D7C7F7E79787B7A8A
:101EE00045444746414043424D4C4F4E49484B4A7A
:101EF00055545756515053525D5C5F5E59585B5A6A
:101F0000A5A4A7A6A1A0A3A2ADACAFAEA9A8ABAA59
:101F1000B5B4B7B6B1B0B3B2BDBCBFBEB9B8BBBA49
:101F200085848786818083828D8C8F8E89888B8A39
:101F300095949796919093929D9C9F9E99989B9A29
:101F4000E5E4E7E6E1E0E3E2EDECEFEEE9E8EBEA19
:101F5000F5F4F7F6F1F0F3F2FDFCFEFEF9F8FBFA0A
:101F6000C5C4C7C6C1C0C3C2CDCCCFCEC9C8CBCAF9
:101F7000D5D4D7D6D1D0D3D2DDDCDFDED9D8DBDAE9
:101F800025242726212023222D2C2F2E29282B2AD9
:101F900035343736313033323D3C3F3E39383B3AC9
:101FA00005040706010003020D0C0F0E09080B0AB9
:101FB00015141716111013121D1C1F1E19181B1AA9
:101FC00065646766616063626D6C6F6E69686B6A99
:101FD00075747776717073727D7C7F7E79787B7A89
:101FE00045444746414043424D4C4F4E49484B4A79
:101FF00055545756515053525D5C5F5E59585B5A69
:10200000A5A4A7A6A1A0A3A2ADACAFAEA9A8ABAA58
:10201000B5B4B7B6B1B0B3B2BDBCBFBEB9B8BBBA48
:1020200085848786818083828D8C8F8E89888B8A38
:1020300095949796919093929D9C9F9E99989B9A28
:10204000E5E4E7E6E1E0E3E2EDECEFEEE9E8EBEA18
:10205000F5F4F7F6F1F0F3F2FDFCFEFEF9F8FBFA09
:10206000C5C4C7C6C1C0C3C2CDCCCFCEC9C8CBCAF8
:10207000D5D4D7D6D1D0D3D2DDDCDFDED9D8DBDAE8
:1020800025242726212023222D2C2F2E29282B2AD8
:1020900035343736313033323D3C3F3E39383B3AC8
:1020A00005040706010003020D0C0F0E09080B0AB8
:1020B00015141716111013121D1C1F1E19181B1AA8
:1020C00065646766616063626D6C6F6E69686B6A98
:1020D00075747776717073727D7C7F7E79787B7A88
:1020E00045444746414043424D4C4F4E49484B4A78
:1020F00055545756515053525D5C5F5E59585B5A68
:10210000A5A4A7A6A1A0A3A2ADACAFAEA9A8ABAA57
:10211000B5B4B7B6B1B0B3B2BDBCBFBEB9B8BBBA47
:1021200085848786818083828D8C8F8E89888B8A37
:1021300095949796919093929D9C9F9E99989B9A27
:10214000E5E4E7E6E1E0E3E2EDECEFEEE9E8EBEA17
:10215000F5F4F7F6F1F0F3F2FDFCFEFEF9F8FBFA08
:10216000C5C4C7C6C1C0C3C2CDCCCFCEC9C8CBCAF7
:10217000D5D4D7D6D1D0D3D2DDDCDFDED9D8DBDAE7
:1021800025242726212023222D2C2F2E29282B2AD7
:1021900035343736313033323D3C3F3E39383B3AC7
:1021A00005040706010003020D0C0F0E09080B0AB7
:1021B00015141716111013121D1C1F1E19181B1AA7
:1021C00065646766616063626D6C6F6E69686B6A97
:1021D00075747776717073727D7C7F7E79787B7A87
:1021E00045444746414043424D4C4F4E49484B4A77
:1021F00055545756515053525D5C5F5E59585B5A67
:10220000A5A4A7A6A1A0A3A2ADACAFAEA9A8ABAA56
:10221000B5B4B7B6B1B0B3B2BDBCBFBEB9B8BBBA46
:1022200085848786818083828D8C8F8E89888B8A36
:1022300095949796919093929D9C9F9E99989B9A26
:10224000E5E4E7E6E1E0E3E2EDECEFEEE9E8EBEA16
:10225000F5F4F7F6F1F0F3F2FDFCFEFEF9F8FBFA07
:10226000C5C4C7C6C1C0C3C2CDCCCFCEC9C8CBCAF6
:10227000D5D4D7D6D1D0D3D2DDDCDFDED9D8DBDAE6
:1022800025242726212023222D2C2F2E29282B2AD6
:1022900035343736313033323D3C3F3E39383B3AC6
:1022A00005040706010003020D0C0F0E09080B0AB6
:1022B00015141716111013121D1C1F1E19181B1AA6
:1022C00065646766616063626D6C6F6E69686B6A96
:1022D00075747776717073727D7C7F7E79787B7A86
:1022E00045444746414043424D4C4F4E49484B4A76
:1022F00055545756515053525D5C5F5E59585B5A66
:10230000A5A4A7A6A1A0A3A2ADACAFAEA9A8ABAA55
:10231000B5B4B7B6B1B0B3B2BDBCBFBEB9B8BBBA45
:1023200085848786818083828D8C8F8E89888B8A35
:1023300095949796919093929D9C9F9E99989B9A25
:10234000E5E4E7E6E1E0E3E2EDECEFEEE9E8EBEA15
:10235000F5F4F7F6F1F0F3F2FDFCFEFEF9F8FBFA06
:10236000C5C4C7C6C1C0C3C2CDCCCFCEC9C8CBCAF5
:10237000D5D4D7D6D1D0D3D2DDDCDFDED9D8DBDAE5
:1023800025242726212023222D2C2F2E29282B2AD5
:1023900035343736313033323D3C3F3E39383B3AC5
:1023A00005040706010003020D0C0F0E09080B0AB5
:1023B00015141716111013121D1C1F1E19181B1AA5
:1023C00065646766616063626D6C6F6E69686B6A95
:1023D00075747776717073727D7C7F7E79787B7A85
:1023E00045444746414043424D4C4F4E49484B4A75
:1023F00055545756515053525D5C5F5E59585B5A65
:10240000A5A4A7A6A1A0A3A2ADACAFAEA9A8ABAA54
:10241000B5B4B7B6B1B0B3B2BDBCBFBEB9B8BBBA44
:1024200085848786818083828D8C8F8E89888B8A34
:1024300095949796919093929D9C9F9E99989B9A24
:10244000E5E4E7E6E1E0E3E2EDECEFEEE9E8EBEA14
:10245000F5F4F7F6F1F0F3F2FDFCFEFEF9F8FBFA05
:10246000C5C4C7C6C1C0C3C2CDCCCFCEC9C8CBCAF4
:10247000D5D4D7D6D1D0D3D2DDDCDFDED9D8DBDAE4
:1024800025242726212023222D2C2F2E29282B2AD4
:1024900035343736313033323D3C3F3E39383B3AC4
:1024A00005040706010003020D0C0F0E09080B0AB4
:1024B00015141716111013121D1C1F1E19181B1AA4
:1024C00065646766616063626D6C6F6E69686B6A94
:1024D00075747776717073727D7C7F7E79787B7A84
:1024E00045444746414043424D4C4F4E49484B4A74
:1024F00055545756515053525D5C5F5E59585B5A64
:10250000A5A4A7A6A1A0A3A2ADACAFAEA9A8ABAA53
:10251000B5B4B7B6B1B0B3B2BDBCBFBEB9B8BBBA43
:1025200085848786818083828D8C8F8E89888B8A33
:1025300095949796919093929D9C9F9E99989B9A23
:10254000E5E4E7E6E1E0E3E2EDECEFEEE9E8EBEA13
:10255000F5F4F7F6F1F0F3F2FDFCFEFEF9F8FBFA04
:10256000C5C4C7C6C1C0C3C2CDCCCFCEC9C8CBCAF3
:10257000D5D4D7D6D1D0D3D2DDDCDFDED9D8DBDAE3
:1025800025242726212023222D2C2F2E29282B2AD3
:1025900035343736313033323D3C3F3E39383B3AC3
:1025A00005040706010003020D0C0F0E09080B0AB3
:1025B00015141716111013121D1C1F1E19181B1AA3
:1025C00065646766616063626D6C6F6E69686B6A93
:1025D00075747776717073727D7C7F7E79787B7A83
:1025E00045444746414043424D4C4F4E49484B4A73
:1025F00055545756515053525D5C5F5E59585B5A63
:10260000A5A4A7A6A1A0A3A2ADACAFAEA9A8ABAA52
:10261000B5B4B7B6B1B0B3B2BDBCBFBEB9B8BBBA42
:1026200085848786818083828D8C8F8E89888B8A32
:1026300095949796919093929D9C9F9E99989B9A22
:10264000E5E4E7E6E1E0E3E2EDECEFEEE9E8EBEA12
:10265000F5F4F7F6F1F0F3F2FDFCFEFEF9F8FBFA03
:10266000C5C4C7C6C1C0C3C2CDCCCFCEC9C8CBCAF2
:10267000D5D4D7D6D1D0D3D2DDDCDFDED9D8DBDAE2
:1026800025242726212023222D2C2F2E29282B2AD2
:1026900035343736313033323D3C3F3E39383B3AC2
:1026A00005040706010003020D0C0F0E09080B0AB2
:1026B00015141716111013121D1C1F1E19181B1AA2
:1026C00065646766616063626D6C6F6E69686B6A92
:1026D00075747776717073727D7C7F7E79787B7A82
:1026E00045444746414043424D4C4F4E49484B4A72
:1026F00055545756515053525D5C5F5E59585B5A62
:10270000A5A4A7A6A1A0A3A2ADACAFAEA9A8ABAA51
:10271000B5B4B7B6B1B0B3B2BDBCBFBEB9B8BBBA41
:1027200085848786818083828D8C8F8E89888B8A31
:1027300095949796919093929D9C9F9E99989B9A21
:10274000E5E4E7E6E1E0E3E2EDECEFEEE9E8EBEA11
:10275000F5F4F7F6F1F0F3F2FDFCFEFEF9F8FBFA02
:10276000C5C4C7C6C1C0C3C2CDCCCFCEC9C8CBCAF1
:10277000D5D4D7D6D1D0D3D2DDDCDFDED9D8DBDAE1
:1027800025242726212023222D2C2F2E29282B2AD1
:1027900035343736313033323D3C3F3E39383B3AC1
:1027A00005040706010003020D0C0F0E09080B0AB1
:1027B00015141716111013121D1C1F1E19181B1AA1
:1027C00065646766616063626D6C6F6E69686B6A91
:1027D00075747776717073727D7C7F7E79787B7A81
:1027E00045444746414043424D4C4F4E49484B4A71
:1027F00055545756515053525D5C5F5E59585B5A61
:10280000A5A4A7A6A1A0A3A2ADACAFAEA9A8ABAA50
:10281000B5B4B7B6B1B0B3B2BDBCBFBEB9B8BBBA40
:1028200085848786818083828D8C8F8E89888B8A30
:1028300095949796919093929D9C9F9E99989B9A20
:10284000E5E4E7E6E1E0E3E2EDECEFEEE9E8EBEA10
:10285000F5F4F7F6F1F0F3F2FDFCFEFEF9F8FBFA01
:10286000C5C4C7C6C1C0C3C2CDCCCFCEC9C8CBCAF0
:10287000D5D4D7D6D1D0D3D2DDDCDFDED9D8DBDAE0
:1028800025242726212023222D2C2F2E29282B2AD0
:1028900035343736313033323D3C3F3E39383B3AC0
:1028A00005040706010003020D0C0F0E09080B0AB0
:1028B00015141716111013121D1C1F1E19181B1AA0
:1028C00065646766616063626D6C6F6E69686B6A90
:1028D00075747776717073727D7C7F7E79787B7A80
:1028E00045444746414043424D4C4F4E49484B4A70
:1028F00055545756515053525D5C5F5E59585B5A60
:10290000A5A4A7A6A1A0A3A2ADACAFAEA9A8ABAA4F
:10291000B5B4B7B6B1B0B3B2BDBCBFBEB9B8BBBA3F
:1029200085848786818083828D8C8F8E89888B8A2F
:1029300095949796919093929D9C9F9E99989B9A1F
:10294000E5E4E7E6E1E0E3E2EDECEFEEE9E8EBEA0F
:10295000F5F4F7F6F1F0F3F2FDFCFEFEF9F8FBFA00
:10296000C5C4C7C6C1C0C3C2CDCCCFCEC9C8CBCAEF
:10297000D5D4D7D6D1D0D3D2DDDCDFDED9D8DBDADF
:1029800025242726212023222D2C2F2E29282B2ACF
:1029900035343736313033323D3C3F3E39383B3ABF
:1029A00005040706010003020D0C0F0E09080B0AAF
:1029B00015141716111013121D1C1F1E19181B1A9F
:1029C00065646766616063626D6C6F6E69686B6A8F
:1029D00075747776717073727D7C7F7E79787B7A7F
:1029E00045444746414043424D4C4F4E49484B4A6F
:1029F00055545756515053525D5C5F5E59585B5A5F
:102A0000A5A4A7A6A1A0A3A2ADACAFAEA9A8ABAA4E
:102A1000B5B4B7B6B1B0B3B2BDBCBFBEB9B8BBBA3E
:102A200085848786818083828D8C8F8E89888B8A2E
:102A300095949796919093929D9C9F9E99989B9A1E
:102A4000E5E4E7E6E1E0E3E2EDECEFEEE9E8EBEA0E
:102A5000F5F4F7F6F1F0F3F2FDFCFEFEF9F8FBFAFF
:102A6000C5C4C7C6C1C0C3C2CDCCCFCEC9C8CBCAEE
:102A7000D5D4D7D6D1D0D3D2DDDCDFDED9D8DBDADE
:102A800025242726212023222D2C2F2E29282B2ACE
:102A900035343736313033323D3C3F3E39383B3ABE
:102AA00005040706010003020D0C0F0E09080B0AAE
:102AB00015141716111013121D1C1F1E19181B1A9E
:102AC00065646766616063626D6C6F6E69686B6A8E
:102AD00075747776717073727D7C7F7E79787B7A7E
:102AE00045444746414043424D4C4F4E49484B4A6E
:102AF00055545756515053525D5C5F5E59585B5A5E
:102B0000A5A4A7A6A1A0A3A2ADACAFAEA9A8ABAA4D
:102B1000B5B4B7B6B1B0B3B2BDBCBFBEB9B8BBBA3D
:102B200085848786818083828D8C8F8E89888B8A2D
:102B300095949796919093929D9C9F9E99989B9A1D
:102B4000E5E4E7E6E1E0E3E2EDECEFEEE9E8EBEA0D
:102B5000F5F4F7F6F1F0F3F2FDFCFEFEF9F8FBFAFE
:102B6000C5C4C7C6C1C0C3C2CDCCCFCEC9C8CBCAED
:102B7000D5D4D7D6D1D0D3D2DDDCDFDED9D8DBDADD
:102B800025242726212023222D2C2F2E29282B2ACD
:102B900035343736313033323D3C3F3E39383B3ABD
:102BA00005040706010003020D0C0F0E09080B0AAD
:102BB00015141716111013121D1C1F1E19181B1A9D
:102BC00065646766616063626D6C6F6E69686B6A8D
:102BD00075747776717073727D7C7F7E79787B7A7D
:102BE00045444746414043424D4C4F4E49484B4A6D
:102BF00055545756515053525D5C5F5E59585B5A5D
:102C0000A5A4A7A6A1A0A3A2ADACAFAEA9A8ABAA4C
:102C1000B5B4B7B6B1B0B3B2BDBCBFBEB9B8BBBA3C
:102C200085848786818083828D8C8F8E89888B8A2C
:102C300095949796919093929D9C9F9E99989B9A1C
:102C4000E5E4E7E6E1E0E3E2EDECEFEEE9E8EBEA0C
:102C5000F5F4F7F6F1F0F3F2FDFCFEFEF9F8FBFAFD
:102C6000C5C4C7C6C1C0C3C2CDCCCFCEC9C8CBCAEC
:102C7000D5D4D7D6D1D0D3D2DDDCDFDED9D8DBDADC
:102C800025242726212023222D2C2F2E29282B2ACC
:102C900035343736313033323D3C3F3E39383B3ABC
:102CA00005040706010003020D0C0F0E09080B0AAC
:102CB00015141716111013121D1C1F1E19181B1A9C
:102CC00065646766616063626D6C6F6E69686B6A8C
:102CD00075747776717073727D7C7F7E79787B7A7C
:102CE00045444746414043424D4C4F4E49484B4A6C
:102CF00055545756515053525D5C5F5E59585B5A5C
:102D0000A5A4A7A6A1A0A3A2ADACAFAEA9A8ABAA4B
:102D1000B5B4B7B6B1B0B3B2BDBCBFBEB9B8BBBA3B
:102D200085848786818083828D8C8F8E89888B8A2B
:102D300095949796919093929D9C9F9E99989B9A1B
:102D4000E5E4E7E6E1E0E3E2EDECEFEEE9E8EBEA0B
:102D5000F5F4F7F6F1F0F3F2FDFCFEFEF9F8FBFAFC
:102D6000C5C4C7C6C1C0C3C2CDCCCFCEC9C8CBCAEB
:102D7000D5D4D7D6D1D0D3D2DDDCDFDED9D8DBDADB
:102D800025242726212023222D2C2F2E29282B2ACB
:102D900035343736313033323D3C3F3E39383B3ABB
:102DA00005040706010003020D0C0F0E09080B0AAB
:102DB00015141716111013121D1C1F1E19181B1A9B
:102DC00065646766616063626D6C6F6E69686B6A8B
:102DD00075747776717073727D7C7F7E79787B7A7B
:102DE00045444746414043424D4C4F4E49484B4A6B
:102DF00055545756515053525D5C5F5E59585B5A5B
:102E0000A5A4A7A6A1A0A3A2ADACAFAEA9A8ABAA4A
:102E1000B5B4B7B6B1B0B3B2BDBCBFBEB9B8BBBA3A
:102E200085848786818083828D8C8F8E89888B8A2A
:102E300095949796919093929D9C9F9E99989B9A1A
:102E4000E5E4E7E6E1E0E3E2EDECEFEEE9E8EBEA0A
:102E5000F5F4F7F6F1F0F3F2FDFCFEFEF9F8FBFAFB
:102E6000C5C4C7C6C1C0C3C2CDCCCFCEC9C8CBCAEA
:102E7000D5D4D7D6D1D0D3D2DDDCDFDED9D8DBDADA
:102E800025242726212023222D2C2F2E29282B2ACA
:102E900035343736313033323D3C3F3E39383B3ABA
:102EA00005040706010003020D0C0F0E09080B0AAA
:102EB00015141716111013121D1C1F1E19181B1A9A
:102EC00065646766616063626D6C6F6E69686B6A8A
:102ED00075747776717073727D7C7F7E79787B7A7A
:102EE00045444746414043424D4C4F4E49484B4A6A
:102EF00055545756515053525D5C5F5E59585B5A5A
:102F0000A5A4A7A6A1A0A3A2ADACAFAEA9A8ABAA49
:102F1000B5B4B7B6B1B0B3B2BDBCBFBEB9B8BBBA39
:102F200085848786818083828D8C8F8E89888B8A29
:102F300095949796919093929D9C9F9E99989B9A19
:102F4000E5E4E7E6E1E0E3E2EDECEFEEE9E8EBEA09
:102F5000F5F4F7F6F1F0F3F2FDFCFEFEF9F8FBFAFA
:102F6000C5C4C7C6C1C0C3C2CDCCCFCEC9C8CBCAE9
:102F7000D5D4D7D6D1D0D3D2DDDCDFDED9D8DBDAD9
:102F800025242726212023222D2C2F2E29282B2AC9
:102F900035343736313033323D3C3F3E39383B3AB9
:102FA00005040706010003020D0C0F0E09080B0AA9
:102FB00015141716111013121D1C1F1E19181B1A99
:102FC00065646766616063626D6C6F6E69686B6A89
:102FD00075747776717073727D7C7F7E79787B7A79
:102FE00045444746414043424D4C4F4E49484B4A69
:102FF00055545756515053525D5C5F5E59585B5A59
:10300000A5A4A7A6A1A0A3A2ADACAFAEA9A8ABAA48
:10301000B5B4B7B6B1B0B3B2BDBCBFBEB9B8BBBA38
:1030200085848786818083828D8C8F8E89888B8A28
:1030300095949796919093929D9C9F9E99989B9A18
:10304000E5E4E7E6E1E0E3E2EDECEFEEE9E8EBEA08
:10305000F5F4F7F6F1F0F3F2FDFCFEFEF9F8FBFAF9
:10306000C5C4C7C6C1C0C3C2CDCCCFCEC9C8CBCAE8
:10307000D5D4D7D6D1D0D3D2DDDCDFDED9D8DBDAD8
:1030800025242726212023222D2C2F2E29282B2AC8
:1030900035343736313033323D3C3F3E39383B3AB8
:1030A00005040706010003020D0C0F0E09080B0AA8
:1030B00015141716111013121D1C1F1E19181B1A98
:1030C00065646766616063626D6C6F6E69686B6A88
:1030D00075747776717073727D7C7F7E79787B7A78
:1030E00045444746414043424D4C4F4E49484B4A68
:1030F00055545756515053525D5C5F5E59585B5A58
:10310000A5A4A7A6A1A0A3A2ADACAFAEA9A8ABAA47
:10311000B5B4B7B6B1B0B3B2BDBCBFBEB9B8BBBA37
:1031200085848786818083828D8C8F8E89888B8A27
:1031300095949796919093929D9C9F9E99989B9A17
:10314000E5E4E7E6E1E0E3E2EDECEFEEE9E8EBEA07
:10315000F5F4F7F6F1F0F3F2FDFCFEFEF9F8FBFAF8
:10316000C5C4C7C6C1C0C3C2CDCCCFCEC9C8CBCAE7
:10317000D5D4D7D6D1D0D3D2DDDCDFDED9D8DBDAD7
:1031800025242726212023222D2C2F2E29282B2AC7
:1031900035343736313033323D3C3F3E39383B3AB7
:1031A00005040706010003020D0C0F0E09080B0AA7
:1031B00015141716111013121D1C1F1E19181B1A97
:1031C00065646766616063626D6C6F6E69686B6A87
:1031D00075747776717073727D7C7F7E79787B7A77
:1031E00045444746414043424D4C4F4E49484B4A67
:1031F00055545756515053525D5C5F5E59585B5A57
:10320000A5A4A7A6A1A0A3A2ADACAFAEA9A8ABAA46
:10321000B5B4B7B6B1B0B3B2BDBCBFBEB9B8BBBA36
:1032200085848786818083828D8C8F8E89888B8A26
:1032300095949796919093929D9C9F9E99989B9A16
:10324000E5E4E7E6E1E0E3E2EDECEFEEE9E8EBEA06
:10325000F5F4F7F6F1F0F3F2FDFCFEFEF9F8FBFAF7
:10326000C5C4C7C6C1C0C3C2CDCCCFCEC9C8CBCAE6
:10327000D5D4D7D6D1D0D3D2DDDCDFDED9D8DBDAD6
:1032800025242726212023222D2C2F2E29282B2AC6
:1032900035343736313033323D3C3F3E39383B3AB6
:1032A00005040706010003020D0C0F0E09080B0AA6
:1032B00015141716111013121D1C1F1E19181B1A96
:1032C00065646766616063626D6C6F6E69686B6A86
:1032D00075747776717073727D7C7F7E79787B7A76
:1032E00045444746414043424D4C4F4E49484B4A66
:1032F00055545756515053525D5C5F5E59585B5A56
:10330000A5A4A7A6A1A0A3A2ADACAFAEA9A8ABAA45
:10331000B5B4B7B6B1B0B3B2BDBCBFBEB9B8BBBA35
:1033200085848786818083828D8C8F8E89888B8A25
:1033300095949796919093929D9C9F9E99989B9A15
:10334000E5E4E7E6E1E0E3E2EDECEFEEE9E8EBEA05
:10335000F5F4F7F6F1F0F3F2FDFCFEFEF9F8FBFAF6
:10336000C5C4C7C6C1C0C3C2CDCCCFCEC9C8CBCAE5
:10337000D5D4D7D6D1D0D3D2DDDCDFDED9D8DBDAD5
:1033800025242726212023222D2C2F2E29282B2AC5
:1033900035343736313033323D3C3F3E39383B3AB5
:1033A00005040706010003020D0C0F0E09080B0AA5
:1033B00015141716111013121D1C1F1E19181B1A95
:1033C00065646766616063626D6C6F6E69686B6A85
:1033D00075747776717073727D7C7F7E79787B7A75
:1033E00045444746414043424D4C4F4E49484B4A65
:1033F00055545756515053525D5C5F5E59585B5A55
:10340000A5A4A7A6A1A0A3A2ADACAFAEA9A8ABAA44
:10341000B5B4B7B6B1B0B3B2BDBCBFBEB9B8BBBA34
:1034200085848786818083828D8C8F8E89888B8A24
:1034300095949796919093929D9C9F9E99989B9A14
:10344000E5E4E7E6E1E0E3E2EDECEFEEE9E8EBEA04
:10345000F5F4F7F6F1F0F3F2FDFCFEFEF9F8FBFAF5
:10346000C5C4C7C6C1C0C3C2CDCCCFCEC9C8CBCAE4
:10347000D5D4D7D6D1D0D3D2DDDCDFDED9D8DBDAD4
:1034800025242726212023222D2C2F2E29282B2AC4
:1034900035343736313033323D3C3F3E39383B3AB4
:1034A00005040706010003020D0C0F0E09080B0AA4
:1034B00015141716111013121D1C1F1E19181B1A94
:1034C00065646766616063626D6C6F6E69686B6A84
:1034D00075747776717073727D7C7F7E79787B7A74
:1034E00045444746414043424D4C4F4E49484B4A64
:1034F00055545756515053525D5C5F5E59585B5A54
:10350000A5A4A7A6A1A0A3A2ADACAFAEA9A8ABAA43
:10351000B5B4B7B6B1B0B3B2BDBCBFBEB9B8BBBA33
:1035200085848786818083828D8C8F8E89888B8A23
:1035300095949796919093929D9C9F9E99989B9A13
:10354000E5E4E7E6E1E0E3E2EDECEFEEE9E8EBEA03
:10355000F5F4F7F6F1F0F3F2FDFCFEFEF9F8FBFAF4
:10356000C5C4C7C6C1C0C3C2CDCCCFCEC9C8CBCAE3
:10357000D5D4D7D6D1D0D3D2DDDCDFDED9D8DBDAD3
:1035800025242726212023222D2C2F2E29282B2AC3
:1035900035343736313033323D3C3F3E39383B3AB3
:1035A00005040706010003020D0C0F0E09080B0AA3
:1035B00015141716111013121D1C1F1E19181B1A93
:1035C00065646766616063626D6C6F6E69686B6A83
:1035D00075747776717073727D7C7F7E79787B7A73
:1035E00045444746414043424D4C4F4E49484B4A63
:1035F00055545756515053525D5C5F5E59585B5A53
:10360000A5A4A7A6A1A0A3A2ADACAFAEA9A8ABAA42
:10361000B5B4B7B6B1B0B3B2BDBCBFBEB9B8BBBA32
:1036200085848786818083828D8C8F8E89888B8A22
:1036300095949796919093929D9C9F9E99989B9A12
:10364000E5E4E7E6E1E0E3E2EDECEFEEE9E8EBEA02
:10365000F5F4F7F6F1F0F3F2FDFCFEFEF9F8FBFAF3
:10366000C5C4C7C6C1C0C3C2CDCCCFCEC9C8CBCAE2
:10367000D5D4D7D6D1D0D3D2DDDCDFDED9D8DBDAD2
:1036800025242726212023222D2C2F2E29282B2AC2
:1036900035343736313033323D3C3F3E39383B3AB2
:1036A00005040706010003020D0C0F0E09080B0AA2
:1036B00015141716111013121D1C1F1E19181B1A92
:1036C00065646766616063626D6C6F6E69686B6A82
:1036D00075747776717073727D7C7F7E79787B7A72
:1036E00045444746414043424D4C4F4E49484B4A62
:1036F00055545756515053525D5C5F5E59585B5A52
:10370000A5A4A7A6A1A0A3A2ADACAFAEA9A8ABAA41
:10371000B5B4B7B6B1B0B3B2BDBCBFBEB9B8BBBA31
:1037200085848786818083828D8C8F8E89888B8A21
:1037300095949796919093929D9C9F9E99989B9A11
:10374000E5E4E7E6E1E0E3E2EDECEFEEE9E8EBEA01
:10375000F5F4F7F6F1F0F3F2FDFCFEFEF9F8FBFAF2
:10376000C5C4C7C6C1C0C3C2CDCCCFCEC9C8CBCAE1
:10377000D5D4D7D6D1D0D3D2DDDCDFDED9D8DBDAD1
:1037800025242726212023222D2C2F2E29282B2AC1
:1037900035343736313033323D3C3F3E39383B3AB1
:1037A00005040706010003020D0C0F0E09080B0AA1
:1037B00015141716111013121D1C1F1E19181B1A91
:1037C00065646766616063626D6C6F6E69686B6A81
:1037D00075747776717073727D7C7F7E79787B7A71
:1037E00045444746414043424D4C4F4E49484B4A61
:1037F00055545756515053525D5C5F5E59585B5A51
:10380000A5A4A7A6A1A0A3A2ADACAFAEA9A8ABAA40
:10381000B5B4B7B6B1B0B3B2BDBCBFBEB9B8BBBA30
:1038200085848786818083828D8C8F8E89888B8A20
:1038300095949796919093929D9C9F9E99989B9A10
:10384000E5E4E7E6E1E0E3E2EDECEFEEE9E8EBEA00
:10385000F5F4F7F6F1F0F3F2FDFCFEFEF9F8FBFAF1
:10386000C5C4C7C6C1C0C3C2CDCCCFCEC9C8CBCAE0
:10387000D5D4D7D6D1D0D3D2DDDCDFDED9D8DBDAD0
:1038800025242726212023222D2C2F2E29282B2AC0
:1038900035343736313033323D3C3F3E39383B3AB0
:1038A00005040706010003020D0C0F0E09080B0AA0
:1038B00015141716111013121D1C1F1E19181B1A90
:1038C00065646766616063626D6C6F6E69686B6A80
:1038D00075747776717073727D7C7F7E79787B7A70
:1038E00045444746414043424D4C4F4E49484B4A60
:1038F00055545756515053525D5C5F5E59585B5A50
:10390000A5A4A7A6A1A0A3A2ADACAFAEA9A8ABAA3F
:10391000B5B4B7B6B1B0B3B2BDBCBFBEB9B8BBBA2F
:1039200085848786818083828D8C8F8E89888B8A1F
:1039300095949796919093929D9C9F9E99989B9A0F
:10394000E5E4E7E6E1E0E3E2EDECEFEEE9E8EBEAFF
:10395000F5F4F7F6F1F0F3F2FDFCFEFEF9F8FBFAF0
:10396000C5C4C7C6C1C0C3C2CDCCCFCEC9C8CBCADF
:10397000D5D4D7D6D1D0D3D2DDDCDFDED9D8DBDACF
:1039800025242726212023222D2C2F2E29282B2ABF
:1039900035343736313033323D3C3F3E39383B3AAF
:1039A00005040706010003020D0C0F0E09080B0A9F
:1039B00015141716111013121D1C1F1E19181B1A8F
:1039C00065646766616063626D6C6F6E69686B6A7F
:1039D00075747776717073727D7C7F7E79787B7A6F
:1039E00045444746414043424D4C4F4E49484B4A5F
:1039F00055545756515053525D5C5F5E59585B5A4F
:103A0000A5A4A7A6A1A0A3A2ADACAFAEA9A8ABAA3E
:103A1000B5B4B7B6B1B0B3B2BDBCBFBEB9B8BBBA2E
:103A200085848786818083828D8C8F8E89888B8A1E
:103A300095949796919093929D9C9F9E99989B9A0E
:103A4000E5E4E7E6E1E0E3E2EDECEFEEE9E8EBEAFE
:103A5000F5F4F7F6F1F0F3F2FDFCFEFEF9F8FBFAEF
:103A6000C5C4C7C6C1C0C3C2CDCCCFCEC9C8CBCADE
:103A7000D5D4D7D6D1D0D3D2DDDCDFDED9D8DBDACE
:103A800025242726212023222D2C2F2E29282B2ABE
:103A900035343736313033323D3C3F3E39383B3AAE
:103AA00005040706010003020D0C0F0E09080B0A9E
:103AB00015141716111013121D1C1F1E19181B1A8E
:103AC00065646766616063626D6C6F6E69686B6A7E
:103AD00075747776717073727D7C7F7E79787B7A6E
:103AE00045444746414043424D4C4F4E49484B4A5E
:103AF00055545756515053525D5C5F5E59585B5A4E
:103B0000A5A4A7A6A1A0A3A2ADACAFAEA9A8ABAA3D
:103B1000B5B4B7B6B1B0B3B2BDBCBFBEB9B8BBBA2D
:103B200085848786818083828D8C8F8E89888B8A1D
:103B300095949796919093929D9C9F9E99989B9A0D
:103B4000E5E4E7E6E1E0E3E2EDECEFEEE9E8EBEAFD
:103B5000F5F4F7F6F1F0F3F2FDFCFEFEF9F8FBFAEE
:103B6000C5C4C7C6C1C0C3C2CDCCCFCEC9C8CBCADD
:103B7000D5D4D7D6D1D0D3D2DDDCDFDED9D8DBDACD
:103B800025242726212023222D2C2F2E29282B2ABD
:103B900035343736313033323D3C3F3E39383B3AAD
:103BA00005040706010003020D0C0F0E09080B0A9D
:103BB00015141716111013121D1C1F1E19181B1A8D
:103BC00065646766616063626D6C6F6E69686B6A7D
:103BD00075747776717073727D7C7F7E79787B7A6D
:103BE00045444746414043424D4C4F4E49484B4A5D
:103BF00055545756515053525D5C5F5E59585B5A4D
:103C0000A5A4A7A6A1A0A3A2ADACAFAEA9A8ABAA3C
:103C1000B5B4B7B6B1B0B3B2BDBCBFBEB9B8BBBA2C
:103C200085848786818083828D8C8F8E89888B8A1C
:103C300095949796919093929D9C9F9E99989B9A0C
:103C4000E5E4E7E6E1E0E3E2EDECEFEEE9E8EBEAFC
:103C5000F5F4F7F6F1F0F3F2FDFCFEFEF9F8FBFAED
:103C6000C5C4C7C6C1C0C3C2CDCCCFCEC9C8CBCADC
:103C7000D5D4D7D6D1D0D3D2DDDCDFDED9D8DBDACC
:103C800025242726212023222D2C2F2E29282B2ABC
:103C900035343736313033323D3C3F3E39383B3AAC
:103CA00005040706010003020D0C0F0E09080B0A9C
:103CB00015141716111013121D1C1F1E19181B1A8C
:103CC00065646766616063626D6C6F6E69686B6A7C
:103CD00075747776717073727D7C7F7E79787B7A6C
:103CE00045444746414043424D4C4F4E49484B4A5C
:103CF00055545756515053525D5C5F5E59585B5A4C
:103D0000A5A4A7A6A1A0A3A2ADACAFAEA9A8ABAA3B
:103D1000B5B4B7B6B1B0B3B2BDBCBFBEB9B8BBBA2B
:103D200085848786818083828D8C8F8E89888B8A1B
:103D300095949796919093929D9C9F9E99989B9A0B
:103D4000E5E4E7E6E1E0E3E2EDECEFEEE9E8EBEAFB
:103D5000F5F4F7F6F1F0F3F2FDFCFEFEF9F8FBFAEC
:103D6000C5C4C7C6C1C0C3C2CDCCCFCEC9C8CBCADB
:103D7000D5D4D7D6D1D0D3D2DDDCDFDED9D8DBDACB
:103D800025242726212023222D2C2F2E29282B2ABB
:103D900035343736313033323D3C3F3E39383B3AAB
:103DA00005040706010003020D0C0F0E09080B0A9B
:103DB00015141716111013121D1C1F1E19181B1A8B
:103DC00065646766616063626D6C6F6E69686B6A7B
:103DD00075747776717073727D7C7F7E79787B7A6B
:103DE00045444746414043424D4C4F4E49484B4A5B
:103DF00055545756515053525D5C5F5E59585B5A4B
:103E0000A5A4A7A6A1A0A3A2ADACAFAEA9A8ABAA3A
:103E1000B5B4B7B6B1B0B3B2BDBCBFBEB9B8BBBA2A
:103E200085848786818083828D8C8F8E89888B8A1A
:103E300095949796919093929D9C9F9E99989B9A0A
:103E4000E5E4E7E6E1E0E3E2EDECEFEEE9E8EBEAFA
:103E5000F5F4F7F6F1F0F3F2FDFCFEFEF9F8FBFAEB
:103E6000C5C4C7C6C1C0C3C2CDCCCFCEC9C8CBCADA
:103E7000D5D4D7D6D1D0D3D2DDDCDFDED9D8DBDACA
:103E800025242726212023222D2C2F2E29282B2ABA
:103E900035343736313033323D3C3F3E39383B3AAA
:103EA00005040706010003020D0C0F0E09080B0A9A
:103EB00015141716111013121D1C1F1E19181B1A8A
:103EC00065646766616063626D6C6F6E69686B6A7A
:103ED00075747776717073727D7C7F7E79787B7A6A
:103EE00045444746414043424D4C4F4E49484B4A5A
:103EF00055545756515053525D5C5F5E59585B5A4A
:103F0000A5A4A7A6A1A0A3A2ADACAFAEA9A8ABAA39
:103F1000B5B4B7B6B1B0B3B2BDBCBFBEB9B8BBBA29
:103F200085848786818083828D8C8F8E89888B8A19
:103F300095949796919093929D9C9F9E99989B9A09
:103F4000E5E4E7E6E1E0E3E2EDECEFEEE9E8EBEAF9
:103F5000F5F4F7F6F1F0F3F2FDFCFEFEF9F8FBFAEA
:103F6000C5C4C7C6C1C0C3C2CDCCCFCEC9C8CBCAD9
:103F7000D5D4D7D6D1D0D3D2DDDCDFDED9D8DBDAC9
:103F800025242726212023222D2C2F2E29282B2AB9
:103F900035343736313033323D3C3F3E39383B3AA9
:103FA00005040706010003020D0C0F0E09080B0A99
:103FB00015141716111013121D1C1F1E19181B1A89
:103FC00065646766616063626D6C6F6E69686B6A79
:103FD00075747776717073727D7C7F7E79787B7A69
:103FE00045444746414043424D4C4F4E49484B4A59
:103FF00055545756515053525D5C5F5E59585B5A49
:10400000A5A4A7A6A1A0A3A2ADACAFAEA9A8ABAA38
:10401000B5B4B7B6B1B0B3B2BDBCBFBEB9B8BBBA28
:1040200085848786818083828D8C8F8E89888B8A18
:1040300095949796919093929D9C9F9E99989B9A08
:10404000E5E4E7E6E1E0E3E2EDECEFEEE9E8EBEAF8
:10405000F5F4F7F6F1F0F3F2FDFCFEFEF9F8FBFAE9
:10406000C5C4C7C6C1C0C3C2CDCCCFCEC9C8CBCAD8
:10407000D5D4D7D6D1D0D3D2DDDCDFDED9D8DBDAC8
:1040800025242726212023222D2C2F2E29282B2AB8
:1040900035343736313033323D3C3F3E39383B3AA8
:1040A00005040706010003020D0C0F0E09080B0A98
:1040B00015141716111013121D1C1F1E19181B1A88
:1040C00065646766616063626D6C6F6E69686B6A78
:1040D00075747776717073727D7C7F7E79787B7A68
:1040E00045444746414043424D4C4F4E49484B4A58
:1040F00055545756515053525D5C5F5E59585B5A48
:10410000A5A4A7A6A1A0A3A2ADACAFAEA9A8ABAA37
:10411000B5B4B7B6B1B0B3B2BDBCBFBEB9B8BBBA27
:1041200085848786818083828D8C8F8E89888B8A17
:1041300095949796919093929D9C9F9E99989B9A07
:10414000E5E4E7E6E1E0E3E2EDECEFEEE9E8EBEAF7
:10415000F5F4F7F6F1F0F3F2FDFCFEFEF9F8FBFAE8
:10416000C5C4C7C6C1C0C3C2CDCCCFCEC9C8CBCAD7
:10417000D5D4D7D6D1D0D3D2DDDCDFDED9D8DBDAC7
:1041800025242726212023222D2C2F2E29282B2AB7
:1041900035343736313033323D3C3F3E39383B3AA7
:1041A00005040706010003020D0C0F0E09080B0A97
:1041B00015141716111013121D1C1F1E19181B1A87
:1041C00065646766616063626D6C6F6E69686B6A77
:1041D00075747776717073727D7C7F7E79787B7A67
:1041E00045444746414043424D4C4F4E49484B4A57
:1041F00055545756515053525D5C5F5E59585B5A47
:10420000A5A4A7A6A1A0A3A2ADACAFAEA9A8ABAA36
:10421000B5B4B7B6B1B0B3B2BDBCBFBEB9B8BBBA26
:1042200085848786818083828D8C8F8E89888B8A16
:1042300095949796919093929D9C9F9E99989B9A06
:10424000E5E4E7E6E1E0E3E2EDECEFEEE9E8EBEAF6
:10425000F5F4F7F6F1F0F3F2FDFCFEFEF9F8FBFAE7
:10426000C5C4C7C6C1C0C3C2CDCCCFCEC9C8CBCAD6
:10427000D5D4D7D6D1D0D3D2DDDCDFDED9D8DBDAC6
:1042800025242726212023222D2C2F2E29282B2AB6
:1042900035343736313033323D3C3F3E39383B3AA6
:1042A00005040706010003020D0C0F0E09080B0A96
:1042B00015141716111013121D1C1F1E19181B1A86
:1042C00065646766616063626D6C6F6E69686B6A76
:1042D00075747776717073727D7C7F7E79787B7A66
:1042E00045444746414043424D4C4F4E49484B4A56
:1042F00055545756515053525D5C5F5E59585B5A46
:10430000A5A4A7A6A1A0A3A2ADACAFAEA9A8ABAA35
:10431000B5B4B7B6B1B0B3B2BDBCBFBEB9B8BBBA25
:1043200085848786818083828D8C8F8E89888B8A15
:1043300095949796919093929D9C9F9E99989B9A05
:10434000E5E4E7E6E1E0E3E2EDECEFEEE9E8EBEAF5
:10435000F5F4F7F6F1F0F3F2FDFCFEFEF9F8FBFAE6
:10436000C5C4C7C6C1C0C3C2CDCCCFCEC9C8CBCAD5
:10437000D5D4D7D6D1D0D3D2DDDCDFDED9D8DBDAC5
:1043800025242726212023222D2C2F2E29282B2AB5
:1043900035343736313033323D3C3F3E39383B3AA5
:1043A00005040706010003020D0C0F0E09080B0A95
:1043B00015141716111013121D1C1F1E19181B1A85
:1043C00065646766616063626D6C6F6E69686B6A75
:1043D00075747776717073727D7C7F7E79787B7A65
:1043E00045444746414043424D4C4F4E49484B4A55
:1043F00055545756515053525D5C5F5E59585B5A45
:10440000A5A4A7A6A1A0A3A2ADACAFAEA9A8ABAA34
:10441000B5B4B7B6B1B0B3B2BDBCBFBEB9B8BBBA24
:1044200085848786818083828D8C8F8E89888B8A14
:1044300095949796919093929D9C9F9E99989B9A04
:10444000E5E4E7E6E1E0E3E2EDECEFEEE9E8EBEAF4
:10445000F5F4F7F6F1F0F3F2FDFCFEFEF9F8FBFAE5
:10446000C5C4C7C6C1C0C3C2CDCCCFCEC9C8CBCAD4
:10447000D5D4D7D6D1D0D3D2DDDCDFDED9D8DBDAC4
:1044800025242726212023222D2C2F2E29282B2AB4
:1044900035343736313033323D3C3F3E39383B3AA4
:1044A00005040706010003020D0C0F0E09080B0A94
:1044B00015141716111013121D1C1F1E19181B1A84
:1044C00065646766616063626D6C6F6E69686B6A74
:1044D00075747776717073727D7C7F7E79787B7A64
:1044E00045444746414043424D4C4F4E49484B4A54
:1044F00055545756515053525D5C5F5E59585B5A44
:10450000A5A4A7A6A1A0A3A2ADACAFAEA9A8ABAA33
:10451000B5B4B7B6B1B0B3B2BDBCBFBEB9B8BBBA23
:1045200085848786818083828D8C8F8E89888B8A13
:1045300095949796919093929D9C9F9E99989B9A03
:10454000E5E4E7E6E1E0E3E2EDECEFEEE9E8EBEAF3
:10455000F5F4F7F6F1F0F3F2FDFCFEFEF9F8FBFAE4
:10456000C5C4C7C6C1C0C3C2CDCCCFCEC9C8CBCAD3
:10457000D5D4D7D6D1D0D3D2DDDCDFDED9D8DBDAC3
:1045800025242726212023222D2C2F2E29282B2AB3
:1045900035343736313033323D3C3F3E39383B3AA3
:1045A00005040706010003020D0C0F0E09080B0A93
:1045B00015141716111013121D1C1F1E19181B1A83
:1045C00065646766616063626D6C6F6E69686B6A73
:1045D00075747776717073727D7C7F7E79787B7A63
:1045E00045444746414043424D4C4F4E49484B4A53
:1045F00055545756515053525D5C5F5E59585B5A43
:10460000A5A4A7A6A1A0A3A2ADACAFAEA9A8ABAA32
:10461000B5B4B7B6B1B0B3B2BDBCBFBEB9B8BBBA22
:1046200085848786818083828D8C8F8E89888B8A12
:1046300095949796919093929D9C9F9E99989B9A02
:10464000E5E4E7E6E1E0E3E2EDECEFEEE9E8EBEAF2
:10465000F5F4F7F6F1F0F3F2FDFCFEFEF9F8FBFAE3
:10466000C5C4C7C6C1C0C3C2CDCCCFCEC9C8CBCAD2
:10467000D5D4D7D6D1D0D3D2DDDCDFDED9D8DBDAC2
:1046800025242726212023222D2C2F2E29282B2AB2
:1046900035343736313033323D3C3F3E39383B3AA2
:1046A00005040706010003020D0C0F0E09080B0A92
:1046B00015141716111013121D1C1F1E19181B1A82
:1046C00065646766616063626D6C6F6E69686B6A72
:1046D00075747776717073727D7C7F7E79787B7A62
:1046E00045444746414043424D4C4F4E49484B4A52
:1046F00055545756515053525D5C5F5E59585B5A42
:10470000A5A4A7A6A1A0A3A2ADACAFAEA9A8ABAA31
:10471000B5B4B7B6B1B0B3B2BDBCBFBEB9B8BBBA21
:1047200085848786818083828D8C8F8E89888B8A11
:1047300095949796919093929D9C9F9E99989B9A01
:10474000E5E4E7E6E1E0E3E2EDECEFEEE9E8EBEAF1
:10475000F5F4F7F6F1F0F3F2FDFCFEFEF9F8FBFAE2
:10476000C5C4C7C6C1C0C3C2CDCCCFCEC9C8CBCAD1
:10477000D5D4D7D6D1D0D3D2DDDCDFDED9D8DBDAC1
:1047800025242726212023222D2C2F2E29282B2AB1
:1047900035343736313033323D3C3F3E39383B3AA1
:1047A00005040706010003020D0C0F0E09080B0A91
:1047B00015141716111013121D1C1F1E19181B1A81
:1047C00065646766616063626D6C6F6E69686B6A71
:1047D00075747776717073727D7C7F7E79787B7A61
:1047E00045444746414043424D4C4F4E49484B4A51
:1047F00055545756515053525D5C5F5E59585B5A41
:10480000A5A4A7A6A1A0A3A2ADACAFAEA9A8ABAA30
:10481000B5B4B7B6B1B0B3B2BDBCBFBEB9B8BBBA20
:1048200085848786818083828D8C8F8E89888B8A10
:1048300095949796919093929D9C9F9E99989B9A00
:10484000E5E4E7E6E1E0E3E2EDECEFEEE9E8EBEAF0
:10485000F5F4F7F6F1F0F3F2FDFCFEFEF9F8FBFAE1
:10486000C5C4C7C6C1C0C3C2CDCCCFCEC9C8CBCAD0
:10487000D5D4D7D6D1D0D3D2DDDCDFDED9D8DBDAC0
:1048800025242726212023222D2C2F2E29282B2AB0
:1048900035343736313033323D3C3F3E39383B3AA0
:1048A00005040706010003020D0C0F0E09080B0A90
:1048B00015141716111013121D1C1F1E19181B1A80
:1048C00065646766616063626D6C6F6E69686B6A70
:1048D00075747776717073727D7C7F7E79787B7A60
:1048E00045444746414043424D4C4F4E49484B4A50
:1048F00055545756515053525D5C5F5E59585B5A40
:10490000A5A4A7A6A1A0A3A2ADACAFAEA9A8ABAA2F
:10491000B5B4B7B6B1B0B3B2BDBCBFBEB9B8BBBA1F
:1049200085848786818083828D8C8F8E89888B8A0F
:1049300095949796919093929D9C9F9E99989B9AFF
:10494000E5E4E7E6E1E0E3E2EDECEFEEE9E8EBEAEF
:10495000F5F4F7F6F1F0F3F2FDFCFEFEF9F8FBFAE0
:10496000C5C4C7C6C1C0C3C2CDCCCFCEC9C8CBCACF
:10497000D5D4D7D6D1D0D3D2DDDCDFDED9D8DBDABF
:1049800025242726212023222D2C2F2E29282B2AAF
:1049900035343736313033323D3C3F3E39383B3A9F
:1049A00005040706010003020D0C0F0E09080B0A8F
:1049B00015141716111013121D1C1F1E19181B1A7F
:1049C00065646766616063626D6C6F6E69686B6A6F
:1049D00075747776717073727D7C7F7E79787B7A5F
:1049E00045444746414043424D4C4F4E49484B4A4F
:1049F00055545756515053525D5C5F5E59585B5A3F
:104A0000A5A4A7A6A1A0A3A2ADACAFAEA9A8ABAA2E
:104A1000B5B4B7B6B1B0B3B2BDBCBFBEB9B8BBBA1E
:104A200085848786818083828D8C8F8E89888B8A0E
:104A300095949796919093929D9C9F9E99989B9AFE
:104A4000E5E4E7E6E1E0E3E2EDECEFEEE9E8EBEAEE
:104A5000F5F4F7F6F1F0F3F2FDFCFEFEF9F8FBFADF
:104A6000C5C4C7C6C1C0C3C2CDCCCFCEC9C8CBCACE
:104A7000D5D4D7D6D1D0D3D2DDDCDFDED9D8DBDABE
:104A800025242726212023222D2C2F2E29282B2AAE
:104A900035343736313033323D3C3F3E39383B3A9E
:104AA00005040706010003020D0C0F0E09080B0A8E
:104AB00015141716111013121D1C1F1E19181B1A7E
:104AC00065646766616063626D6C6F6E69686B6A6E
:104AD00075747776717073727D7C7F7E79787B7A5E
:104AE00045444746414043424D4C4F4E49484B4A4E
:104AF00055545756515053525D5C5F5E59585B5A3E
:104B0000A5A4A7A6A1A0A3A2ADACAFAEA9A8ABAA2D
:104B1000B5B4B7B6B1B0B3B2BDBCBFBEB9B8BBBA1D
:104B200085848786818083828D8C8F8E89888B8A0D
:104B300095949796919093929D9C9F9E99989B9AFD
:104B4000E5E4E7E6E1E0E3E2EDECEFEEE9E8EBEAED
:104B5000F5F4F7F6F1F0F3F2FDFCFEFEF9F8FBFADE
:104B6000C5C4C7C6C1C0C3C2CDCCCFCEC9C8CBCACD
:104B7000D5D4D7D6D1D0D3D2DDDCDFDED9D8DBDABD
:104B800025242726212023222D2C2F2E29282B2AAD
:104B900035343736313033323D3C3F3E39383B3A9D
:104BA00005040706010003020D0C0F0E09080B0A8D
:104BB00015141716111013121D1C1F1E19181B1A7D
:104BC00065646766616063626D6C6F6E69686B6A6D
:104BD00075747776717073727D7C7F7E79787B7A5D
:104BE00045444746414043424D4C4F4E49484B4A4D
:104BF00055545756515053525D5C5F5E59585B5A3D
:104C0000A5A4A7A6A1A0A3A2ADACAFAEA9A8ABAA2C
:104C1000B5B4B7B6B1B0B3B2BDBCBFBEB9B8BBBA1C
:104C200085848786818083828D8C8F8E89888B8A0C
:104C300095949796919093929D9C9F9E99989B9AFC
:104C4000E5E4E7E6E1E0E3E2EDECEFEEE9E8EBEAEC
:104C5000F5F4F7F6F1F0F3F2FDFCFEFEF9F8FBFADD
:104C6000C5C4C7C6C1C0C3C2CDCCCFCEC9C8CBCACC
:104C7000D5D4D7D6D1D0D3D2DDDCDFDED9D8DBDABC
:104C800025242726212023222D2C2F2E29282B2AAC
:104C900035343736313033323D3C3F3E39383B3A9C
:104CA00005040706010003020D0C0F0E09080B0A8C
:104CB00015141716111013121D1C1F1E19181B1A7C
:104CC00065646766616063626D6C6F6E69686B6A6C
:104CD00075747776717073727D7C7F7E79787B7A5C
:104CE00045444746414043424D4C4F4E49484B4A4C
:104CF00055545756515053525D5C5F5E59585B5A3C
:104D0000A5A4A7A6A1A0A3A2ADACAFAEA9A8ABAA2B
:104D1000B5B4B7B6B1B0B3B2BDBCBFBEB9B8BBBA1B
:104D200085848786818083828D8C8F8E89888B8A0B
:104D300095949796919093929D9C9F9E99989B9AFB
:104D4000E5E4E7E6E1E0E3E2EDECEFEEE9E8EBEAEB
:104D5000F5F4F7F6F1F0F3F2FDFCFEFEF9F8FBFADC
:104D6000C5C4C7C6C1C0C3C2CDCCCFCEC9C8CBCACB
:104D7000D5D4D7D6D1D0D3D2DDDCDFDED9D8DBDABB
:104D800025242726212023222D2C2F2E29282B2AAB
:104D900035343736313033323D3C3F3E39383B3A9B
:104DA00005040706010003020D0C0F0E09080B0A8B
:104DB00015141716111013121D1C1F1E19181B1A7B
:104DC00065646766616063626D6C6F6E69686B6A6B
:104DD00075747776717073727D7C7F7E79787B7A5B
:104DE00045444746414043424D4C4F4E49484B4A4B
:104DF00055545756515053525D5C5F5E59585B5A3B
:104E0000A5A4A7A6A1A0A3A2ADACAFAEA9A8ABAA2A
:104E1000B5B4B7B6B1B0B3B2BDBCBFBEB9B8BBBA1A
:104E200085848786818083828D8C8F8E89888B8A0A
:104E300095949796919093929D9C9F9E99989B9AFA
:104E4000E5E4E7E6E1E0E3E2EDECEFEEE9E8EBEAEA
:104E5000F5F4F7F6F1F0F3F2FDFCFEFEF9F8FBFADB
:104E6000C5C4C7C6C1C0C3C2CDCCCFCEC9C8CBCACA
:104E7000D5D4D7D6D1D0D3D2DDDCDFDED9D8DBDABA
:104E800025242726212023222D2C2F2E29282B2AAA
:104E900035343736313033323D3C3F3E39383B3A9A
:104EA00005040706010003020D0C0F0E09080B0A8A
:104EB00015141716111013121D1C1F1E19181B1A7A
:104EC00065646766616063626D6C6F6E69686B6A6A
:104ED00075747776717073727D7C7F7E79787B7A5A
:104EE00045444746414043424D4C4F4E49484B4A4A
:104EF00055545756515053525D5C5F5E59585B5A3A
:104F0000A5A4A7A6A1A0A3A2ADACAFAEA9A8ABAA29
:104F1000B5B4B7B6B1B0B3B2BDBCBFBEB9B8BBBA19
:104F200085848786818083828D8C8F8E89888B8A09
:104F300095949796919093929D9C9F9E99989B9AF9
:104F4000E5E4E7E6E1E0E3E2EDECEFEEE9E8EBEAE9
:104F5000F5F4F7F6F1F0F3F2FDFCFEFEF9F8FBFADA
:104F6000C5C4C7C6C1C0C3C2CDCCCFCEC9C8CBCAC9
:104F7000D5D4D7D6D1D0D3D2DDDCDFDED9D8DBDAB9
:104F800025242726212023222D2C2F2E29282B2AA9
:104F900035343736313033323D3C3F3E39383B3A99
:104FA00005040706010003020D0C0F0E09080B0A89
:104FB00015141716111013121D1C1F1E19181B1A79
:104FC00065646766616063626D6C6F6E69686B6A69
:104FD00075747776717073727D7C7F7E79787B7A59
:104FE00045444746414043424D4C4F4E49484B4A49
:104FF00055545756515053525D5C5F5E59585B5A39
:10500000A5A4A7A6A1A0A3A2ADACAFAEA9A8ABAA28
:10501000B5B4B7B6B1B0B3B2BDBCBFBEB9B8BBBA18
:1050200085848786818083828D8C8F8E89888B8A08
:1050300095949796919093929D9C9F9E99989B9AF8
:10504000E5E4E7E6E1E0E3E2EDECEFEEE9E8EBEAE8
:10505000F5F4F7F6F1F0F3F2FDFCFEFEF9F8FBFAD9
:10506000C5C4C7C6C1C0C3C2CDCCCFCEC9C8CBCAC8
:10507000D5D4D7D6D1D0D3D2DDDCDFDED9D8DBDAB8
:1050800025242726212023222D2C2F2E29282B2AA8
:1050900035343736313033323D3C3F3E39383B3A98
:1050A00005040706010003020D0C0F0E09080B0A88
:1050B00015141716111013121D1C1F1E19181B1A78
:1050C00065646766616063626D6C6F6E69686B6A68
:1050D00075747776717073727D7C7F7E79787B7A58
:1050E00045444746414043424D4C4F4E49484B4A48
:1050F00055545756515053525D5C5F5E59585B5A38
:10510000A5A4A7A6A1A0A3A2ADACAFAEA9A8ABAA27
:10511000B5B4B7B6B1B0B3B2BDBCBFBEB9B8BBBA17
:1051200085848786818083828D8C8F8E89888B8A07
:1051300095949796919093929D9C9F9E99989B9AF7
:10514000E5E4E7E6E1E0E3E2EDECEFEEE9E8EBEAE7
:10515000F5F4F7F6F1F0F3F2FDFCFEFEF9F8FBFAD8
:10516000C5C4C7C6C1C0C3C2CDCCCFCEC9C8CBCAC7
:10517000D5D4D7D6D1D0D3D2DDDCDFDED9D8DBDAB7
:1051800025242726212023222D2C2F2E29282B2AA7
:1051900035343736313033323D3C3F3E39383B3A97
:1051A00005040706010003020D0C0F0E09080B0A87
:1051B00015141716111013121D1C1F1E19181B1A77
:1051C00065646766616063626D6C6F6E69686B6A67
:1051D00075747776717073727D7C7F7E79787B7A57
:1051E00045444746414043424D4C4F4E49484B4A47
:1051F00055545756515053525D5C5F5E59585B5A37
:10520000A5A4A7A6A1A0A3A2ADACAFAEA9A8ABAA26
:10521000B5B4B7B6B1B0B3B2BDBCBFBEB9B8BBBA16
:1052200085848786818083828D8C8F8E89888B8A06
:1052300095949796919093929D9C9F9E99989B9AF6
:10524000E5E4E7E6E1E0E3E2EDECEFEEE9E8EBEAE6
:10525000F5F4F7F6F1F0F3F2FDFCFEFEF9F8FBFAD7
:10526000C5C4C7C6C1C0C3C2CDCCCFCEC9C8CBCAC6
:10527000D5D4D7D6D1D0D3D2DDDCDFDED9D8DBDAB6
:1052800025242726212023222D2C2F2E29282B2AA6
:1052900035343736313033323D3C3F3E39383B3A96
:1052A00005040706010003020D0C0F0E09080B0A86
:1052B00015141716111013121D1C1F1E19181B1A76
:1052C00065646766616063626D6C6F6E69686B6A66
:1052D00075747776717073727D7C7F7E79787B7A56
:1052E00045444746414043424D4C4F4E49484B4A46
:1052F00055545756515053525D5C5F5E59585B5A36
:10530000A5A4A7A6A1A0A3A2ADACAFAEA9A8ABAA25
:10531000B5B4B7B6B1B0B3B2BDBCBFBEB9B8BBBA15
:1053200085848786818083828D8C8F8E89888B8A05
:1053300095949796919093929D9C9F9E99989B9AF5
:10534000E5E4E7E6E1E0E3E2EDECEFEEE9E8EBEAE5
:10535000F5F4F7F6F1F0F3F2FDFCFEFEF9F8FBFAD6
:10536000C5C4C7C6C1C0C3C2CDCCCFCEC9C8CBCAC5
:10537000D5D4D7D6D1D0D3D2DDDCDFDED9D8DBDAB5
:1053800025242726212023222D2C2F2E29282B2AA5
:1053900035343736313033323D3C3F3E39383B3A95
:1053A00005040706010003020D0C0F0E09080B0A85
:1053B00015141716111013121D1C1F1E19181B1A75
:1053C00065646766616063626D6C6F6E69686B6A65
:1053D00075747776717073727D7C7F7E79787B7A55
:1053E00045444746414043424D4C4F4E49484B4A45
:1053F00055545756515053525D5C5F5E59585B5A35
:10540000A5A4A7A6A1A0A3A2ADACAFAEA9A8ABAA24
:10541000B5B4B7B6B1B0B3B2BDBCBFBEB9B8BBBA14
:1054200085848786818083828D8C8F8E89888B8A04
:1054300095949796919093929D9C9F9E99989B9AF4
:10544000E5E4E7E6E1E0E3E2EDECEFEEE9E8EBEAE4
:10545000F5F4F7F6F1F0F3F2FDFCFEFEF9F8FBFAD5
:10546000C5C4C7C6C1C0C3C2CDCCCFCEC9C8CBCAC4
:10547000D5D4D7D6D1D0D3D2DDDCDFDED9D8DBDAB4
:1054800025242726212023222D2C2F2E29282B2AA4
:1054900035343736313033323D3C3F3E39383B3A94
:1054A00005040706010003020D0C0F0E09080B0A84
:1054B00015141716111013121D1C1F1E19181B1A74
:1054C00065646766616063626D6C6F6E69686B6A64
:1054D00075747776717073727D7C7F7E79787B7A54
:1054E00045444746414043424D4C4F4E49484B4A44
:1054F00055545756515053525D5C5F5E59585B5A34
:10550000A5A4A7A6A1A0A3A2ADACAFAEA9A8ABAA23
:10551000B5B4B7B6B1B0B3B2BDBCBFBEB9B8BBBA13
:1055200085848786818083828D8C8F8E89888B8A03
:1055300095949796919093929D9C9F9E99989B9AF3
:10554000E5E4E7E6E1E0E3E2EDECEFEEE9E8EBEAE3
:10555000F5F4F7F6F1F0F3F2FDFCFEFEF9F8FBFAD4
:10556000C5C4C7C6C1C0C3C2CDCCCFCEC9C8CBCAC3
:10557000D5D4D7D6D1D0D3D2DDDCDFDED9D8DBDAB3
:1055800025242726212023222D2C2F2E29282B2AA3
:1055900035343736313033323D3C3F3E39383B3A93
:1055A00005040706010003020D0C0F0E09080B0A83
:1055B00015141716111013121D1C1F1E19181B1A73
:1055C00065646766616063626D6C6F6E69686B6A63
:1055D00075747776717073727D7C7F7E79787B7A53
:1055E00045444746414043424D4C4F4E49484B4A43
:1055F00055545756515053525D5C5F5E59585B5A33
:10560000A5A4A7A6A1A0A3A2ADACAFAEA9A8ABAA22
:10561000B5B4B7B6B1B0B3B2BDBCBFBEB9B8BBBA12
:1056200085848786818083828D8C8F8E89888B8A02
:1056300095949796919093929D9C9F9E99989B9AF2
:10564000E5E4E7E6E1E0E3E2EDECEFEEE9E8EBEAE2
:10565000F5F4F7F6F1F0F3F2FDFCFEFEF9F8FBFAD3
:10566000C5C4C7C6C1C0C3C2CDCCCFCEC9C8CBCAC2
:10567000D5D4D7D6D1D0D3D2DDDCDFDED9D8DBDAB2
:1056800025242726212023222D2C2F2E29282B2AA2
:1056900035343736313033323D3C3F3E39383B3A92
:1056A00005040706010003020D0C0F0E09080B0A82
:1056B00015141716111013121D1C1F1E19181B1A72
:1056C00065646766616063626D6C6F6E69686B6A62
:1056D00075747776717073727D7C7F7E79787B7A52
:1056E00045444746414043424D4C4F4E49484B4A42
:1056F00055545756515053525D5C5F5E59585B5A32
:10570000A5A4A7A6A1A0A3A2ADACAFAEA9A8ABAA21
:10571000B5B4B7B6B1B0B3B2BDBCBFBEB9B8BBBA11
:1057200085848786818083828D8C8F8E89888B8A01
:1057300095949796919093929D9C9F9E99989B9AF1
:10574000E5E4E7E6E1E0E3E2EDECEFEEE9E8EBEAE1
:10575000F5F4F7F6F1F0F3F2FDFCFEFEF9F8FBFAD2
:10576000C5C4C7C6C1C0C3C2CDCCCFCEC9C8CBCAC1
:10577000D5D4D7D6D1D0D3D2DDDCDFDED9D8DBDAB1
:1057800025242726212023222D2C2F2E29282B2AA1
:1057900035343736313033323D3C3F3E39383B3A91
:1057A00005040706010003020D0C0F0E09080B0A81
:1057B00015141716111013121D1C1F1E19181B1A71
:1057C00065646766616063626D6C6F6E69686B6A61
:1057D00075747776717073727D7C7F7E79787B7A51
:1057E00045444746414043424D4C4F4E49484B4A41
:1057F00055545756515053525D5C5F5E59585B5A31
:10580000A5A4A7A6A1A0A3A2ADACAFAEA9A8ABAA20
:10581000B5B4B7B6B1B0B3B2BDBCBFBEB9B8BBBA10
:1058200085848786818083828D8C8F8E89888B8A00
:1058300095949796919093929D9C9F9E99989B9AF0
:10584000E5E4E7E6E1E0E3E2EDECEFEEE9E8EBEAE0
:10585000F5F4F7F6F1F0F3F2FDFCFEFEF9F8FBFAD1
:10586000C5C4C7C6C1C0C3C2CDCCCFCEC9C8CBCAC0
:10587000D5D4D7D6D1D0D3D2DDDCDFDED9D8DBDAB0
:1058800025242726212023222D2C2F2E29282B2AA0
:1058900035343736313033323D3C3F3E39383B3A90
:1058A00005040706010003020D0C0F0E09080B0A80
:1058B00015141716111013121D1C1F1E19181B1A70
:1058C00065646766616063626D6C6F6E69686B6A60
:1058D00075747776717073727D7C7F7E79787B7A50
:1058E00045444746414043424D4C4F4E49484B4A40
:1058F00055545756515053525D5C5F5E59585B5A30
:10590000A5A4A7A6A1A0A3A2ADACAFAEA9A8ABAA1F
:10591000B5B4B7B6B1B0B3B2BDBCBFBEB9B8BBBA0F
:1059200085848786818083828D8C8F8E89888B8AFF
:1059300095949796919093929D9C9F9E99989B9AEF
:10594000E5E4E7E6E1E0E3E2EDECEFEEE9E8EBEADF
:10595000F5F4F7F6F1F0F3F2FDFCFEFEF9F8FBFAD0
:10596000C5C4C7C6C1C0C3C2CDCCCFCEC9C8CBCABF
:10597000D5D4D7D6D1D0D3D2DDDCDFDED9D8DBDAAF
:1059800025242726212023222D2C2F2E29282B2A9F
:1059900035343736313033323D3C3F3E39383B3A8F
:1059A00005040706010003020D0C0F0E09080B0A7F
:1059B00015141716111013121D1C1F1E19181B1A6F
:1059C00065646766616063626D6C6F6E69686B6A5F
:1059D00075747776717073727D7C7F7E79787B7A4F
:1059E00045444746414043424D4C4F4E49484B4A3F
:1059F00055545756515053525D5C5F5E59585B5A2F
:105A0000A5A4A7A6A1A0A3A2ADACAFAEA9A8ABAA1E
:105A1000B5B4B7B6B1B0B3B2BDBCBFBEB9B8BBBA0E
:105A200085848786818083828D8C8F8E89888B8AFE
:105A300095949796919093929D9C9F9E99989B9AEE
:105A4000E5E4E7E6E1E0E3E2EDECEFEEE9E8EBEADE
:105A5000F5F4F7F6F1F0F3F2FDFCFEFEF9F8FBFACF
:105A6000C5C4C7C6C1C0C3C2CDCCCFCEC9C8CBCABE
:105A7000D5D4D7D6D1D0D3D2DDDCDFDED9D8DBDAAE
:105A800025242726212023222D2C2F2E29282B2A9E
:105A900035343736313033323D3C3F3E39383B3A8E
:105AA00005040706010003020D0C0F0E09080B0A7E
:105AB00015141716111013121D1C1F1E19181B1A6E
:105AC00065646766616063626D6C6F6E69686B6A5E
:105AD00075747776717073727D7C7F7E79787B7A4E
:105AE00045444746414043424D4C4F4E49484B4A3E
:105AF00055545756515053525D5C5F5E59585B5A2E
:105B0000A5A4A7A6A1A0A3A2ADACAFAEA9A8ABAA1D
:105B1000B5B4B7B6B1B0B3B2BDBCBFBEB9B8BBBA0D
:105B200085848786818083828D8C8F8E89888B8AFD
:105B300095949796919093929D9C9F9E99989B9AED
:105B4000E5E4E7E6E1E0E3E2EDECEFEEE9E8EBEADD
:105B5000F5F4F7F6F1F0F3F2FDFCFEFEF9F8FBFACE
:105B6000C5C4C7C6C1C0C3C2CDCCCFCEC9C8CBCABD
:105B7000D5D4D7D6D1D0D3D2DDDCDFDED9D8DBDAAD
:105B800025242726212023222D2C2F2E29282B2A9D
:105B900035343736313033323D3C3F3E39383B3A8D
:105BA00005040706010003020D0C0F0E09080B0A7D
:105BB00015141716111013121D1C1F1E19181B1A6D
:105BC00065646766616063626D6C6F6E69686B6A5D
:105BD00075747776717073727D7C7F7E79787B7A4D
:105BE00045444746414043424D4C4F4E49484B4A3D
:105BF00055545756515053525D5C5F5E59585B5A2D
:105C0000A5A4A7A6A1A0A3A2ADACAFAEA9A8ABAA1C
:105C1000B5B4B7B6B1B0B3B2BDBCBFBEB9B8BBBA0C
:105C200085848786818083828D8C8F8E89888B8AFC
:105C300095949796919093929D9C9F9E99989B9AEC
:105C4000E5E4E7E6E1E0E3E2EDECEFEEE9E8EBEADC
:105C5000F5F4F7F6F1F0F3F2FDFCFEFEF9F8FBFACD
:105C6000C5C4C7C6C1C0C3C2CDCCCFCEC9C8CBCABC
:105C7000D5D4D7D6D1D0D3D2DDDCDFDED9D8DBDAAC
:105C800025242726212023222D2C2F2E29282B2A9C
:105C900035343736313033323D3C3F3E39383B3A8C
:105CA00005040706010003020D0C0F0E09080B0A7C
:105CB00015141716111013121D1C1F1E19181B1A6C
:105CC00065646766616063626D6C6F6E69686B6A5C
:105CD00075747776717073727D7C7F7E79787B7A4C
:105CE00045444746414043424D4C4F4E49484B4A3C
:105CF00055545756515053525D5C5F5E59585B5A2C
:105D0000A5A4A7A6A1A0A3A2ADACAFAEA9A8ABAA1B
:105D1000B5B4B7B6B1B0B3B2BDBCBFBEB9B8BBBA0B
:105D200085848786818083828D8C8F8E89888B8AFB
:105D300095949796919093929D9C9F9E99989B9AEB
:105D4000E5E4E7E6E1E0E3E2EDECEFEEE9E8EBEADB
:105D5000F5F4F7F6F1F0F3F2FDFCFEFEF9F8FBFACC
:105D6000C5C4C7C6C1C0C3C2CDCCCFCEC9C8CBCABB
:105D7000D5D4D7D6D1D0D3D2DDDCDFDED9D8DBDAAB
:105D800025242726212023222D2C2F2E29282B2A9B
:105D900035343736313033323D3C3F3E39383B3A8B
:105DA00005040706010003020D0C0F0E09080B0A7B
:105DB00015141716111013121D1C1F1E19181B1A6B
:105DC00065646766616063626D6C6F6E69686B6A5B
:105DD00075747776717073727D7C7F7E79787B7A4B
:105DE00045444746414043424D4C4F4E49484B4A3B
:105DF00055545756515053525D5C5F5E59585B5A2B
:105E0000A5A4A7A6A1A0A3A2ADACAFAEA9A8ABAA1A
:105E1000B5B4B7B6B1B0B3B2BDBCBFBEB9B8BBBA0A
:105E200085848786818083828D8C8F8E89888B8AFA
:105E300095949796919093929D9C9F9E99989B9AEA
:105E4000E5E4E7E6E1E0E3E2EDECEFEEE9E8EBEADA
:105E5000F5F4F7F6F1F0F3F2FDFCFEFEF9F8FBFACB
:105E6000C5C4C7C6C1C0C3C2CDCCCFCEC9C8CBCABA
:105E7000D5D4D7D6D1D0D3D2DDDCDFDED9D8DBDAAA
:105E800025242726212023222D2C2F2E29282B2A9A
:105E900035343736313033323D3C3F3E39383B3A8A
:105EA00005040706010003020D0C0F0E09080B0A7A
:105EB00015141716111013121D1C1F1E19181B1A6A
:105EC00065646766616063626D6C6F6E69686B6A5A
:105ED00075747776717073727D7C7F7E79787B7A4A
:105EE00045444746414043424D4C4F4E49484B4A3A
:105EF00055545756515053525D5C5F5E59585B5A2A
:105F0000A5A4A7A6A1A0A3A2ADACAFAEA9A8ABAA19
:105F1000B5B4B7B6B1B0B3B2BDBCBFBEB9B8BBBA09
:105F200085848786818083828D8C8F8E89888B8AF9
:105F300095949796919093929D9C9F9E99989B9AE9
:105F4000E5E4E7E6E1E0E3E2EDECEFEEE9E8EBEAD9
:105F5000F5F4F7F6F1F0F3F2FDFCFEFEF9F8FBFACA
:105F6000C5C4C7C6C1C0C3C2CDCCCFCEC9C8CBCAB9
:105F7000D5D4D7D6D1D0D3D2DDDCDFDED9D8DBDAA9
:105F800025242726212023222D2C2F2E29282B2A99
:105F900035343736313033323D3C3F3E39383B3A89
:105FA00005040706010003020D0C0F0E09080B0A79
:105FB00015141716111013121D1C1F1E19181B1A69
:105FC00065646766616063626D6C6F6E69686B6A59
:105FD00075747776717073727D7C7F7E79787B7A49
:105FE00045444746414043424D4C4F4E49484B4A39
:105FF00055545756515053525D5C5F5E59585B5A29
:10600000A5A4A7A6A1A0A3A2ADACAFAEA9A8ABAA18
:10601000B5B4B7B6B1B0B3B2BDBCBFBEB9B8BBBA08
:1060200085848786818083828D8C8F8E89888B8AF8
:1060300095949796919093929D9C9F9E99989B9AE8
:10604000E5E4E7E6E1E0E3E2EDECEFEEE9E8EBEAD8
:10605000F5F4F7F6F1F0F3F2FDFCFEFEF9F8FBFAC9
:10606000C5C4C7C6C1C0C3C2CDCCCFCEC9C8CBCAB8
:10607000D5D4D7D6D1D0D3D2DDDCDFDED9D8DBDAA8
:1060800025242726212023222D2C2F2E29282B2A98
:1060900035343736313033323D3C3F3E39383B3A88
:1060A00005040706010003020D0C0F0E09080B0A78
:1060B00015141716111013121D1C1F1E19181B1A68
:1060C00065646766616063626D6C6F6E69686B6A58
:1060D00075747776717073727D7C7F7E79787B7A48
:1060E00045444746414043424D4C4F4E49484B4A38
:1060F00055545756515053525D5C5F5E59585B5A28
:10610000A5A4A7A6A1A0A3A2ADACAFAEA9A8ABAA17
:10611000B5B4B7B6B1B0B3B2BDBCBFBEB9B8BBBA07
:1061200085848786818083828D8C8F8E89888B8AF7
:1061300095949796919093929D9C9F9E99989B9AE7
:10614000E5E4E7E6E1E0E3E2EDECEFEEE9E8EBEAD7
:10615000F5F4F7F6F1F0F3F2FDFCFEFEF9F8FBFAC8
:10616000C5C4C7C6C1C0C3C2CDCCCFCEC9C8CBCAB7
:10617000D5D4D7D6D1D0D3D2DDDCDFDED9D8DBDAA7
:1061800025242726212023222D2C2F2E29282B2A97
:1061900035343736313033323D3C3F3E39383B3A87
:1061A00005040706010003020D0C0F0E09080B0A77
:1061B00015141716111013121D1C1F1E19181B1A67
:1061C00065646766616063626D6C6F6E69686B6A57
:1061D00075747776717073727D7C7F7E79787B7A47
:1061E00045444746414043424D4C4F4E49484B4A37
:1061F00055545756515053525D5C5F5E59585B5A27
:10620000A5A4A7A6A1A0A3A2ADACAFAEA9A8ABAA16
:10621000B5B4B7B6B1B0B3B2BDBCBFBEB9B8BBBA06
:1062200085848786818083828D8C8F8E89888B8AF6
:1062300095949796919093929D9C9F9E99989B9AE6
:10624000E5E4E7E6E1E0E3E2EDECEFEEE9E8EBEAD6
:10625000F5F4F7F6F1F0F3F2FDFCFEFEF9F8FBFAC7
:10626000C5C4C7C6C1C0C3C2CDCCCFCEC9C8CBCAB6
:10627000D5D4D7D6D1D0D3D2DDDCDFDED9D8DBDAA6
:1062800025242726212023222D2C2F2E29282B2A96
:1062900035343736313033323D3C3F3E39383B3A86
:1062A00005040706010003020D0C0F0E09080B0A76
:1062B00015141716111013121D1C1F1E19181B1A66
:1062C00065646766616063626D6C6F6E69686B6A56
:1062D00075747776717073727D7C7F7E79787B7A46
:1062E00045444746414043424D4C4F4E49484B4A36
:1062F00055545756515053525D5C5F5E59585B5A26
:10630000A5A4A7A6A1A0A3A2ADACAFAEA9A8ABAA15
:10631000B5B4B7B6B1B0B3B2BDBCBFBEB9B8BBBA05
:1063200085848786818083828D8C8F8E89888B8AF5
:1063300095949796919093929D9C9F9E99989B9AE5
:10634000E5E4E7E6E1E0E3E2EDECEFEEE9E8EBEAD5
:10635000F5F4F7F6F1F0F3F2FDFCFEFEF9F8FBFAC6
:10636000C5C4C7C6C1C0C3C2CDCCCFCEC9C8CBCAB5
:10637000D5D4D7D6D1D0D3D2DDDCDFDED9D8DBDAA5
:1063800025242726212023222D2C2F2E29282B2A95
:1063900035343736313033323D3C3F3E39383B3A85
:1063A00005040706010003020D0C0F0E09080B0A75
:1063B00015141716111013121D1C1F1E19181B1A65
:1063C00065646766616063626D6C6F6E69686B6A55
:1063D00075747776717073727D7C7F7E79787B7A45
:1063E00045444746414043424D4C4F4E49484B4A35
:1063F00055545756515053525D5C5F5E59585B5A25
:10640000A5A4A7A6A1A0A3A2ADACAFAEA9A8ABAA14
:10641000B5B4B7B6B1B0B3B2BDBCBFBEB9B8BBBA04
:1064200085848786818083828D8C8F8E89888B8AF4
:1064300095949796919093929D9C9F9E99989B9AE4
:10644000E5E4E7E6E1E0E3E2EDECEFEEE9E8EBEAD4
:10645000F5F4F7F6F1F0F3F2FDFCFEFEF9F8FBFAC5
:10646000C5C4C7C6C1C0C3C2CDCCCFCEC9C8CBCAB4
:10647000D5D4D7D6D1D0D3D2DDDCDFDED9D8DBDAA4
:1064800025242726212023222D2C2F2E29282B2A94
:1064900035343736313033323D3C3F3E39383B3A84
:1064A00005040706010003020D0C0F0E09080B0A74
:1064B00015141716111013121D1C1F1E19181B1A64
:1064C00065646766616063626D6C6F6E69686B6A54
:1064D00075747776717073727D7C7F7E79787B7A44
:1064E00045444746414043424D4C4F4E49484B4A34
:1064F00055545756515053525D5C5F5E59585B5A24
:10650000A5A4A7A6A1A0A3A2ADACAFAEA9A8ABAA13
:10651000B5B4B7B6B1B0B3B2BDBCBFBEB9B8BBBA03
:1065200085848786818083828D8C8F8E89888B8AF3
:1065300095949796919093929D9C9F9E99989B9AE3
:10654000E5E4E7E6E1E0E3E2EDECEFEEE9E8EBEAD3
:10655000F5F4F7F6F1F0F3F2FDFCFEFEF9F8FBFAC4
:10656000C5C4C7C6C1C0C3C2CDCCCFCEC9C8CBCAB3
:10657000D5D4D7D6D1D0D3D2DDDCDFDED9D8DBDAA3
:1065800025242726212023222D2C2F2E29282B2A93
:1065900035343736313033323D3C3F3E39383B3A83
:1065A00005040706010003020D0C0F0E09080B0A73
:1065B00015141716111013121D1C1F1E19181B1A63
:1065C00065646766616063626D6C6F6E69686B6A53
:1065D00075747776717073727D7C7F7E79787B7A43
:1065E00045444746414043424D4C4F4E49484B4A33
:1065F00055545756515053525D5C5F5E59585B5A23
:10660000A5A4A7A6A1A0A3A2ADACAFAEA9A8ABAA12
:10661000B5B4B7B6B1B0B3B2BDBCBFBEB9B8BBBA02
:1066200085848786818083828D8C8F8E89888B8AF2
:1066300095949796919093929D9C9F9E99989B9AE2
:10664000E5E4E7E6E1E0E3E2EDECEFEEE9E8EBEAD2
:10665000F5F4F7F6F1F0F3F2FDFCFEFEF9F8FBFAC3
:10666000C5C4C7C6C1C0C3C2CDCCCFCEC9C8CBCAB2
:10667000D5D4D7D6D1D0D3D2DDDCDFDED9D8DBDAA2
:1066800025242726212023222D2C2F2E29282B2A92
:1066900035343736313033323D3C3F3E39383B3A82
:1066A00005040706010003020D0C0F0E09080B0A72
:1066B00015141716111013121D1C1F1E19181B1A62
:1066C00065646766616063626D6C6F6E69686B6A52
:1066D00075747776717073727D7C7F7E79787B7A42
:1066E00045444746414043424D4C4F4E49484B4A32
:1066F00055545756515053525D5C5F5E59585B5A22
:10670000A5A4A7A6A1A0A3A2ADACAFAEA9A8ABAA11
:10671000B5B4B7B6B1B0B3B2BDBCBFBEB9B8BBBA01
:1067200085848786818083828D8C8F8E89888B8AF1
:1067300095949796919093929D9C9F9E99989B9AE1
:10674000E5E4E7E6E1E0E3E2EDECEFEEE9E8EBEAD1
:10675000F5F4F7F6F1F0F3F2FDFCFEFEF9F8FBFAC2
:10676000C5C4C7C6C1C0C3C2CDCCCFCEC9C8CBCAB1
:10677000D5D4D7D6D1D0D3D2DDDCDFDED9D8DBDAA1
:1067800025242726212023222D2C2F2E29282B2A91
:1067900035343736313033323D3C3F3E39383B3A81
:1067A00005040706010003020D0C0F0E09080B0A71
:1067B00015141716111013121D1C1F1E19181B1A61
:1067C00065646766616063626D6C6F6E69686B6A51
:1067D00075747776717073727D7C7F7E79787B7A41
:1067E00045444746414043424D4C4F4E49484B4A31
:1067F00055545756515053525D5C5F5E59585B5A21
:10680000A5A4A7A6A1A0A3A2ADACAFAEA9A8ABAA10
:10681000B5B4B7B6B1B0B3B2BDBCBFBEB9B8BBBA00
:1068200085848786818083828D8C8F8E89888B8AF0
:1068300095949796919093929D9C9F9E99989B9AE0
:10684000E5E4E7E6E1E0E3E2EDECEFEEE9E8EBEAD0
:10685000F5F4F7F6F1F0F3F2FDFCFEFEF9F8FBFAC1
:10686000C5C4C7C6C1C0C3C2CDCCCFCEC9C8CBCAB0
:10687000D5D4D7D6D1D0D3D2DDDCDFDED9D8DBDAA0
:1068800025242726212023222D2C2F2E29282B2A90
:1068900035343736313033323D3C3F3E39383B3A80
:1068A00005040706010003020D0C0F0E09080B0A70
:1068B00015141716111013121D1C1F1E19181B1A60
:1068C00065646766616063626D6C6F6E69686B6A50
:1068D00075747776717073727D7C7F7E79787B7A40
:1068E00045444746414043424D4C4F4E49484B4A30
:1068F00055545756515053525D5C5F5E59585B5A20
:10690000A5A4A7A6A1A0A3A2ADACAFAEA9A8ABAA0F
:10691000B5B4B7B6B1B0B3B2BDBCBFBEB9B8BBBAFF
:1069200085848786818083828D8C8F8E89888B8AEF
:1069300095949796919093929D9C9F9E99989B9ADF
:10694000E5E4E7E6E1E0E3E2EDECEFEEE9E8EBEACF
:10695000F5F4F7F6F1F0F3F2FDFCFEFEF9F8FBFAC0
:10696000C5C4C7C6C1C0C3C2CDCCCFCEC9C8CBCAAF
:10697000D5D4D7D6D1D0D3D2DDDCDFDED9D8DBDA9F
:1069800025242726212023222D2C2F2E29282B2A8F
:1069900035343736313033323D3C3F3E39383B3A7F
:1069A00005040706010003020D0C0F0E09080B0A6F
:1069B00015141716111013121D1C1F1E19181B1A5F
:1069C00065646766616063626D6C6F6E69686B6A4F
:1069D00075747776717073727D7C7F7E79787B7A3F
:1069E00045444746414043424D4C4F4E49484B4A2F
:1069F00055545756515053525D5C5F5E59585B5A1F
:106A0000A5A4A7A6A1A0A3A2ADACAFAEA9A8ABAA0E
:106A1000B5B4B7B6B1B0B3B2BDBCBFBEB9B8BBBAFE
:106A200085848786818083828D8C8F8E89888B8AEE
:106A300095949796919093929D9C9F9E99989B9ADE
:106A4000E5E4E7E6E1E0E3E2EDECEFEEE9E8EBEACE
:106A5000F5F4F7F6F1F0F3F2FDFCFEFEF9F8FBFABF
:106A6000C5C4C7C6C1C0C3C2CDCCCFCEC9C8CBCAAE
:106A7000D5D4D7D6D1D0D3D2DDDCDFDED9D8DBDA9E
:106A800025242726212023222D2C2F2E29282B2A8E
:106A900035343736313033323D3C3F3E39383B3A7E
:106AA00005040706010003020D0C0F0E09080B0A6E
:106AB00015141716111013121D1C1F1E19181B1A5E
:106AC00065646766616063626D6C6F6E69686B6A4E
:106AD00075747776717073727D7C7F7E79787B7A3E
:106AE00045444746414043424D4C4F4E49484B4A2E
:106AF00055545756515053525D5C5F5E59585B5A1E
:106B0000A5A4A7A6A1A0A3A2ADACAFAEA9A8ABAA0D
:106B1000B5B4B7B6B1B0B3B2BDBCBFBEB9B8BBBAFD
:106B200085848786818083828D8C8F8E89888B8AED
:106B300095949796919093929D9C9F9E99989B9ADD
:106B4000E5E4E7E6E1E0E3E2EDECEFEEE9E8EBEACD
:106B5000F5F4F7F6F1F0F3F2FDFCFEFEF9F8FBFABE
:106B6000C5C4C7C6C1C0C3C2CDCCCFCEC9C8CBCAAD
:106B7000D5D4D7D6D1D0D3D2DDDCDFDED9D8DBDA9D
:106B800025242726212023222D2C2F2E29282B2A8D
:106B900035343736313033323D3C3F3E39383B3A7D
:106BA00005040706010003020D0C0F0E09080B0A6D
:106BB00015141716111013121D1C1F1E19181B1A5D
:106BC00065646766616063626D6C6F6E69686B6A4D
:106BD00075747776717073727D7C7F7E79787B7A3D
:106BE00045444746414043424D4C4F4E49484B4A2D
:106BF00055545756515053525D5C5F5E59585B5A1D
:106C0000A5A4A7A6A1A0A3A2ADACAFAEA9A8ABAA0C
:106C1000B5B4B7B6B1B0B3B2BDBCBFBEB9B8BBBAFC
:106C200085848786818083828D8C8F8E89888B8AEC
:106C300095949796919093929D9C9F9E99989B9ADC
:106C4000E5E4E7E6E1E0E3E2EDECEFEEE9E8EBEACC
:106C5000F5F4F7F6F1F0F3F2FDFCFEFEF9F8FBFABD
:106C6000C5C4C7C6C1C0C3C2CDCCCFCEC9C8CBCAAC
:106C7000D5D4D7D6D1D0D3D2DDDCDFDED9D8DBDA9C
:106C800025242726212023222D2C2F2E29282B2A8C
:106C900035343736313033323D3C3F3E39383B3A7C
:106CA00005040706010003020D0C0F0E09080B0A6C
:106CB00015141716111013121D1C1F1E19181B1A5C
:106CC00065646766616063626D6C6F6E69686B6A4C
:106CD00075747776717073727D7C7F7E79787B7A3C
:106CE00045444746414043424D4C4F4E49484B4A2C
:106CF00055545756515053525D5C5F5E59585B5A1C
:106D0000A5A4A7A6A1A0A3A2ADACAFAEA9A8ABAA0B
:106D1000B5B4B7B6B1B0B3B2BDBCBFBEB9B8BBBAFB
:106D200085848786818083828D8C8F8E89888B8AEB
:106D300095949796919093929D9C9F9E99989B9ADB
:106D4000E5E4E7E6E1E0E3E2EDECEFEEE9E8EBEACB
:106D5000F5F4F7F6F1F0F3F2FDFCFEFEF9F8FBFABC
:106D6000C5C4C7C6C1C0C3C2CDCCCFCEC9C8CBCAAB
:106D7000D5D4D7D6D1D0D3D2DDDCDFDED9D8DBDA9B
:106D800025242726212023222D2C2F2E29282B2A8B
:106D900035343736313033323D3C3F3E39383B3A7B
:106DA00005040706010003020D0C0F0E09080B0A6B
:106DB00015141716111013121D1C1F1E19181B1A5B
:106DC00065646766616063626D6C6F6E69686B6A4B
:106DD00075747776717073727D7C7F7E79787B7A3B
:106DE00045444746414043424D4C4F4E49484B4A2B
:106DF00055545756515053525D5C5F5E59585B5A1B
:106E0000A5A4A7A6A1A0A3A2ADACAFAEA9A8ABAA0A
:106E1000B5B4B7B6B1B0B3B2BDBCBFBEB9B8BBBAFA
:106E200085848786818083828D8C8F8E89888B8AEA
:106E300095949796919093929D9C9F9E99989B9ADA
:106E4000E5E4E7E6E1E0E3E2EDECEFEEE9E8EBEACA
:106E5000F5F4F7F6F1F0F3F2FDFCFEFEF9F8FBFABB
:106E6000C5C4C7C6C1C0C3C2CDCCCFCEC9C8CBCAAA
:106E7000D5D4D7D6D1D0D3D2DDDCDFDED9D8DBDA9A
:106E800025242726212023222D2C2F2E29282B2A8A
:106E900035343736313033323D3C3F3E39383B3A7A
:106EA00005040706010003020D0C0F0E09080B0A6A
:106EB00015141716111013121D1C1F1E19181B1A5A
:106EC00065646766616063626D6C6F6E69686B6A4A
:106ED00075747776717073727D7C7F7E79787B7A3A
:106EE00045444746414043424D4C4F4E49484B4A2A
:106EF00055545756515053525D5C5F5E59585B5A1A
:106F0000A5A4A7A6A1A0A3A2ADACAFAEA9A8ABAA09
:106F1000B5B4B7B6B1B0B3B2BDBCBFBEB9B8BBBAF9
:106F200085848786818083828D8C8F8E89888B8AE9
:106F300095949796919093929D9C9F9E99989B9AD9
:106F4000E5E4E7E6E1E0E3E2EDECEFEEE9E8EBEAC9
:106F5000F5F4F7F6F1F0F3F2FDFCFEFEF9F8FBFABA
:106F6000C5C4C7C6C1C0C3C2CDCCCFCEC9C8CBCAA9
:106F7000D5D4D7D6D1D0D3D2DDDCDFDED9D8DBDA99
:106F800025242726212023222D2C2F2E29282B2A89
:106F900035343736313033323D3C3F3E39383B3A79
:106FA00005040706010003020D0C0F0E09080B0A69
:106FB00015141716111013121D1C1F1E19181B1A59
:106FC00065646766616063626D6C6F6E69686B6A49
:106FD00075747776717073727D7C7F7E79787B7A39
:106FE00045444746414043424D4C4F4E49484B4A29
:106FF00055545756515053525D5C5F5E59585B5A19
:10700000A5A4A7A6A1A0A3A2ADACAFAEA9A8ABAA08
:10701000B5B4B7B6B1B0B3B2BDBCBFBEB9B8BBBAF8
:1070200085848786818083828D8C8F8E89888B8AE8
:1070300095949796919093929D9C9F9E99989B9AD8
:10704000E5E4E7E6E1E0E3E2EDECEFEEE9E8EBEAC8
:10705000F5F4F7F6F1F0F3F2FDFCFEFEF9F8FBFAB9
:10706000C5C4C7C6C1C0C3C2CDCCCFCEC9C8CBCAA8
:10707000D5D4D7D6D1D0D3D2DDDCDFDED9D8DBDA98
:1070800025242726212023222D2C2F2E29282B2A88
:1070900035343736313033323D3C3F3E39383B3A78
:1070A00005040706010003020D0C0F0E09080B0A68
:1070B00015141716111013121D1C1F1E19181B1A58
:1070C00065646766616063626D6C6F6E69686B6A48
:1070D00075747776717073727D7C7F7E79787B7A38
:1070E00045444746414043424D4C4F4E49484B4A28
:1070F00055545756515053525D5C5F5E59585B5A18
:10710000A5A4A7A6A1A0A3A2ADACAFAEA9A8ABAA07
:10711000B5B4B7B6B1B0B3B2BDBCBFBEB9B8BBBAF7
:1071200085848786818083828D8C8F8E89888B8AE7
:1071300095949796919093929D9C9F9E99989B9AD7
:10714000E5E4E7E6E1E0E3E2EDECEFEEE9E8EBEAC7
:10715000F5F4F7F6F1F0F3F2FDFCFEFEF9F8FBFAB8
:10716000C5C4C7C6C1C0C3C2CDCCCFCEC9C8CBCAA7
:10717000D5D4D7D6D1D0D3D2DDDCDFDED9D8DBDA97
:1071800025242726212023222D2C2F2E29282B2A87
:1071900035343736313033323D3C3F3E39383B3A77
:1071A00005040706010003020D0C0F0E09080B0A67
:1071B00015141716111013121D1C1F1E19181B1A57
:1071C00065646766616063626D6C6F6E69686B6A47
:1071D00075747776717073727D7C7F7E79787B7A37
:1071E00045444746414043424D4C4F4E49484B4A27
:1071F00055545756515053525D5C5F5E59585B5A17
:10720000A5A4A7A6A1A0A3A2ADACAFAEA9A8ABAA06
:10721000B5B4B7B6B1B0B3B2BDBCBFBEB9B8BBBAF6
:1072200085848786818083828D8C8F8E89888B8AE6
:1072300095949796919093929D9C9F9E99989B9AD6
:10724000E5E4E7E6E1E0E3E2EDECEFEEE9E8EBEAC6
:10725000F5F4F7F6F1F0F3F2FDFCFEFEF9F8FBFAB7
:10726000C5C4C7C6C1C0C3C2CDCCCFCEC9C8CBCAA6
:10727000D5D4D7D6D1D0D3D2DDDCDFDED9D8DBDA96
:1072800025242726212023222D2C2F2E29282B2A86
:1072900035343736313033323D3C3F3E39383B3A76
:1072A00005040706010003020D0C0F0E09080B0A66
:1072B00015141716111013121D1C1F1E19181B1A56
:1072C00065646766616063626D6C6F6E69686B6A46
:1072D00075747776717073727D7C7F7E79787B7A36
:1072E00045444746414043424D4C4F4E49484B4A26
:1072F00055545756515053525D5C5F5E59585B5A16
:10730000A5A4A7A6A1A0A3A2ADACAFAEA9A8ABAA05
:10731000B5B4B7B6B1B0B3B2BDBCBFBEB9B8BBBAF5
:1073200085848786818083828D8C8F8E89888B8AE5
:1073300095949796919093929D9C9F9E99989B9AD5
:10734000E5E4E7E6E1E0E3E2EDECEFEEE9E8EBEAC5
:10735000F5F4F7F6F1F0F3F2FDFCFEFEF9F8FBFAB6
:10736000C5C4C7C6C1C0C3C2CDCCCFCEC9C8CBCAA5
:10737000D5D4D7D6D1D0D3D2DDDCDFDED9D8DBDA95
:1073800025242726212023222D2C2F2E29282B2A85
:1073900035343736313033323D3C3F3E39383B3A75
:1073A00005040706010003020D0C0F0E09080B0A65
:1073B00015141716111013121D1C1F1E19181B1A55
:1073C00065646766616063626D6C6F6E69686B6A45
:1073D00075747776717073727D7C7F7E79787B7A35
:1073E00045444746414043424D4C4F4E49484B4A25
:1073F00055545756515053525D5C5F5E59585B5A15
:10740000A5A4A7A6A1A0A3A2ADACAFAEA9A8ABAA04
:10741000B5B4B7B6B1B0B3B2BDBCBFBEB9B8BBBAF4
:1074200085848786818083828D8C8F8E89888B8AE4
:1074300095949796919093929D9C9F9E99989B9AD4
:10744000E5E4E7E6E1E0E3E2EDECEFEEE9E8EBEAC4
:10745000F5F4F7F6F1F0F3F2FDFCFEFEF9F8FBFAB5
:10746000C5C4C7C6C1C0C3C2CDCCCFCEC9C8CBCAA4
:10747000D5D4D7D6D1D0D3D2DDDCDFDED9D8DBDA94
:1074800025242726212023222D2C2F2E29282B2A84
:1074900035343736313033323D3C3F3E39383B3A74
:1074A00005040706010003020D0C0F0E09080B0A64
:1074B00015141716111013121D1C1F1E19181B1A54
:1074C00065646766616063626D6C6F6E69686B6A44
:1074D00075747776717073727D7C7F7E79787B7A34
:1074E00045444746414043424D4C4F4E49484B4A24
:1074F00055545756515053525D5C5F5E59585B5A14
:10750000A5A4A7A6A1A0A3A2ADACAFAEA9A8ABAA03
:10751000B5B4B7B6B1B0B3B2BDBCBFBEB9B8BBBAF3
:1075200085848786818083828D8C8F8E89888B8AE3
:1075300095949796919093929D9C9F9E99989B9AD3
:10754000E5E4E7E6E1E0E3E2EDECEFEEE9E8EBEAC3
:10755000F5F4F7F6F1F0F3F2FDFCFEFEF9F8FBFAB4
:10756000C5C4C7C6C1C0C3C2CDCCCFCEC9C8CBCAA3
:10757000D5D4D7D6D1D0D3D2DDDCDFDED9D8DBDA93
:1075800025242726212023222D2C2F2E29282B2A83
:1075900035343736313033323D3C3F3E39383B3A73
:1075A00005040706010003020D0C0F0E09080B0A63
:1075B00015141716111013121D1C1F1E19181B1A53
:1075C00065646766616063626D6C6F6E69686B6A43
:1075D00075747776717073727D7C7F7E79787B7A33
:1075E00045444746414043424D4C4F4E49484B4A23
:1075F00055545756515053525D5C5F5E59585B5A13
:10760000A5A4A7A6A1A0A3A2ADACAFAEA9A8ABAA02
:10761000B5B4B7B6B1B0B3B2BDBCBFBEB9B8BBBAF2
:1076200085848786818083828D8C8F8E89888B8AE2
:1076300095949796919093929D9C9F9E99989B9AD2
:10764000E5E4E7E6E1E0E3E2EDECEFEEE9E8EBEAC2
:10765000F5F4F7F6F1F0F3F2FDFCFEFEF9F8FBFAB3
:10766000C5C4C7C6C1C0C3C2CDCCCFCEC9C8CBCAA2
:10767000D5D4D7D6D1D0D3D2DDDCDFDED9D8DBDA92
:1076800025242726212023222D2C2F2E29282B2A82
:1076900035343736313033323D3C3F3E39383B3A72
:1076A00005040706010003020D0C0F0E09080B0A62
:1076B00015141716111013121D1C1F1E19181B1A52
:1076C00065646766616063626D6C6F6E69686B6A42
:1076D00075747776717073727D7C7F7E79787B7A32
:1076E00045444746414043424D4C4F4E49484B4A22
:1076F00055545756515053525D5C5F5E59585B5A12
:10770000A5A4A7A6A1A0A3A2ADACAFAEA9A8ABAA01
:10771000B5B4B7B6B1B0B3B2BDBCBFBEB9B8BBBAF1
:1077200085848786818083828D8C8F8E89888B8AE1
:1077300095949796919093929D9C9F9E99989B9AD1
:10774000E5E4E7E6E1E0E3E2EDECEFEEE9E8EBEAC1
:10775000F5F4F7F6F1F0F3F2FDFCFEFEF9F8FBFAB2
:10776000C5C4C7C6C1C0C3C2CDCCCFCEC9C8CBCAA1
:10777000D5D4D7D6D1D0D3D2DDDCDFDED9D8DBDA91
:1077800025242726212023222D2C2F2E29282B2A81
:1077900035343736313033323D3C3F3E39383B3A71
:1077A00005040706010003020D0C0F0E09080B0A61
:1077B00015141716111013121D1C1F1E19181B1A51
:1077C00065646766616063626D6C6F6E69686B6A41
:1077D00075747776717073727D7C7F7E79787B7A31
:1077E00045444746414043424D4C4F4E49484B4A21
:1077F00055545756515053525D5C5F5E59585B5A11
:10780000A5A4A7A6A1A0A3A2ADACAFAEA9A8ABAA00
:10781000B5B4B7B6B1B0B3B2BDBCBFBEB9B8BBBAF0
:1078200085848786818083828D8C8F8E89888B8AE0
:1078300095949796919093929D9C9F9E99989B9AD0
:10784000E5E4E7E6E1E0E3E2EDECEFEEE9E8EBEAC0
:10785000F5F4F7F6F1F0F3F2FDFCFEFEF9F8FBFAB1
:10786000C5C4C7C6C1C0C3C2CDCCCFCEC9C8CBCAA0
:10787000D5D4D7D6D1D0D3D2DDDCDFDED9D8DBDA90
:1078800025242726212023222D2C2F2E29282B2A80
:1078900035343736313033323D3C3F3E39383B3A70
:1078A00005040706010003020D0C0F0E09080B0A60
:1078B00015141716111013121D1C1F1E19181B1A50
:1078C00065646766616063626D6C6F6E69686B6A40
:1078D00075747776717073727D7C7F7E79787B7A30
:1078E00045444746414043424D4C4F4E49484B4A20
:1078F00055545756515053525D5C5F5E59585B5A10
:10790000A5A4A7A6A1A0A3A2ADACAFAEA9A8ABAAFF
:10791000B5B4B7B6B1B0B3B2BDBCBFBEB9B8BBBAEF
:1079200085848786818083828D8C8F8E89888B8ADF
:1079300095949796919093929D9C9F9E99989B9ACF
:10794000E5E4E7E6E1E0E3E2EDECEFEEE9E8EBEABF
:10795000F5F4F7F6F1F0F3F2FDFCFEFEF9F8FBFAB0
:10796000C5C4C7C6C1C0C3C2CDCCCFCEC9C8CBCA9F
:10797000D5D4D7D6D1D0D3D2DDDCDFDED9D8DBDA8F
:1079800025242726212023222D2C2F2E29282B2A7F
:1079900035343736313033323D3C3F3E39383B3A6F
:1079A00005040706010003020D0C0F0E09080B0A5F
:1079B00015141716111013121D1C1F1E19181B1A4F
:1079C00065646766616063626D6C6F6E69686B6A3F
:1079D00075747776717073727D7C7F7E79787B7A2F
:1079E00045444746414043424D4C4F4E49484B4A1F
:1079F00055545756515053525D5C5F5E59585B5A0F
:107A0000A5A4A7A6A1A0A3A2ADACAFAEA9A8ABAAFE
:107A1000B5B4B7B6B1B0B3B2BDBCBFBEB9B8BBBAEE
:107A200085848786818083828D8C8F8E89888B8ADE
:107A300095949796919093929D9C9F9E99989B9ACE
:107A4000E5E4E7E6E1E0E3E2EDECEFEEE9E8EBEABE
:107A5000F5F4F7F6F1F0F3F2FDFCFEFEF9F8FBFAAF
:107A6000C5C4C7C6C1C0C3C2CDCCCFCEC9C8CBCA9E
:107A7000D5D4D7D6D1D0D3D2DDDCDFDED9D8DBDA8E
:107A800025242726212023222D2C2F2E29282B2A7E
:107A900035343736313033323D3C3F3E39383B3A6E
:107AA00005040706010003020D0C0F0E09080B0A5E
:107AB00015141716111013121D1C1F1E19181B1A4E
:107AC00065646766616063626D6C6F6E69686B6A3E
:107AD00075747776717073727D7C7F7E79787B7A2E
:107AE00045444746414043424D4C4F4E49484B4A1E
:107AF00055545756515053525D5C5F5E59585B5A0E
:107B0000A5A4A7A6A1A0A3A2ADACAFAEA9A8ABAAFD
:107B1000B5B4B7B6B1B0B3B2BDBCBFBEB9B8BBBAED
:107B200085848786818083828D8C8F8E89888B8ADD
:107B300095949796919093929D9C9F9E99989B9ACD
:107B4000E5E4E7E6E1E0E3E2EDECEFEEE9E8EBEABD
:107B5000F5F4F7F6F1F0F3F2FDFCFEFEF9F8FBFAAE
:107B6000C5C4C7C6C1C0C3C2CDCCCFCEC9C8CBCA9D
:107B7000D5D4D7D6D1D0D3D2DDDCDFDED9D8DBDA8D
:107B800025242726212023222D2C2F2E29282B2A7D
:107B900035343736313033323D3C3F3E39383B3A6D
:107BA00005040706010003020D0C0F0E09080B0A5D
:107BB00015141716111013121D1C1F1E19181B1A4D
:107BC00065646766616063626D6C6F6E69686B6A3D
:107BD00075747776717073727D7C7F7E79787B7A2D
:107BE00045444746414043424D4C4F4E49484B4A1D
:107BF00055545756515053525D5C5F5E59585B5A0D
:107C0000A5A4A7A6A1A0A3A2ADACAFAEA9A8ABAAFC
:107C1000B5B4B7B6B1B0B3B2BDBCBFBEB9B8BBBAEC
:107C200085848786818083828D8C8F8E89888B8ADC
:107C300095949796919093929D9C9F9E99989B9ACC
:107C4000E5E4E7E6E1E0E3E2EDECEFEEE9E8EBEABC
:107C5000F5F4F7F6F1F0F3F2FDFCFEFEF9F8FBFAAD
:107C6000C5C4C7C6C1C0C3C2CDCCCFCEC9C8CBCA9C
:107C7000D5D4D7D6D1D0D3D2DDDCDFDED9D8DBDA8C
:107C800025242726212023222D2C2F2E29282B2A7C
:107C900035343736313033323D3C3F3E39383B3A6C
:107CA00005040706010003020D0C0F0E09080B0A5C
:107CB00015141716111013121D1C1F1E19181B1A4C
:107CC00065646766616063626D6C6F6E69686B6A3C
:107CD00075747776717073727D7C7F7E79787B7A2C
:107CE00045444746414043424D4C4F4E49484B4A1C
:107CF00055545756515053525D5C5F5E59585B5A0C
:107D0000A5A4A7A6A1A0A3A2ADACAFAEA9A8ABAAFB
:107D1000B5B4B7B6B1B0B3B2BDBCBFBEB9B8BBBAEB
:107D200085848786818083828D8C8F8E89888B8ADB
:107D300095949796919093929D9C9F9E99989B9ACB
:107D4000E5E4E7E6E1E0E3E2EDECEFEEE9E8EBEABB
:107D5000F5F4F7F6F1F0F3F2FDFCFEFEF9F8FBFAAC
:107D6000C5C4C7C6C1C0C3C2CDCCCFCEC9C8CBCA9B
:107D7000D5D4D7D6D1D0D3D2DDDCDFDED9D8DBDA8B
:107D800025242726212023222D2C2F2E29282B2A7B
:107D900035343736313033323D3C3F3E39383B3A6B
:107DA00005040706010003020D0C0F0E09080B0A5B
:107DB00015141716111013121D1C1F1E19181B1A4B
:107DC00065646766616063626D6C6F6E69686B6A3B
:107DD00075747776717073727D7C7F7E79787B7A2B
:107DE00045444746414043424D4C4F4E49484B4A1B
:107DF00055545756515053525D5C5F5E59585B5A0B
:107E0000A5A4A7A6A1A0A3A2ADACAFAEA9A8ABAAFA
:107E1000B5B4B7B6B1B0B3B2BDBCBFBEB9B8BBBAEA
:107E200085848786818083828D8C8F8E89888B8ADA
:107E300095949796919093929D9C9F9E99989B9ACA
:107E4000E5E4E7E6E1E0E3E2EDECEFEEE9E8EBEABA
:107E5000F5F4F7F6F1F0F3F2FDFCFEFEF9F8FBFAAB
:107E6000C5C4C7C6C1C0C3C2CDCCCFCEC9C8CBCA9A
:107E7000D5D4D7D6D1D0D3D2DDDCDFDED9D8DBDA8A
:107E800025242726212023222D2C2F2E29282B2A7A
:107E900035343736313033323D3C3F3E39383B3A6A
:107EA00005040706010003020D0C0F0E09080B0A5A
:107EB00015141716111013121D1C1F1E19181B1A4A
:107EC00065646766616063626D6C6F6E69686B6A3A
:107ED00075747776717073727D7C7F7E79787B7A2A
:107EE00045444746414043424D4C4F4E49484B4A1A
:107EF00055545756515053525D5C5F5E59585B5A0A
:107F0000A5A4A7A6A1A0A3A2ADACAFAEA9A8ABAAF9
:107F1000B5B4B7B6B1B0B3B2BDBCBFBEB9B8BBBAE9
:107F200085848786818083828D8C8F8E89888B8AD9
:107F300095949796919093929D9C9F9E99989B9AC9
:107F4000E5E4E7E6E1E0E3E2EDECEFEEE9E8EBEAB9
:107F5000F5F4F7F6F1F0F3F2FDFCFEFEF9F8FBFAAA
:107F6000C5C4C7C6C1C0C3C2CDCCCFCEC9C8CBCA99
:107F7000D5D4D7D6D1D0D3D2DDDCDFDED9D8DBDA89
:107F800025242726212023222D2C2F2E29282B2A79
:107F900035343736313033323D3C3F3E39383B3A69
:107FA00005040706010003020D0C0F0E09080B0A59
:107FB00015141716111013121D1C1F1E19181B1A49
:107FC00065646766616063626D6C6F6E69686B6A39
:107FD00075747776717073727D7C7F7E79787B7A29
:107FE00045444746414043424D4C4F4E49484B4A19
:107FF00055545756515053525D5C5F5E59585B5A09
:10800000A5A4A7A6A1A0A3A2ADACAFAEA9A8ABAAF8
:10801000B5B4B7B6B1B0B3B2BDBCBFBEB9B8BBBAE8
:1080200085848786818083828D8C8F8E89888B8AD8
:1080300095949796919093929D9C9F9E99989B9AC8
:10804000E5E4E7E6E1E0E3E2EDECEFEEE9E8EBEAB8
:10805000F5F4F7F6F1F0F3F2FDFCFEFEF9F8FBFAA9
:10806000C5C4C7C6C1C0C3C2CDCCCFCEC9C8CBCA98
:10807000D5D4D7D6D1D0D3D2DDDCDFDED9D8DBDA88
:1080800025242726212023222D2C2F2E29282B2A78
:1080900035343736313033323D3C3F3E39383B3A68
:1080A00005040706010003020D0C0F0E09080B0A58
:1080B00015141716111013121D1C1F1E19181B1A48
:1080C00065646766616063626D6C6F6E69686B6A38
:1080D00075747776717073727D7C7F7E79787B7A28
:1080E00045444746414043424D4C4F4E49484B4A18
:1080F00055545756515053525D5C5F5E59585B5A08
:10810000A5A4A7A6A1A0A3A2ADACAFAEA9A8ABAAF7
:10811000B5B4B7B6B1B0B3B2BDBCBFBEB9B8BBBAE7
:1081200085848786818083828D8C8F8E89888B8AD7
:1081300095949796919093929D9C9F9E99989B9AC7
:10814000E5E4E7E6E1E0E3E2EDECEFEEE9E8EBEAB7
:10815000F5F4F7F6F1F0F3F2FDFCFEFEF9F8FBFAA8
:10816000C5C4C7C6C1C0C3C2CDCCCFCEC9C8CBCA97
:10817000D5D4D7D6D1D0D3D2DDDCDFDED9D8DBDA87
:1081800025242726212023222D2C2F2E29282B2A77
:1081900035343736313033323D3C3F3E39383B3A67
:1081A00005040706010003020D0C0F0E09080B0A57
:1081B00015141716111013121D1C1F1E19181B1A47
:1081C00065646766616063626D6C6F6E69686B6A37
:1081D00075747776717073727D7C7F7E79787B7A27
:1081E00045444746414043424D4C4F4E49484B4A17
:1081F00055545756515053525D5C5F5E59585B5A07
:10820000A5A4A7A6A1A0A3A2ADACAFAEA9A8ABAAF6
:10821000B5B4B7B6B1B0B3B2BDBCBFBEB9B8BBBAE6
:1082200085848786818083828D8C8F8E89888B8AD6
:1082300095949796919093929D9C9F9E99989B9AC6
:10824000E5E4E7E6E1E0E3E2EDECEFEEE9E8EBEAB6
:10825000F5F4F7F6F1F0F3F2FDFCFEFEF9F8FBFAA7
:10826000C5C4C7C6C1C0C3C2CDCCCFCEC9C8CBCA96
:10827000D5D4D7D6D1D0D3D2DDDCDFDED9D8DBDA86
:1082800025242726212023222D2C2F2E29282B2A76
:1082900035343736313033323D3C3F3E39383B3A66
:1082A00005040706010003020D0C0F0E09080B0A56
:1082B00015141716111013121D1C1F1E19181B1A46
:1082C00065646766616063626D6C6F6E69686B6A36
:1082D00075747776717073727D7C7F7E79787B7A26
:1082E00045444746414043424D4C4F4E49484B4A16
:1082F00055545756515053525D5C5F5E59585B5A06
:10830000A5A4A7A6A1A0A3A2ADACAFAEA9A8ABAAF5
:10831000B5B4B7B6B1B0B3B2BDBCBFBEB9B8BBBAE5
:1083200085848786818083828D8C8F8E89888B8AD5
:1083300095949796919093929D9C9F9E99989B9AC5
:10834000E5E4E7E6E1E0E3E2EDECEFEEE9E8EBEAB5
:10835000F5F4F7F6F1F0F3F2FDFCFEFEF9F8FBFAA6
:10836000C5C4C7C6C1C0C3C2CDCCCFCEC9C8CBCA95
:10837000D5D4D7D6D1D0D3D2DDDCDFDED9D8DBDA85
:1083800025242726212023222D2C2F2E29282B2A75
:1083900035343736313033323D3C3F3E39383B3A65
:1083A00005040706010003020D0C0F0E09080B0A55
:1083B00015141716111013121D1C1F1E19181B1A45
:1083C00065646766616063626D6C6F6E69686B6A35
:1083D00075747776717073727D7C7F7E79787B7A25
:1083E00045444746414043424D4C4F4E49484B4A15
:1083F00055545756515053525D5C5F5E59585B5A05
:10840000A5A4A7A6A1A0A3A2ADACAFAEA9A8ABAAF4
:10841000B5B4B7B6B1B0B3B2BDBCBFBEB9B8BBBAE4
:1084200085848786818083828D8C8F8E89888B8AD4
:1084300095949796919093929D9C9F9E99989B9AC4
:10844000E5E4E7E6E1E0E3E2EDECEFEEE9E8EBEAB4
:10845000F5F4F7F6F1F0F3F2FDFCFEFEF9F8FBFAA5
:10846000C5C4C7C6C1C0C3C2CDCCCFCEC9C8CBCA94
:10847000D5D4D7D6D1D0D3D2DDDCDFDED9D8DBDA84
:1084800025242726212023222D2C2F2E29282B2A74
:1084900035343736313033323D3C3F3E39383B3A64
:1084A00005040706010003020D0C0F0E09080B0A54
:1084B00015141716111013121D1C1F1E19181B1A44
:1084C00065646766616063626D6C6F6E69686B6A34
:1084D00075747776717073727D7C7F7E79787B7A24
:1084E00045444746414043424D4C4F4E49484B4A14
:1084F00055545756515053525D5C5F5E59585B5A04
:10850000A5A4A7A6A1A0A3A2ADACAFAEA9A8ABAAF3
:10851000B5B4B7B6B1B0B3B2BDBCBFBEB9B8BBBAE3
:1085200085848786818083828D8C8F8E89888B8AD3
:1085300095949796919093929D9C9F9E99989B9AC3
:10854000E5E4E7E6E1E0E3E2EDECEFEEE9E8EBEAB3
:10855000F5F4F7F6F1F0F3F2FDFCFEFEF9F8FBFAA4
:10856000C5C4C7C6C1C0C3C2CDCCCFCEC9C8CBCA93
:10857000D5D4D7D6D1D0D3D2DDDCDFDED9D8DBDA83
:1085800025242726212023222D2C2F2E29282B2A73
:1085900035343736313033323D3C3F3E39383B3A63
:1085A00005040706010003020D0C0F0E09080B0A53
:1085B00015141716111013121D1C1F1E19181B1A43
:1085C00065646766616063626D6C6F6E69686B6A33
:1085D00075747776717073727D7C7F7E79787B7A23
:1085E00045444746414043424D4C4F4E49484B4A13
:1085F00055545756515053525D5C5F5E59585B5A03
:10860000A5A4A7A6A1A0A3A2ADACAFAEA9A8ABAAF2
:10861000B5B4B7B6B1B0B3B2BDBCBFBEB9B8BBBAE2
:1086200085848786818083828D8C8F8E89888B8AD2
:1086300095949796919093929D9C9F9E99989B9AC2
:10864000E5E4E7E6E1E0E3E2EDECEFEEE9E8EBEAB2
:10865000F5F4F7F6F1F0F3F2FDFCFEFEF9F8FBFAA3
:10866000C5C4C7C6C1C0C3C2CDCCCFCEC9C8CBCA92
:10867000D5D4D7D6D1D0D3D2DDDCDFDED9D8DBDA82
:1086800025242726212023222D2C2F2E29282B2A72
:1086900035343736313033323D3C3F3E39383B3A62
:1086A00005040706010003020D0C0F0E09080B0A52
:1086B00015141716111013121D1C1F1E19181B1A42
:1086C00065646766616063626D6C6F6E69686B6A32
:1086D00075747776717073727D7C7F7E79787B7A22
:1086E00045444746414043424D4C4F4E49484B4A12
:1086F00055545756515053525D5C5F5E59585B5A02
:10870000A5A4A7A6A1A0A3A2ADACAFAEA9A8ABAAF1
:10871000B5B4B7B6B1B0B3B2BDBCBFBEB9B8BBBAE1
:1087200085848786818083828D8C8F8E89888B8AD1
:1087300095949796919093929D9C9F9E99989B9AC1
:10874000E5E4E7E6E1E0E3E2EDECEFEEE9E8EBEAB1
:10875000F5F4F7F6F1F0F3F2FDFCFEFEF9F8FBFAA2
:10876000C5C4C7C6C1C0C3C2CDCCCFCEC9C8CBCA91
:10877000D5D4D7D6D1D0D3D2DDDCDFDED9D8DBDA81
:1087800025242726212023222D2C2F2E29282B2A71
:1087900035343736313033323D3C3F3E39383B3A61
:1087A00005040706010003020D0C0F0E09080B0A51
:1087B00015141716111013121D1C1F1E19181B1A41
:1087C00065646766616063626D6C6F6E69686B6A31
:1087D00075747776717073727D7C7F7E79787B7A21
:1087E00045444746414043424D4C4F4E49484B4A11
:1087F00055545756515053525D5C5F5E59585B5A01
:10880000A5A4A7A6A1A0A3A2ADACAFAEA9A8ABAAF0
:10881000B5B4B7B6B1B0B3B2BDBCBFBEB9B8BBBAE0
:1088200085848786818083828D8C8F8E89888B8AD0
:1088300095949796919093929D9C9F9E99989B9AC0
:10884000E5E4E7E6E1E0E3E2EDECEFEEE9E8EBEAB0
:10885000F5F4F7F6F1F0F3F2FDFCFEFEF9F8FBFAA1
:10886000C5C4C7C6C1C0C3C2CDCCCFCEC9C8CBCA90
:10887000D5D4D7D6D1D0D3D2DDDCDFDED9D8DBDA80
:1088800025242726212023222D2C2F2E29282B2A70
:1088900035343736313033323D3C3F3E39383B3A60
:1088A00005040706010003020D0C0F0E09080B0A50
:1088B00015141716111013121D1C1F1E19181B1A40
:1088C00065646766616063626D6C6F6E69686B6A30
:1088D00075747776717073727D7C7F7E79787B7A20
:1088E00045444746414043424D4C4F4E49484B4A10
:1088F00055545756515053525D5C5F5E59585B5A00
:10890000A5A4A7A6A1A0A3A2ADACAFAEA9A8ABAAEF
:10891000B5B4B7B6B1B0B3B2BDBCBFBEB9B8BBBADF
:1089200085848786818083828D8C8F8E89888B8ACF
:1089300095949796919093929D9C9F9E99989B9ABF
:10894000E5E4E7E6E1E0E3E2EDECEFEEE9E8EBEAAF
:10895000F5F4F7F6F1F0F3F2FDFCFEFEF9F8FBFAA0
:10896000C5C4C7C6C1C0C3C2CDCCCFCEC9C8CBCA8F
:10897000D5D4D7D6D1D0D3D2DDDCDFDED9D8DBDA7F
:1089800025242726212023222D2C2F2E29282B2A6F
:1089900035343736313033323D3C3F3E39383B3A5F
:1089A00005040706010003020D0C0F0E09080B0A4F
:1089B00015141716111013121D1C1F1E19181B1A3F
:1089C00065646766616063626D6C6F6E69686B6A2F
:1089D00075747776717073727D7C7F7E79787B7A1F
:1089E00045444746414043424D4C4F4E49484B4A0F
:1089F00055545756515053525D5C5F5E59585B5AFF
:108A0000A5A4A7A6A1A0A3A2ADACAFAEA9A8ABAAEE
:108A1000B5B4B7B6B1B0B3B2BDBCBFBEB9B8BBBADE
:108A200085848786818083828D8C8F8E89888B8ACE
:108A300095949796919093929D9C9F9E99989B9ABE
:108A4000E5E4E7E6E1E0E3E2EDECEFEEE9E8EBEAAE
:108A5000F5F4F7F6F1F0F3F2FDFCFEFEF9F8FBFA9F
:108A6000C5C4C7C6C1C0C3C2CDCCCFCEC9C8CBCA8E
:108A7000D5D4D7D6D1D0D3D2DDDCDFDED9D8DBDA7E
:108A800025242726212023222D2C2F2E29282B2A6E
:108A900035343736313033323D3C3F3E39383B3A5E
:108AA00005040706010003020D0C0F0E09080B0A4E
:108AB00015141716111013121D1C1F1E19181B1A3E
:108AC00065646766616063626D6C6F6E69686B6A2E
:108AD00075747776717073727D7C7F7E79787B7A1E
:108AE00045444746414043424D4C4F4E49484B4A0E
:108AF00055545756515053525D5C5F5E59585B5AFE
:108B0000A5A4A7A6A1A0A3A2ADACAFAEA9A8ABAAED
:108B1000B5B4B7B6B1B0B3B2BDBCBFBEB9B8BBBADD
:108B200085848786818083828D8C8F8E89888B8ACD
:108B300095949796919093929D9C9F9E99989B9ABD
:108B4000E5E4E7E6E1E0E3E2EDECEFEEE9E8EBEAAD
:108B5000F5F4F7F6F1F0F3F2FDFCFEFEF9F8FBFA9E
:108B6000C5C4C7C6C1C0C3C2CDCCCFCEC9C8CBCA8D
:108B7000D5D4D7D6D1D0D3D2DDDCDFDED9D8DBDA7D
:108B800025242726212023222D2C2F2E29282B2A6D
:108B900035343736313033323D3C3F3E39383B3A5D
:108BA00005040706010003020D0C0F0E09080B0A4D
:108BB00015141716111013121D1C1F1E19181B1A3D
:108BC00065646766616063626D6C6F6E69686B6A2D
:108BD00075747776717073727D7C7F7E79787B7A1D
:108BE00045444746414043424D4C4F4E49484B4A0D
:108BF00055545756515053525D5C5F5E59585B5AFD
:108C0000A5A4A7A6A1A0A3A2ADACAFAEA9A8ABAAEC
:108C1000B5B4B7B6B1B0B3B2BDBCBFBEB9B8BBBADC
:108C200085848786818083828D8C8F8E89888B8ACC
:108C300095949796919093929D9C9F9E99989B9ABC
:108C4000E5E4E7E6E1E0E3E2EDECEFEEE9E8EBEAAC
:108C5000F5F4F7F6F1F0F3F2FDFCFEFEF9F8FBFA9D
:108C6000C5C4C7C6C1C0C3C2CDCCCFCEC9C8CBCA8C
:108C7000D5D4D7D6D1D0D3D2DDDCDFDED9D8DBDA7C
:108C800025242726212023222D2C2F2E29282B2A6C
:108C900035343736313033323D3C3F3E39383B3A5C
:108CA00005040706010003020D0C0F0E09080B0A4C
:108CB00015141716111013121D1C1F1E19181B1A3C
:108CC00065646766616063626D6C6F6E69686B6A2C
:108CD00075747776717073727D7C7F7E79787B7A1C
:108CE00045444746414043424D4C4F4E49484B4A0C
:108CF00055545756515053525D5C5F5E59585B5AFC
:108D0000A5A4A7A6A1A0A3A2ADACAFAEA9A8ABAAEB
:108D1000B5B4B7B6B1B0B3B2BDBCBFBEB9B8BBBADB
:108D200085848786818083828D8C8F8E89888B8ACB
:108D300095949796919093929D9C9F9E99989B9ABB
:108D4000E5E4E7E6E1E0E3E2EDECEFEEE9E8EBEAAB
:108D5000F5F4F7F6F1F0F3F2FDFCFEFEF9F8FBFA9C
:108D6000C5C4C7C6C1C0C3C2CDCCCFCEC9C8CBCA8B
:108D7000D5D4D7D6D1D0D3D2DDDCDFDED9D8DBDA7B
:108D800025242726212023222D2C2F2E29282B2A6B
:108D900035343736313033323D3C3F3E39383B3A5B
:108DA00005040706010003020D0C0F0E09080B0A4B
:108DB00015141716111013121D1C1F1E19181B1A3B
:108DC00065646766616063626D6C6F6E69686B6A2B
:108DD00075747776717073727D7C7F7E79787B7A1B
:108DE00045444746414043424D4C4F4E49484B4A0B
:108DF00055545756515053525D5C5F5E59585B5AFB
:108E0000A5A4A7A6A1A0A3A2ADACAFAEA9A8ABAAEA
:108E1000B5B4B7B6B1B0B3B2BDBCBFBEB9B8BBBADA
:108E200085848786818083828D8C8F8E89888B8ACA
:108E300095949796919093929D9C9F9E99989B9ABA
:108E4000E5E4E7E6E1E0E3E2EDECEFEEE9E8EBEAAA
:108E5000F5F4F7F6F1F0F3F2FDFCFEFEF9F8FBFA9B
:108E6000C5C4C7C6C1C0C3C2CDCCCFCEC9C8CBCA8A
:108E7000D5D4D7D6D1D0D3D2DDDCDFDED9D8DBDA7A
:108E800025242726212023222D2C2F2E29282B2A6A
:108E900035343736313033323D3C3F3E39383B3A5A
:108EA00005040706010003020D0C0F0E09080B0A4A
:108EB00015141716111013121D1C1F1E19181B1A3A
:108EC00065646766616063626D6C6F6E69686B6A2A
:108ED00075747776717073727D7C7F7E79787B7A1A
:108EE00045444746414043424D4C4F4E49484B4A0A
:108EF00055545756515053525D5C5F5E59585B5AFA
:108F0000A5A4A7A6A1A0A3A2ADACAFAEA9A8ABAAE9
:108F1000B5B4B7B6B1B0B3B2BDBCBFBEB9B8BBBAD9
:108F200085848786818083828D8C8F8E89888B8AC9
:108F300095949796919093929D9C9F9E99989B9AB9
:108F4000E5E4E7E6E1E0E3E2EDECEFEEE9E8EBEAA9
:108F5000F5F4F7F6F1F0F3F2FDFCFEFEF9F8FBFA9A
:108F6000C5C4C7C6C1C0C3C2CDCCCFCEC9C8CBCA89
:108F7000D5D4D7D6D1D0D3D2DDDCDFDED9D8DBDA79
:108F800025242726212023222D2C2F2E29282B2A69
:108F900035343736313033323D3C3F3E39383B3A59
:108FA00005040706010003020D0C0F0E09080B0A49
:108FB00015141716111013121D1C1F1E19181B1A39
:108FC00065646766616063626D6C6F6E69686B6A29
:108FD00075747776717073727D7C7F7E79787B7A19
:108FE00045444746414043424D4C4F4E49484B4A09
:108FF00055545756515053525D5C5F5E59585B5AF9
:10900000A5A4A7A6A1A0A3A2ADACAFAEA9A8ABAAE8
:10901000B5B4B7B6B1B0B3B2BDBCBFBEB9B8BBBAD8
:1090200085848786818083828D8C8F8E89888B8AC8
:1090300095949796919093929D9C9F9E99989B9AB8
:10904000E5E4E7E6E1E0E3E2EDECEFEEE9E8EBEAA8
:10905000F5F4F7F6F1F0F3F2FDFCFEFEF9F8FBFA99
:10906000C5C4C7C6C1C0C3C2CDCCCFCEC9C8CBCA88
:10907000D5D4D7D6D1D0D3D2DDDCDFDED9D8DBDA78
:1090800025242726212023222D2C2F2E29282B2A68
:1090900035343736313033323D3C3F3E39383B3A58
:1090A00005040706010003020D0C0F0E09080B0A48
:1090B00015141716111013121D1C1F1E19181B1A38
:1090C00065646766616063626D6C6F6E69686B6A28
:1090D00075747776717073727D7C7F7E79787B7A18
:1090E00045444746414043424D4C4F4E49484B4A08
:1090F00055545756515053525D5C5F5E59585B5AF8
:10910000A5A4A7A6A1A0A3A2ADACAFAEA9A8ABAAE7
:10911000B5B4B7B6B1B0B3B2BDBCBFBEB9B8BBBAD7
:1091200085848786818083828D8C8F8E89888B8AC7
:1091300095949796919093929D9C9F9E99989B9AB7
:10914000E5E4E7E6E1E0E3E2EDECEFEEE9E8EBEAA7
:10915000F5F4F7F6F1F0F3F2FDFCFEFEF9F8FBFA98
:10916000C5C4C7C6C1C0C3C2CDCCCFCEC9C8CBCA87
:10917000D5D4D7D6D1D0D3D2DDDCDFDED9D8DBDA77
:1091800025242726212023222D2C2F2E29282B2A67
:1091900035343736313033323D3C3F3E39383B3A57
:1091A00005040706010003020D0C0F0E09080B0A47
:1091B00015141716111013121D1C1F1E19181B1A37
:1091C00065646766616063626D6C6F6E69686B6A27
:1091D00075747776717073727D7C7F7E79787B7A17
:1091E00045444746414043424D4C4F4E49484B4A07
:1091F00055545756515053525D5C5F5E59585B5AF7
:10920000A5A4A7A6A1A0A3A2ADACAFAEA9A8ABAAE6
:10921000B5B4B7B6B1B0B3B2BDBCBFBEB9B8BBBAD6
:1092200085848786818083828D8C8F8E89888B8AC6
:1092300095949796919093929D9C9F9E99989B9AB6
:10924000E5E4E7E6E1E0E3E2EDECEFEEE9E8EBEAA6
:10925000F5F4F7F6F1F0F3F2FDFCFEFEF9F8FBFA97
:10926000C5C4C7C6C1C0C3C2CDCCCFCEC9C8CBCA86
:10927000D5D4D7D6D1D0D3D2DDDCDFDED9D8DBDA76
:1092800025242726212023222D2C2F2E29282B2A66
:1092900035343736313033323D3C3F3E39383B3A56
:1092A00005040706010003020D0C0F0E09080B0A46
:1092B00015141716111013121D1C1F1E19181B1A36
:1092C00065646766616063626D6C6F6E69686B6A26
:1092D00075747776717073727D7C7F7E79787B7A16
:1092E00045444746414043424D4C4F4E49484B4A06
:1092F00055545756515053525D5C5F5E59585B5AF6
:10930000A5A4A7A6A1A0A3A2ADACAFAEA9A8ABAAE5
:10931000B5B4B7B6B1B0B3B2BDBCBFBEB9B8BBBAD5
:1093200085848786818083828D8C8F8E89888B8AC5
:1093300095949796919093929D9C9F9E99989B9AB5
:10934000E5E4E7E6E1E0E3E2EDECEFEEE9E8EBEAA5
:10935000F5F4F7F6F1F0F3F2FDFCFEFEF9F8FBFA96
:10936000C5C4C7C6C1C0C3C2CDCCCFCEC9C8CBCA85
:10937000D5D4D7D6D1D0D3D2DDDCDFDED9D8DBDA75
:1093800025242726212023222D2C2F2E29282B2A65
:1093900035343736313033323D3C3F3E39383B3A55
:1093A00005040706010003020D0C0F0E09080B0A45
:1093B00015141716111013121D1C1F1E19181B1A35
:1093C00065646766616063626D6C6F6E69686B6A25
:1093D00075747776717073727D7C7F7E79787B7A15
:1093E00045444746414043424D4C4F4E49484B4A05
:1093F00055545756515053525D5C5F5E59585B5AF5
:10940000A5A4A7A6A1A0A3A2ADACAFAEA9A8ABAAE4
:10941000B5B4B7B6B1B0B3B2BDBCBFBEB9B8BBBAD4
:1094200085848786818083828D8C8F8E89888B8AC4
:1094300095949796919093929D9C9F9E99989B9AB4
:10944000E5E4E7E6E1E0E3E2EDECEFEEE9E8EBEAA4
:10945000F5F4F7F6F1F0F3F2FDFCFEFEF9F8FBFA95
:10946000C5C4C7C6C1C0C3C2CDCCCFCEC9C8CBCA84
:10947000D5D4D7D6D1D0D3D2DDDCDFDED9D8DBDA74
:1094800025242726212023222D2C2F2E29282B2A64
:1094900035343736313033323D3C3F3E39383B3A54
:1094A00005040706010003020D0C0F0E09080B0A44
:1094B00015141716111013121D1C1F1E19181B1A34
:1094C00065646766616063626D6C6F6E69686B6A24
:1094D00075747776717073727D7C7F7E79787B7A14
:1094E00045444746414043424D4C4F4E49484B4A04
:1094F00055545756515053525D5C5F5E59585B5AF4
:10950000A5A4A7A6A1A0A3A2ADACAFAEA9A8ABAAE3
:10951000B5B4B7B6B1B0B3B2BDBCBFBEB9B8BBBAD3
:1095200085848786818083828D8C8F8E89888B8AC3
:1095300095949796919093929D9C9F9E99989B9AB3
:10954000E5E4E7E6E1E0E3E2EDECEFEEE9E8EBEAA3
:10955000F5F4F7F6F1F0F3F2FDFCFEFEF9F8FBFA94
:10956000C5C4C7C6C1C0C3C2CDCCCFCEC9C8CBCA83
:10957000D5D4D7D6D1D0D3D2DDDCDFDED9D8DBDA73
:1095800025242726212023222D2C2F2E29282B2A63
:1095900035343736313033323D3C3F3E39383B3A53
:1095A00005040706010003020D0C0F0E09080B0A43
:1095B00015141716111013121D1C1F1E19181B1A33
:1095C00065646766616063626D6C6F6E69686B6A23
:1095D00075747776717073727D7C7F7E79787B7A13
:1095E00045444746414043424D4C4F4E49484B4A03
:1095F00055545756515053525D5C5F5E59585B5AF3
:10960000A5A4A7A6A1A0A3A2ADACAFAEA9A8ABAAE2
:10961000B5B4B7B6B1B0B3B2BDBCBFBEB9B8BBBAD2
:1096200085848786818083828D8C8F8E89888B8AC2
:1096300095949796919093929D9C9F9E99989B9AB2
:10964000E5E4E7E6E1E0E3E2EDECEFEEE9E8EBEAA2
:10965000F5F4F7F6F1F0F3F2FDFCFEFEF9F8FBFA93
:10966000C5C4C7C6C1C0C3C2CDCCCFCEC9C8CBCA82
:10967000D5D4D7D6D1D0D3D2DDDCDFDED9D8DBDA72
:1096800025242726212023222D2C2F2E29282B2A62
:1096900035343736313033323D3C3F3E39383B3A52
:1096A00005040706010003020D0C0F0E09080B0A42
:1096B00015141716111013121D1C1F1E19181B1A32
:1096C00065646766616063626D6C6F6E69686B6A22
:1096D00075747776717073727D7C7F7E79787B7A12
:1096E00045444746414043424D4C4F4E49484B4A02
:1096F00055545756515053525D5C5F5E59585B5AF2
:10970000A5A4A7A6A1A0A3A2ADACAFAEA9A8ABAAE1
:10971000B5B4B7B6B1B0B3B2BDBCBFBEB9B8BBBAD1
:1097200085848786818083828D8C8F8E89888B8AC1
:1097300095949796919093929D9C9F9E99989B9AB1
:10974000E5E4E7E6E1E0E3E2EDECEFEEE9E8EBEAA1
:10975000F5F4F7F6F1F0F3F2FDFCFEFEF9F8FBFA92
:10976000C5C4C7C6C1C0C3C2CDCCCFCEC9C8CBCA81
:10977000D5D4D7D6D1D0D3D2DDDCDFDED9D8DBDA71
:1097800025242726212023222D2C2F2E29282B2A61
:1097900035343736313033323D3C3F3E39383B3A51
:1097A00005040706010003020D0C0F0E09080B0A41
:1097B00015141716111013121D1C1F1E19181B1A31
:1097C00065646766616063626D6C6F6E69686B6A21
:1097D00075747776717073727D7C7F7E79787B7A11
:1097E00045444746414043424D4C4F4E49484B4A01
:1097F00055545756515053525D5C5F5E59585B5AF1
:10980000A5A4A7A6A1A0A3A2ADACAFAEA9A8ABAAE0
:10981000B5B4B7B6B1B0B3B2BDBCBFBEB9B8BBBAD0
:1098200085848786818083828D8C8F8E89888B8AC0
:1098300095949796919093929D9C9F9E99989B9AB0
:10984000E5E4E7E6E1E0E3E2EDECEFEEE9E8EBEAA0
:10985000F5F4F7F6F1F0F3F2FDFCFEFEF9F8FBFA91
:10986000C5C4C7C6C1C0C3C2CDCCCFCEC9C8CBCA80
:10987000D5D4D7D6D1D0D3D2DDDCDFDED9D8DBDA70
:1098800025242726212023222D2C2F2E29282B2A60
:1098900035343736313033323D3C3F3E39383B3A50
:1098A00005040706010003020D0C0F0E09080B0A40
:1098B00015141716111013121D1C1F1E19181B1A30
:1098C00065646766616063626D6C6F6E69686B6A20
:1098D00075747776717073727D7C7F7E79787B7A10
:1098E00045444746414043424D4C4F4E49484B4A00
:1098F00055545756515053525D5C5F5E59585B5AF0
:10990000A5A4A7A6A1A0A3A2ADACAFAEA9A8ABAADF
:10991000B5B4B7B6B1B0B3B2BDBCBFBEB9B8BBBACF
:1099200085848786818083828D8C8F8E89888B8ABF
:1099300095949796919093929D9C9F9E99989B9AAF
:10994000E5E4E7E6E1E0E3E2EDECEFEEE9E8EBEA9F
:10995000F5F4F7F6F1F0F3F2FDFCFEFEF9F8FBFA90
:10996000C5C4C7C6C1C0C3C2CDCCCFCEC9C8CBCA7F
:10997000D5D4D7D6D1D0D3D2DDDCDFDED9D8DBDA6F
:1099800025242726212023222D2C2F2E29282B2A5F
:1099900035343736313033323D3C3F3E39383B3A4F
:1099A00005040706010003020D0C0F0E09080B0A3F
:1099B00015141716111013121D1C1F1E19181B1A2F
:1099C00065646766616063626D6C6F6E69686B6A1F
:1099D00075747776717073727D7C7F7E79787B7A0F
:1099E00045444746414043424D4C4F4E49484B4AFF
:1099F00055545756515053525D5C5F5E59585B5AEF
:109A0000A5A4A7A6A1A0A3A2ADACAFAEA9A8ABAADE
:109A1000B5B4B7B6B1B0B3B2BDBCBFBEB9B8BBBACE
:109A200085848786818083828D8C8F8E89888B8ABE
:109A300095949796919093929D9C9F9E99989B9AAE
:109A4000E5E4E7E6E1E0E3E2EDECEFEEE9E8EBEA9E
:109A5000F5F4F7F6F1F0F3F2FDFCFEFEF9F8FBFA8F
:109A6000C5C4C7C6C1C0C3C2CDCCCFCEC9C8CBCA7E
:109A7000D5D4D7D6D1D0D3D2DDDCDFDED9D8DBDA6E
:109A800025242726212023222D2C2F2E29282B2A5E
:109A900035343736313033323D3C3F3E39383B3A4E
:109AA00005040706010003020D0C0F0E09080B0A3E
:109AB00015141716111013121D1C1F1E19181B1A2E
:109AC00065646766616063626D6C6F6E69686B6A1E
:109AD00075747776717073727D7C7F7E79787B7A0E
:109AE00045444746414043424D4C4F4E49484B4AFE
:109AF00055545756515053525D5C5F5E59585B5AEE
:109B0000A5A4A7A6A1A0A3A2ADACAFAEA9A8ABAADD
:109B1000B5B4B7B6B1B0B3B2BDBCBFBEB9B8BBBACD
:109B200085848786818083828D8C8F8E89888B8ABD
:109B300095949796919093929D9C9F9E99989B9AAD
:109B4000E5E4E7E6E1E0E3E2EDECEFEEE9E8EBEA9D
:109B5000F5F4F7F6F1F0F3F2FDFCFEFEF9F8FBFA8E
:109B6000C5C4C7C6C1C0C3C2CDCCCFCEC9C8CBCA7D
:109B7000D5D4D7D6D1D0D3D2DDDCDFDED9D8DBDA6D
:109B800025242726212023222D2C2F2E29282B2A5D
:109B900035343736313033323D3C3F3E39383B3A4D
:109BA00005040706010003020D0C0F0E09080B0A3D
:109BB00015141716111013121D1C1F1E19181B1A2D
:109BC00065646766616063626D6C6F6E69686B6A1D
:109BD00075747776717073727D7C7F7E79787B7A0D
:109BE00045444746414043424D4C4F4E49484B4AFD
:109BF00055545756515053525D5C5F5E59585B5AED
:109C0000A5A4A7A6A1A0A3A2ADACAFAEA9A8ABAADC
:109C1000B5B4B7B6B1B0B3B2BDBCBFBEB9B8BBBACC
:109C200085848786818083828D8C8F8E89888B8ABC
:109C300095949796919093929D9C9F9E99989B9AAC
:109C4000E5E4E7E6E1E0E3E2EDECEFEEE9E8EBEA9C
:109C5000F5F4F7F6F1F0F3F2FDFCFEFEF9F8FBFA8D
:109C6000C5C4C7C6C1C0C3C2CDCCCFCEC9C8CBCA7C
:109C7000D5D4D7D6D1D0D3D2DDDCDFDED9D8DBDA6C
:109C800025242726212023222D2C2F2E29282B2A5C
:109C900035343736313033323D3C3F3E39383B3A4C
:109CA00005040706010003020D0C0F0E09080B0A3C
:109CB00015141716111013121D1C1F1E19181B1A2C
:109CC00065646766616063626D6C6F6E69686B6A1C
:109CD00075747776717073727D7C7F7E79787B7A0C
:109CE00045444746414043424D4C4F4E49484B4AFC
:109CF00055545756515053525D5C5F5E59585B5AEC
:109D0000A5A4A7A6A1A0A3A2ADACAFAEA9A8ABAADB
:109D1000B5B4B7B6B1B0B3B2BDBCBFBEB9B8BBBACB
:109D200085848786818083828D8C8F8E89888B8ABB
:109D300095949796919093929D9C9F9E99989B9AAB
:109D4000E5E4E7E6E1E0E3E2EDECEFEEE9E8EBEA9B
:109D5000F5F4F7F6F1F0F3F2FDFCFEFEF9F8FBFA8C
:109D6000C5C4C7C6C1C0C3C2CDCCCFCEC9C8CBCA7B
:109D7000D5D4D7D6D1D0D3D2DDDCDFDED9D8DBDA6B
:109D800025242726212023222D2C2F2E29282B2A5B
:109D900035343736313033323D3C3F3E39383B3A4B
:109DA00005040706010003020D0C0F0E09080B0A3B
:109DB00015141716111013121D1C1F1E19181B1A2B
:109DC00065646766616063626D6C6F6E69686B6A1B
:109DD00075747776717073727D7C7F7E79787B7A0B
:109DE00045444746414043424D4C4F4E49484B4AFB
:109DF00055545756515053525D5C5F5E59585B5AEB
:109E0000A5A4A7A6A1A0A3A2ADACAFAEA9A8ABAADA
:109E1000B5B4B7B6B1B0B3B2BDBCBFBEB9B8BBBACA
:109E200085848786818083828D8C8F8E89888B8ABA
:109E300095949796919093929D9C9F9E99989B9AAA
:109E4000E5E4E7E6E1E0E3E2EDECEFEEE9E8EBEA9A
:109E5000F5F4F7F6F1F0F3F2FDFCFEFEF9F8FBFA8B
:109E6000C5C4C7C6C1C0C3C2CDCCCFCEC9C8CBCA7A
:109E7000D5D4D7D6D1D0D3D2DDDCDFDED9D8DBDA6A
:109E800025242726212023222D2C2F2E29282B2A5A
:109E900035343736313033323D3C3F3E39383B3A4A
:109EA00005040706010003020D0C0F0E09080B0A3A
:109EB00015141716111013121D1C1F1E19181B1A2A
:109EC00065646766616063626D6C6F6E69686B6A1A
:109ED00075747776717073727D7C7F7E79787B7A0A
:109EE00045444746414043424D4C4F4E49484B4AFA
:109EF00055545756515053525D5C5F5E59585B5AEA
:109F0000A5A4A7A6A1A0A3A2ADACAFAEA9A8ABAAD9
:109F1000B5B4B7B6B1B0B3B2BDBCBFBEB9B8BBBAC9
:109F200085848786818083828D8C8F8E89888B8AB9
:109F300095949796919093929D9C9F9E99989B9AA9
:109F4000E5E4E7E6E1E0E3E2EDECEFEEE9E8EBEA99
:109F5000F5F4F7F6F1F0F3F2FDFCFEFEF9F8FBFA8A
:109F6000C5C4C7C6C1C0C3C2CDCCCFCEC9C8CBCA79
:109F7000D5D4D7D6D1D0D3D2DDDCDFDED9D8DBDA69
:109F800025242726212023222D2C2F2E29282B2A59
:109F900035343736313033323D3C3F3E39383B3A49
:109FA00005040706010003020D0C0F0E09080B0A39
:109FB00015141716111013121D1C1F1E19181B1A29
:109FC00065646766616063626D6C6F6E69686B6A19
:109FD00075747776717073727D7C7F7E79787B7A09
:109FE00045444746414043424D4C4F4E49484B4AF9
:109FF00055545756515053525D5C5F5E59585B5AE9
:10A00000A5A4A7A6A1A0A3A2ADACAFAEA9A8ABAAD8
:10A01000B5B4B7B6B1B0B3B2BDBCBFBEB9B8BBBAC8
:10A0200085848786818083828D8C8F8E89888B8AB8
:10A0300095949796919093929D9C9F9E99989B9AA8
:10A04000E5E4E7E6E1E0E3E2EDECEFEEE9E8EBEA98
:10A05000F5F4F7F6F1F0F3F2FDFCFEFEF9F8FBFA89
:10A06000C5C4C7C6C1C0C3C2CDCCCFCEC9C8CBCA78
:10A07000D5D4D7D6D1D0D3D2DDDCDFDED9D8DBDA68
:10A0800025242726212023222D2C2F2E29282B2A58
:10A0900035343736313033323D3C3F3E39383B3A48
:10A0A00005040706010003020D0C0F0E09080B0A38
:10A0B00015141716111013121D1C1F1E19181B1A28
:10A0C00065646766616063626D6C6F6E69686B6A18
:10A0D00075747776717073727D7C7F7E79787B7A08
:10A0E00045444746414043424D4C4F4E49484B4AF8
:10A0F00055545756515053525D5C5F5E59585B5AE8
:10A10000A5A4A7A6A1A0A3A2ADACAFAEA9A8ABAAD7
:10A11000B5B4B7B6B1B0B3B2BDBCBFBEB9B8BBBAC7
:10A1200085848786818083828D8C8F8E89888B8AB7
:10A1300095949796919093929D9C9F9E99989B9AA7
:10A14000E5E4E7E6E1E0E3E2EDECEFEEE9E8EBEA97
:10A15000F5F4F7F6F1F0F3F2FDFCFEFEF9F8FBFA88
:10A16000C5C4C7C6C1C0C3C2CDCCCFCEC9C8CBCA77
:10A17000D5D4D7D6D1D0D3D2DDDCDFDED9D8DBDA67
:10A1800025242726212023222D2C2F2E29282B2A57
:10A1900035343736313033323D3C3F3E39383B3A47
:10A1A00005040706010003020D0C0F0E09080B0A37
:10A1B00015141716111013121D1C1F1E19181B1A27
:10A1C00065646766616063626D6C6F6E69686B6A17
:10A1D00075747776717073727D7C7F7E79787B7A07
:10A1E00045444746414043424D4C4F4E49484B4AF7
:10A1F00055545756515053525D5C5F5E59585B5AE7
:10A20000A5A4A7A6A1A0A3A2ADACAFAEA9A8ABAAD6
:10A21000B5B4B7B6B1B0B3B2BDBCBFBEB9B8BBBAC6
:10A2200085848786818083828D8C8F8E89888B8AB6
:10A2300095949796919093929D9C9F9E99989B9AA6
:10A24000E5E4E7E6E1E0E3E2EDECEFEEE9E8EBEA96
:10A25000F5F4F7F6F1F0F3F2FDFCFEFEF9F8FBFA87
:10A26000C5C4C7C6C1C0C3C2CDCCCFCEC9C8CBCA76
:10A27000D5D4D7D6D1D0D3D2DDDCDFDED9D8DBDA66
:10A2800025242726212023222D2C2F2E29282B2A56
:10A2900035343736313033323D3C3F3E39383B3A46
:10A2A00005040706010003020D0C0F0E09080B0A36
:10A2B00015141716111013121D1C1F1E19181B1A26
:10A2C00065646766616063626D6C6F6E69686B6A16
:10A2D00075747776717073727D7C7F7E79787B7A06
:10A2E00045444746414043424D4C4F4E49484B4AF6
:10A2F00055545756515053525D5C5F5E59585B5AE6
:10A30000A5A4A7A6A1A0A3A2ADACAFAEA9A8ABAAD5
:10A31000B5B4B7B6B1B0B3B2BDBCBFBEB9B8BBBAC5
:10A3200085848786818083828D8C8F8E89888B8AB5
:10A3300095949796919093929D9C9F9E99989B9AA5
:10A34000E5E4E7E6E1E0E3E2EDECEFEEE9E8EBEA95
:10A35000F5F4F7F6F1F0F3F2FDFCFEFEF9F8FBFA86
:10A36000C5C4C7C6C1C0C3C2CDCCCFCEC9C8CBCA75
:10A37000D5D4D7D6D1D0D3D2DDDCDFDED9D8DBDA65
:10A3800025242726212023222D2C2F2E29282B2A55
:10A3900035343736313033323D3C3F3E39383B3A45
:10A3A00005040706010003020D0C0F0E09080B0A35
:10A3B00015141716111013121D1C1F1E19181B1A25
:10A3C00065646766616063626D6C6F6E69686B6A15
:10A3D00075747776717073727D7C7F7E79787B7A05
:10A3E00045444746414043424D4C4F4E49484B4AF5
:10A3F00055545756515053525D5C5F5E59585B5AE5
:10A40000A5A4A7A6A1A0A3A2ADACAFAEA9A8ABAAD4
:10A41000B5B4B7B6B1B0B3B2BDBCBFBEB9B8BBBAC4
:10A4200085848786818083828D8C8F8E89888B8AB4
:10A4300095949796919093929D9C9F9E99989B9AA4
:10A44000E5E4E7E6E1E0E3E2EDECEFEEE9E8EBEA94
:10A45000F5F4F7F6F1F0F3F2FDFCFEFEF9F8FBFA85
:10A46000C5C4C7C6C1C0C3C2CDCCCFCEC9C8CBCA74
:10A47000D5D4D7D6D1D0D3D2DDDCDFDED9D8DBDA64
:10A4800025242726212023222D2C2F2E29282B2A54
:10A4900035343736313033323D3C3F3E39383B3A44
:10A4A00005040706010003020D0C0F0E09080B0A34
:10A4B00015141716111013121D1C1F1E19181B1A24
:10A4C00065646766616063626D6C6F6E69686B6A14
:10A4D00075747776717073727D7C7F7E79787B7A04
:10A4E00045444746414043424D4C4F4E49484B4AF4
:10A4F00055545756515053525D5C5F5E59585B5AE4
:10A50000A5A4A7A6A1A0A3A2ADACAFAEA9A8ABAAD3
:10A51000B5B4B7B6B1B0B3B2BDBCBFBEB9B8BBBAC3
:10A5200085848786818083828D8C8F8E89888B8AB3
:10A5300095949796919093929D9C9F9E99989B9AA3
:10A54000E5E4E7E6E1E0E3E2EDECEFEEE9E8EBEA93
:10A55000F5F4F7F6F1F0F3F2FDFCFEFEF9F8FBFA84
:10A56000C5C4C7C6C1C0C3C2CDCCCFCEC9C8CBCA73
:10A57000D5D4D7D6D1D0D3D2DDDCDFDED9D8DBDA63
:10A5800025242726212023222D2C2F2E29282B2A53
:10A5900035343736313033323D3C3F3E39383B3A43
:10A5A00005040706010003020D0C0F0E09080B0A33
:10A5B00015141716111013121D1C1F1E19181B1A23
:10A5C00065646766616063626D6C6F6E69686B6A13
:10A5D00075747776717073727D7C7F7E79787B7A03
:10A5E00045444746414043424D4C4F4E49484B4AF3
:10A5F00055545756515053525D5C5F5E59585B5AE3
:10A60000A5A4A7A6A1A0A3A2ADACAFAEA9A8ABAAD2
:10A61000B5B4B7B6B1B0B3B2BDBCBFBEB9B8BBBAC2
:10A6200085848786818083828D8C8F8E89888B8AB2
:10A6300095949796919093929D9C9F9E99989B9AA2
:10A64000E5E4E7E6E1E0E3E2EDECEFEEE9E8EBEA92
:10A65000F5F4F7F6F1F0F3F2FDFCFEFEF9F8FBFA83
:10A66000C5C4C7C6C1C0C3C2CDCCCFCEC9C8CBCA72
:10A67000D5D4D7D6D1D0D3D2DDDCDFDED9D8DBDA62
:10A6800025242726212023222D2C2F2E29282B2A52
:10A6900035343736313033323D3C3F3E39383B3A42
:10A6A00005040706010003020D0C0F0E09080B0A32
:10A6B00015141716111013121D1C1F1E19181B1A22
:10A6C00065646766616063626D6C6F6E69686B6A12
:10A6D00075747776717073727D7C7F7E79787B7A02
:10A6E00045444746414043424D4C4F4E49484B4AF2
:10A6F00055545756515053525D5C5F5E59585B5AE2
:10A70000A5A4A7A6A1A0A3A2ADACAFAEA9A8ABAAD1
:10A71000B5B4B7B6B1B0B3B2BDBCBFBEB9B8BBBAC1
:10A7200085848786818083828D8C8F8E89888B8AB1
:10A7300095949796919093929D9C9F9E99989B9AA1
:10A74000E5E4E7E6E1E0E3E2EDECEFEEE9E8EBEA91
:10A75000F5F4F7F6F1F0F3F2FDFCFEFEF9F8FBFA82
:10A76000C5C4C7C6C1C0C3C2CDCCCFCEC9C8CBCA71
:10A77000D5D4D7D6D1D0D3D2DDDCDFDED9D8DBDA61
:10A7800025242726212023222D2C2F2E29282B2A51
:10A7900035343736313033323D3C3F3E39383B3A41
:10A7A00005040706010003020D0C0F0E09080B0A31
:10A7B00015141716111013121D1C1F1E19181B1A21
:10A7C00065646766616063626D6C6F6E69686B6A11
:10A7D00075747776717073727D7C7F7E79787B7A01
:10A7E00045444746414043424D4C4F4E49484B4AF1
:10A7F00055545756515053525D5C5F5E59585B5AE1
:10A80000A5A4A7A6A1A0A3A2ADACAFAEA9A8ABAAD0
:10A81000B5B4B7B6B1B0B3B2BDBCBFBEB9B8BBBAC0
:10A8200085848786818083828D8C8F8E89888B8AB0
:10A8300095949796919093929D9C9F9E99989B9AA0
:10A84000E5E4E7E6E1E0E3E2EDECEFEEE9E8EBEA90
:10A85000F5F4F7F6F1F0F3F2FDFCFEFEF9F8FBFA81
:10A86000C5C4C7C6C1C0C3C2CDCCCFCEC9C8CBCA70
:10A87000D5D4D7D6D1D0D3D2DDDCDFDED9D8DBDA60
:10A8800025242726212023222D2C2F2E29282B2A50
:10A8900035343736313033323D3C3F3E39383B3A40
:10A8A00005040706010003020D0C0F0E09080B0A30
:10A8B00015141716111013121D1C1F1E19181B1A20
:10A8C00065646766616063626D6C6F6E69686B6A10
:10A8D00075747776717073727D7C7F7E79787B7A00
:10A8E00045444746414043424D4C4F4E49484B4AF0
:10A8F00055545756515053525D5C5F5E59585B5AE0
:10A90000A5A4A7A6A1A0A3A2ADACAFAEA9A8ABAACF
:10A91000B5B4B7B6B1B0B3B2BDBCBFBEB9B8BBBABF
:10A9200085848786818083828D8C8F8E89888B8AAF
:10A9300095949796919093929D9C9F9E99989B9A9F
:10A94000E5E4E7E6E1E0E3E2EDECEFEEE9E8EBEA8F
:10A95000F5F4F7F6F1F0F3F2FDFCFEFEF9F8FBFA80
:10A96000C5C4C7C6C1C0C3C2CDCCCFCEC9C8CBCA6F
:10A97000D5D4D7D6D1D0D3D2DDDCDFDED9D8DBDA5F
:10A9800025242726212023222D2C2F2E29282B2A4F
:10A9900035343736313033323D3C3F3E39383B3A3F
:10A9A00005040706010003020D0C0F0E09080B0A2F
:10A9B00015141716111013121D1C1F1E19181B1A1F
:10A9C00065646766616063626D6C6F6E69686B6A0F
:10A9D00075747776717073727D7C7F7E79787B7AFF
:10A9E00045444746414043424D4C4F4E49484B4AEF
:10A9F00055545756515053525D5C5F5E59585B5ADF
:10AA0000A5A4A7A6A1A0A3A2ADACAFAEA9A8ABAACE
:10AA1000B5B4B7B6B1B0B3B2BDBCBFBEB9B8BBBABE
:10AA200085848786818083828D8C8F8E89888B8AAE
:10AA300095949796919093929D9C9F9E99989B9A9E
:10AA4000E5E4E7E6E1E0E3E2EDECEFEEE9E8EBEA8E
:10AA5000F5F4F7F6F1F0F3F2FDFCFEFEF9F8FBFA7F
:10AA6000C5C4C7C6C1C0C3C2CDCCCFCEC9C8CBCA6E
:10AA7000D5D4D7D6D1D0D3D2DDDCDFDED9D8DBDA5E
:10AA800025242726212023222D2C2F2E29282B2A4E
:10AA900035343736313033323D3C3F3E39383B3A3E
:10AAA00005040706010003020D0C0F0E09080B0A2E
:10AAB00015141716111013121D1C1F1E19181B1A1E
:10AAC00065646766616063626D6C6F6E69686B6A0E
:10AAD00075747776717073727D7C7F7E79787B7AFE
:10AAE00045444746414043424D4C4F4E49484B4AEE
:10AAF00055545756515053525D5C5F5E59585B5ADE
:10AB0000A5A4A7A6A1A0A3A2ADACAFAEA9A8ABAACD
:10AB1000B5B4B7B6B1B0B3B2BDBCBFBEB9B8BBBABD
:10AB200085848786818083828D8C8F8E89888B8AAD
:10AB300095949796919093929D9C9F9E99989B9A9D
:10AB4000E5E4E7E6E1E0E3E2EDECEFEEE9E8EBEA8D
:10AB5000F5F4F7F6F1F0F3F2FDFCFEFEF9F8FBFA7E
:10AB6000C5C4C7C6C1C0C3C2CDCCCFCEC9C8CBCA6D
:10AB7000D5D4D7D6D1D0D3D2DDDCDFDED9D8DBDA5D
:10AB800025242726212023222D2C2F2E29282B2A4D
:10AB900035343736313033323D3C3F3E39383B3A3D
:10ABA00005040706010003020D0C0F0E09080B0A2D
:10ABB00015141716111013121D1C1F1E19181B1A1D
:10ABC00065646766616063626D6C6F6E69686B6A0D
:10ABD00075747776717073727D7C7F7E79787B7AFD
:10ABE00045444746414043424D4C4F4E49484B4AED
:10ABF00055545756515053525D5C5F5E59585B5ADD
:10AC0000A5A4A7A6A1A0A3A2ADACAFAEA9A8ABAACC
:10AC1000B5B4B7B6B1B0B3B2BDBCBFBEB9B8BBBABC
:10AC200085848786818083828D8C8F8E89888B8AAC
:10AC300095949796919093929D9C9F9E99989B9A9C
:10AC4000E5E4E7E6E1E0E3E2EDECEFEEE9E8EBEA8C
:10AC5000F5F4F7F6F1F0F3F2FDFCFEFEF9F8FBFA7D
:10AC6000C5C4C7C6C1C0C3C2CDCCCFCEC9C8CBCA6C
:10AC7000D5D4D7D6D1D0D3D2DDDCDFDED9D8DBDA5C
:10AC800025242726212023222D2C2F2E29282B2A4C
:10AC900035343736313033323D3C3F3E39383B3A3C
:10ACA00005040706010003020D0C0F0E09080B0A2C
:10ACB00015141716111013121D1C1F1E19181B1A1C
:10ACC00065646766616063626D6C6F6E69686B6A0C
:10ACD00075747776717073727D7C7F7E79787B7AFC
:10ACE00045444746414043424D4C4F4E49484B4AEC
:10ACF00055545756515053525D5C5F5E59585B5ADC
:10AD0000A5A4A7A6A1A0A3A2ADACAFAEA9A8ABAACB
:10AD1000B5B4B7B6B1B0B3B2BDBCBFBEB9B8BBBABB
:10AD200085848786818083828D8C8F8E89888B8AAB
:10AD300095949796919093929D9C9F9E99989B9A9B
:10AD4000E5E4E7E6E1E0E3E2EDECEFEEE9E8EBEA8B
:10AD5000F5F4F7F6F1F0F3F2FDFCFEFEF9F8FBFA7C
:10AD6000C5C4C7C6C1C0C3C2CDCCCFCEC9C8CBCA6B
:10AD7000D5D4D7D6D1D0D3D2DDDCDFDED9D8DBDA5B
:10AD800025242726212023222D2C2F2E29282B2A4B
:10AD900035343736313033323D3C3F3E39383B3A3B
:10ADA00005040706010003020D0C0F0E09080B0A2B
:10ADB00015141716111013121D1C1F1E19181B1A1B
:10ADC00065646766616063626D6C6F6E69686B6A0B
:10ADD00075747776717073727D7C7F7E79787B7AFB
:10ADE00045444746414043424D4C4F4E49484B4AEB
:10ADF00055545756515053525D5C5F5E59585B5ADB
:10AE0000A5A4A7A6A1A0A3A2ADACAFAEA9A8ABAACA
:10AE1000B5B4B7B6B1B0B3B2BDBCBFBEB9B8BBBABA
:10AE200085848786818083828D8C8F8E89888B8AAA
:10AE300095949796919093929D9C9F9E99989B9A9A
:10AE4000E5E4E7E6E1E0E3E2EDECEFEEE9E8EBEA8A
:10AE5000F5F4F7F6F1F0F3F2FDFCFEFEF9F8FBFA7B
:10AE6000C5C4C7C6C1C0C3C2CDCCCFCEC9C8CBCA6A
:10AE7000D5D4D7D6D1D0D3D2DDDCDFDED9D8DBDA5A
:10AE800025242726212023222D2C2F2E29282B2A4A
:10AE900035343736313033323D3C3F3E39383B3A3A
:10AEA00005040706010003020D0C0F0E09080B0A2A
:10AEB00015141716111013121D1C1F1E19181B1A1A
:10AEC00065646766616063626D6C6F6E69686B6A0A
:10AED00075747776717073727D7C7F7E79787B7AFA
:10AEE00045444746414043424D4C4F4E49484B4AEA
:10AEF00055545756515053525D5C5F5E59585B5ADA
:10AF0000A5A4A7A6A1A0A3A2ADACAFAEA9A8ABAAC9
:10AF1000B5B4B7B6B1B0B3B2BDBCBFBEB9B8BBBAB9
:10AF200085848786818083828D8C8F8E89888B8AA9
:10AF300095949796919093929D9C9F9E99989B9A99
:10AF4000E5E4E7E6E1E0E3E2EDECEFEEE9E8EBEA89
:10AF5000F5F4F7F6F1F0F3F2FDFCFEFEF9F8FBFA7A
:10AF6000C5C4C7C6C1C0C3C2CDCCCFCEC9C8CBCA69
:10AF7000D5D4D7D6D1D0D3D2DDDCDFDED9D8DBDA59
:10AF800025242726212023222D2C2F2E29282B2A49
:10AF900035343736313033323D3C3F3E39383B3A39
:10AFA00005040706010003020D0C0F0E09080B0A29
:10AFB00015141716111013121D1C1F1E19181B1A19
:10AFC00065646766616063626D6C6F6E69686B6A09
:10AFD00075747776717073727D7C7F7E79787B7AF9
:10AFE00045444746414043424D4C4F4E49484B4AE9
:10AFF00055545756515053525D5C5F5E59585B5AD9
:10B00000A5A4A7A6A1A0A3A2ADACAFAEA9A8ABAAC8
:10B01000B5B4B7B6B1B0B3B2BDBCBFBEB9B8BBBAB8
:10B0200085848786818083828D8C8F8E89888B8AA8
:10B0300095949796919093929D9C9F9E99989B9A98
:10B04000E5E4E7E6E1E0E3E2EDECEFEEE9E8EBEA88
:10B05000F5F4F7F6F1F0F3F2FDFCFEFEF9F8FBFA79
:10B06000C5C4C7C6C1C0C3C2CDCCCFCEC9C8CBCA68
:10B07000D5D4D7D6D1D0D3D2DDDCDFDED9D8DBDA58
:10B0800025242726212023222D2C2F2E29282B2A48
:10B0900035343736313033323D3C3F3E39383B3A38
:10B0A00005040706010003020D0C0F0E09080B0A28
:10B0B00015141716111013121D1C1F1E19181B1A18
:10B0C00065646766616063626D6C6F6E69686B6A08
:10B0D00075747776717073727D7C7F7E79787B7AF8
:10B0E00045444746414043424D4C4F4E49484B4AE8
:10B0F00055545756515053525D5C5F5E59585B5AD8
:10B10000A5A4A7A6A1A0A3A2ADACAFAEA9A8ABAAC7
:10B11000B5B4B7B6B1B0B3B2BDBCBFBEB9B8BBBAB7
:10B1200085848786818083828D8C8F8E89888B8AA7
:10B1300095949796919093929D9C9F9E99989B9A97
:10B14000E5E4E7E6E1E0E3E2EDECEFEEE9E8EBEA87
:10B15000F5F4F7F6F1F0F3F2FDFCFEFEF9F8FBFA78
:10B16000C5C4C7C6C1C0C3C2CDCCCFCEC9C8CBCA67
:10B17000D5D4D7D6D1D0D3D2DDDCDFDED9D8DBDA57
:10B1800025242726212023222D2C2F2E29282B2A47
:10B1900035343736313033323D3C3F3E39383B3A37
:10B1A00005040706010003020D0C0F0E09080B0A27
:10B1B00015141716111013121D1C1F1E19181B1A17
:10B1C00065646766616063626D6C6F6E69686B6A07
:10B1D00075747776717073727D7C7F7E79787B7AF7
:10B1E00045444746414043424D4C4F4E49484B4AE7
:10B1F00055545756515053525D5C5F5E59585B5AD7
:10B20000A5A4A7A6A1A0A3A2ADACAFAEA9A8ABAAC6
:10B21000B5B4B7B6B1B0B3B2BDBCBFBEB9B8BBBAB6
:10B2200085848786818083828D8C8F8E89888B8AA6
:10B2300095949796919093929D9C9F9E99989B9A96
:10B24000E5E4E7E6E1E0E3E2EDECEFEEE9E8EBEA86
:10B25000F5F4F7F6F1F0F3F2FDFCFEFEF9F8FBFA77
:10B26000C5C4C7C6C1C0C3C2CDCCCFCEC9C8CBCA66
:10B27000D5D4D7D6D1D0D3D2DDDCDFDED9D8DBDA56
:10B2800025242726212023222D2C2F2E29282B2A46
:10B2900035343736313033323D3C3F3E39383B3A36
:10B2A00005040706010003020D0C0F0E09080B0A26
:10B2B00015141716111013121D1C1F1E19181B1A16
:10B2C00065646766616063626D6C6F6E69686B6A06
:10B2D00075747776717073727D7C7F7E79787B7AF6
:10B2E00045444746414043424D4C4F4E49484B4AE6
:10B2F00055545756515053525D5C5F5E59585B5AD6
:10B30000A5A4A7A6A1A0A3A2ADACAFAEA9A8ABAAC5
:10B31000B5B4B7B6B1B0B3B2BDBCBFBEB9B8BBBAB5
:10B3200085848786818083828D8C8F8E89888B8AA5
:10B3300095949796919093929D9C9F9E99989B9A95
:10B34000E5E4E7E6E1E0E3E2EDECEFEEE9E8EBEA85
:10B35000F5F4F7F6F1F0F3F2FDFCFEFEF9F8FBFA76
:10B36000C5C4C7C6C1C0C3C2CDCCCFCEC9C8CBCA65
:10B37000D5D4D7D6D1D0D3D2DDDCDFDED9D8DBDA55
:10B3800025242726212023222D2C2F2E29282B2A45
:10B3900035343736313033323D3C3F3E39383B3A35
:10B3A00005040706010003020D0C0F0E09080B0A25
:10B3B00015141716111013121D1C1F1E19181B1A15
:10B3C00065646766616063626D6C6F6E69686B6A05
:10B3D00075747776717073727D7C7F7E79787B7AF5
:10B3E00045444746414043424D4C4F4E49484B4AE5
:10B3F00055545756515053525D5C5F5E59585B5AD5
:10B40000A5A4A7A6A1A0A3A2ADACAFAEA9A8ABAAC4
:10B41000B5B4B7B6B1B0B3B2BDBCBFBEB9B8BBBAB4
:10B4200085848786818083828D8C8F8E89888B8AA4
:10B4300095949796919093929D9C9F9E99989B9A94
:10B44000E5E4E7E6E1E0E3E2EDECEFEEE9E8EBEA84
:10B45000F5F4F7F6F1F0F3F2FDFCFEFEF9F8FBFA75
:10B46000C5C4C7C6C1C0C3C2CDCCCFCEC9C8CBCA64
:10B47000D5D4D7D6D1D0D3D2DDDCDFDED9D8DBDA54
:10B4800025242726212023222D2C2F2E29282B2A44
:10B4900035343736313033323D3C3F3E39383B3A34
:10B4A00005040706010003020D0C0F0E09080B0A24
:10B4B00015141716111013121D1C1F1E19181B1A14
:10B4C00065646766616063626D6C6F6E69686B6A04
:10B4D00075747776717073727D7C7F7E79787B7AF4
:10B4E00045444746414043424D4C4F4E49484B4AE4
:10B4F00055545756515053525D5C5F5E59585B5AD4
:10B50000A5A4A7A6A1A0A3A2ADACAFAEA9A8ABAAC3
:10B51000B5B4B7B6B1B0B3B2BDBCBFBEB9B8BBBAB3
:10B5200085848786818083828D8C8F8E89888B8AA3
:10B5300095949796919093929D9C9F9E99989B9A93
:10B54000E5E4E7E6E1E0E3E2EDECEFEEE9E8EBEA83
:10B55000F5F4F7F6F1F0F3F2FDFCFEFEF9F8FBFA74
:10B56000C5C4C7C6C1C0C3C2CDCCCFCEC9C8CBCA63
:10B57000D5D4D7D6D1D0D3D2DDDCDFDED9D8DBDA53
:10B5800025242726212023222D2C2F2E29282B2A43
:10B5900035343736313033323D3C3F3E39383B3A33
:10B5A00005040706010003020D0C0F0E09080B0A23
:10B5B00015141716111013121D1C1F1E19181B1A13
:10B5C00065646766616063626D6C6F6E69686B6A03
:10B5D00075747776717073727D7C7F7E79787B7AF3
:10B5E00045444746414043424D4C4F4E49484B4AE3
:10B5F00055545756515053525D5C5F5E59585B5AD3
:10B60000A5A4A7A6A1A0A3A2ADACAFAEA9A8ABAAC2
:10B61000B5B4B7B6B1B0B3B2BDBCBFBEB9B8BBBAB2
:10B6200085848786818083828D8C8F8E89888B8AA2
:10B6300095949796919093929D9C9F9E99989B9A92
:10B64000E5E4E7E6E1E0E3E2EDECEFEEE9E8EBEA82
:10B65000F5F4F7F6F1F0F3F2FDFCFEFEF9F8FBFA73
:10B66000C5C4C7C6C1C0C3C2CDCCCFCEC9C8CBCA62
:10B67000D5D4D7D6D1D0D3D2DDDCDFDED9D8DBDA52
:10B6800025242726212023222D2C2F2E29282B2A42
:10B6900035343736313033323D3C3F3E39383B3A32
:10B6A00005040706010003020D0C0F0E09080B0A22
:10B6B00015141716111013121D1C1F1E19181B1A12
:10B6C00065646766616063626D6C6F6E69686B6A02
:10B6D00075747776717073727D7C7F7E79787B7AF2
:10B6E00045444746414043424D4C4F4E49484B4AE2
:10B6F00055545756515053525D5C5F5E59585B5AD2
:10B70000A5A4A7A6A1A0A3A2ADACAFAEA9A8ABAAC1
:10B71000B5B4B7B6B1B0B3B2BDBCBFBEB9B8BBBAB1
:10B7200085848786818083828D8C8F8E89888B8AA1
:10B7300095949796919093929D9C9F9E99989B9A91
:10B74000E5E4E7E6E1E0E3E2EDECEFEEE9E8EBEA81
:10B75000F5F4F7F6F1F0F3F2FDFCFEFEF9F8FBFA72
:10B76000C5C4C7C6C1C0C3C2CDCCCFCEC9C8CBCA61
:10B77000D5D4D7D6D1D0D3D2DDDCDFDED9D8DBDA51
:10B7800025242726212023222D2C2F2E29282B2A41
:10B7900035343736313033323D3C3F3E39383B3A31
:10B7A00005040706010003020D0C0F0E09080B0A21
:10B7B00015141716111013121D1C1F1E19181B1A11
:10B7C00065646766616063626D6C6F6E69686B6A01
:10B7D00075747776717073727D7C7F7E79787B7AF1
:10B7E00045444746414043424D4C4F4E49484B4AE1
:10B7F00055545756515053525D5C5F5E59585B5AD1
:10B80000A5A4A7A6A1A0A3A2ADACAFAEA9A8ABAAC0
:10B81000B5B4B7B6B1B0B3B2BDBCBFBEB9B8BBBAB0
:10B8200085848786818083828D8C8F8E89888B8AA0
:10B8300095949796919093929D9C9F9E99989B9A90
:10B84000E5E4E7E6E1E0E3E2EDECEFEEE9E8EBEA80
:10B85000F5F4F7F6F1F0F3F2FDFCFEFEF9F8FBFA71
:10B86000C5C4C7C6C1C0C3C2CDCCCFCEC9C8CBCA60
:10B87000D5D4D7D6D1D0D3D2DDDCDFDED9D8DBDA50
:10B8800025242726212023222D2C2F2E29282B2A40
:10B8900035343736313033323D3C3F3E39383B3A30
:10B8A00005040706010003020D0C0F0E09080B0A20
:10B8B00015141716111013121D1C1F1E19181B1A10
:10B8C00065646766616063626D6C6F6E69686B6A00
:10B8D00075747776717073727D7C7F7E79787B7AF0
:10B8E00045444746414043424D4C4F4E49484B4AE0
:10B8F00055545756515053525D5C5F5E59585B5AD0
:10B90000A5A4A7A6A1A0A3A2ADACAFAEA9A8ABAABF
:10B91000B5B4B7B6B1B0B3B2BDBCBFBEB9B8BBBAAF
:10B9200085848786818083828D8C8F8E89888B8A9F
:10B9300095949796919093929D9C9F9E99989B9A8F
:10B94000E5E4E7E6E1E0E3E2EDECEFEEE9E8EBEA7F
:10B95000F5F4F7F6F1F0F3F2FDFCFEFEF9F8FBFA70
:10B96000C5C4C7C6C1C0C3C2CDCCCFCEC9C8CBCA5F
:10B97000D5D4D7D6D1D0D3D2DDDCDFDED9D8DBDA4F
:10B9800025242726212023222D2C2F2E29282B2A3F
:10B9900035343736313033323D3C3F3E39383B3A2F
:10B9A00005040706010003020D0C0F0E09080B0A1F
:10B9B00015141716111013121D1C1F1E19181B1A0F
:10B9C00065646766616063626D6C6F6E69686B6AFF
:10B9D00075747776717073727D7C7F7E79787B7AEF
:10B9E00045444746414043424D4C4F4E49484B4ADF
:10B9F00055545756515053525D5C5F5E59585B5ACF
:10BA0000A5A4A7A6A1A0A3A2ADACAFAEA9A8ABAABE
:10BA1000B5B4B7B6B1B0B3B2BDBCBFBEB9B8BBBAAE
:10BA200085848786818083828D8C8F8E89888B8A9E
:10BA300095949796919093929D9C9F9E99989B9A8E
:10BA4000E5E4E7E6E1E0E3E2EDECEFEEE9E8EBEA7E
:10BA5000F5F4F7F6F1F0F3F2FDFCFEFEF9F8FBFA6F
:10BA6000C5C4C7C6C1C0C3C2CDCCCFCEC9C8CBCA5E
:10BA7000D5D4D7D6D1D0D3D2DDDCDFDED9D8DBDA4E
:10BA800025242726212023222D2C2F2E29282B2A3E
:10BA900035343736313033323D3C3F3E39383B3A2E
:10BAA00005040706010003020D0C0F0E09080B0A1E
:10BAB00015141716111013121D1C1F1E19181B1A0E
:10BAC00065646766616063626D6C6F6E69686B6AFE
:10BAD00075747776717073727D7C7F7E79787B7AEE
:10BAE00045444746414043424D4C4F4E49484B4ADE
:10BAF00055545756515053525D5C5F5E59585B5ACE
:10BB0000A5A4A7A6A1A0A3A2ADACAFAEA9A8ABAABD
:10BB1000B5B4B7B6B1B0B3B2BDBCBFBEB9B8BBBAAD
:10BB200085848786818083828D8C8F8E89888B8A9D
:10BB300095949796919093929D9C9F9E99989B9A8D
:10BB4000E5E4E7E6E1E0E3E2EDECEFEEE9E8EBEA7D
:10BB5000F5F4F7F6F1F0F3F2FDFCFEFEF9F8FBFA6E
:10BB6000C5C4C7C6C1C0C3C2CDCCCFCEC9C8CBCA5D
:10BB7000D5D4D7D6D1D0D3D2DDDCDFDED9D8DBDA4D
:10BB800025242726212023222D2C2F2E29282B2A3D
:10BB900035343736313033323D3C3F3E39383B3A2D
:10BBA00005040706010003020D0C0F0E09080B0A1D
:10BBB00015141716111013121D1C1F1E19181B1A0D
:10BBC00065646766616063626D6C6F6E69686B6AFD
:10BBD00075747776717073727D7C7F7E79787B7AED
:10BBE00045444746414043424D4C4F4E49484B4ADD
:10BBF00055545756515053525D5C5F5E59585B5ACD
:10BC0000A5A4A7A6A1A0A3A2ADACAFAEA9A8ABAABC
:10BC1000B5B4B7B6B1B0B3B2BDBCBFBEB9B8BBBAAC
:10BC200085848786818083828D8C8F8E89888B8A9C
:10BC300095949796919093929D9C9F9E99989B9A8C
:10BC4000E5E4E7E6E1E0E3E2EDECEFEEE9E8EBEA7C
:10BC5000F5F4F7F6F1F0F3F2FDFCFEFEF9F8FBFA6D
:10BC6000C5C4C7C6C1C0C3C2CDCCCFCEC9C8CBCA5C
:10BC7000D5D4D7D6D1D0D3D2DDDCDFDED9D8DBDA4C
:10BC800025242726212023222D2C2F2E29282B2A3C
:10BC900035343736313033323D3C3F3E39383B3A2C
:10BCA00005040706010003020D0C0F0E09080B0A1C
:10BCB00015141716111013121D1C1F1E19181B1A0C
:10BCC00065646766616063626D6C6F6E69686B6AFC
:10BCD00075747776717073727D7C7F7E79787B7AEC
:10BCE00045444746414043424D4C4F4E49484B4ADC
:10BCF00055545756515053525D5C5F5E59585B5ACC
:10BD0000A5A4A7A6A1A0A3A2ADACAFAEA9A8ABAABB
:10BD1000B5B4B7B6B1B0B3B2BDBCBFBEB9B8BBBAAB
:10BD200085848786818083828D8C8F8E89888B8A9B
:10BD300095949796919093929D9C9F9E99989B9A8B
:10BD4000E5E4E7E6E1E0E3E2EDECEFEEE9E8EBEA7B
:10BD5000F5F4F7F6F1F0F3F2FDFCFEFEF9F8FBFA6C
:10BD6000C5C4C7C6C1C0C3C2CDCCCFCEC9C8CBCA5B
:10BD7000D5D4D7D6D1D0D3D2DDDCDFDED9D8DBDA4B
:10BD800025242726212023222D2C2F2E29282B2A3B
:10BD900035343736313033323D3C3F3E39383B3A2B
:10BDA00005040706010003020D0C0F0E09080B0A1B
:10BDB00015141716111013121D1C1F1E19181B1A0B
:10BDC00065646766616063626D6C6F6E69686B6AFB
:10BDD00075747776717073727D7C7F7E79787B7AEB
:10BDE00045444746414043424D4C4F4E49484B4ADB
:10BDF00055545756515053525D5C5F5E59585B5ACB
:10BE0000A5A4A7A6A1A0A3A2ADACAFAEA9A8ABAABA
:10BE1000B5B4B7B6B1B0B3B2BDBCBFBEB9B8BBBAAA
:10BE200085848786818083828D8C8F8E89888B8A9A
:10BE300095949796919093929D9C9F9E99989B9A8A
:10BE4000E5E4E7E6E1E0E3E2EDECEFEEE9E8EBEA7A
:10BE5000F5F4F7F6F1F0F3F2FDFCFEFEF9F8FBFA6B
:10BE6000C5C4C7C6C1C0C3C2CDCCCFCEC9C8CBCA5A
:10BE7000D5D4D7D6D1D0D3D2DDDCDFDED9D8DBDA4A
:10BE800025242726212023222D2C2F2E29282B2A3A
:10BE900035343736313033323D3C3F3E39383B3A2A
:10BEA00005040706010003020D0C0F0E09080B0A1A
:10BEB00015141716111013121D1C1F1E19181B1A0A
:10BEC00065646766616063626D6C6F6E69686B6AFA
:10BED00075747776717073727D7C7F7E79787B7AEA
:10BEE00045444746414043424D4C4F4E49484B4ADA
:10BEF00055545756515053525D5C5F5E59585B5ACA
:10BF0000A5A4A7A6A1A0A3A2ADACAFAEA9A8ABAAB9
:10BF1000B5B4B7B6B1B0B3B2BDBCBFBEB9B8BBBAA9
:10BF200085848786818083828D8C8F8E89888B8A99
:10BF300095949796919093929D9C9F9E99989B9A89
:10BF4000E5E4E7E6E1E0E3E2EDECEFEEE9E8EBEA79
:10BF5000F5F4F7F6F1F0F3F2FDFCFEFEF9F8FBFA6A
:10BF6000C5C4C7C6C1C0C3C2CDCCCFCEC9C8CBCA59
:10BF7000D5D4D7D6D1D0D3D2DDDCDFDED9D8DBDA49
:10BF800025242726212023222D2C2F2E29282B2A39
:10BF900035343736313033323D3C3F3E39383B3A29
:10BFA00005040706010003020D0C0F0E09080B0A19
:10BFB00015141716111013121D1C1F1E19181B1A09
:10BFC00065646766616063626D6C6F6E69686B6AF9
:10BFD00075747776717073727D7C7F7E79787B7AE9
:10BFE00045444746414043424D4C4F4E49484B4AD9
:10BFF00055545756515053525D5C5F5E59585B5AC9
:10C00000A5A4A7A6A1A0A3A2ADACAFAEA9A8ABAAB8
:10C01000B5B4B7B6B1B0B3B2BDBCBFBEB9B8BBBAA8
:10C0200085848786818083828D8C8F8E89888B8A98
:10C0300095949796919093929D9C9F9E99989B9A88
:10C04000E5E4E7E6E1E0E3E2EDECEFEEE9E8EBEA78
:10C05000F5F4F7F6F1F0F3F2FDFCFEFEF9F8FBFA69
:10C06000C5C4C7C6C1C0C3C2CDCCCFCEC9C8CBCA58
:10C07000D5D4D7D6D1D0D3D2DDDCDFDED9D8DBDA48
:10C0800025242726212023222D2C2F2E29282B2A38
:10C0900035343736313033323D3C3F3E39383B3A28
:10C0A00005040706010003020D0C0F0E09080B0A18
:10C0B00015141716111013121D1C1F1E19181B1A08
:10C0C00065646766616063626D6C6F6E69686B6AF8
:10C0D00075747776717073727D7C7F7E79787B7AE8
:10C0E00045444746414043424D4C4F4E49484B4AD8
:10C0F00055545756515053525D5C5F5E59585B5AC8
:10C10000A5A4A7A6A1A0A3A2ADACAFAEA9A8ABAAB7
:10C11000B5B4B7B6B1B0B3B2BDBCBFBEB9B8BBBAA7
:10C1200085848786818083828D8C8F8E89888B8A97
:10C1300095949796919093929D9C9F9E99989B9A87
:10C14000E5E4E7E6E1E0E3E2EDECEFEEE9E8EBEA77
:10C15000F5F4F7F6F1F0F3F2FDFCFEFEF9F8FBFA68
:10C16000C5C4C7C6C1C0C3C2CDCCCFCEC9C8CBCA57
:10C17000D5D4D7D6D1D0D3D2DDDCDFDED9D8DBDA47
:10C1800025242726212023222D2C2F2E29282B2A37
:10C1900035343736313033323D3C3F3E39383B3A27
:10C1A00005040706010003020D0C0F0E09080B0A17
:10C1B00015141716111013121D1C1F1E19181B1A07
:10C1C00065646766616063626D6C6F6E69686B6AF7
:10C1D00075747776717073727D7C7F7E79787B7AE7
:10C1E00045444746414043424D4C4F4E49484B4AD7
:10C1F00055545756515053525D5C5F5E59585B5AC7
:10C20000A5A4A7A6A1A0A3A2ADACAFAEA9A8ABAAB6
:10C21000B5B4B7B6B1B0B3B2BDBCBFBEB9B8BBBAA6
:10C2200085848786818083828D8C8F8E89888B8A96
:10C2300095949796919093929D9C9F9E99989B9A86
:10C24000E5E4E7E6E1E0E3E2EDECEFEEE9E8EBEA76
:10C25000F5F4F7F6F1F0F3F2FDFCFEFEF9F8FBFA67
:10C26000C5C4C7C6C1C0C3C2CDCCCFCEC9C8CBCA56
:10C27000D5D4D7D6D1D0D3D2DDDCDFDED9D8DBDA46
:10C2800025242726212023222D2C2F2E29282B2A36
:10C2900035343736313033323D3C3F3E39383B3A26
:10C2A00005040706010003020D0C0F0E09080B0A16
:10C2B00015141716111013121D1C1F1E19181B1A06
:10C2C00065646766616063626D6C6F6E69686B6AF6
:10C2D00075747776717073727D7C7F7E79787B7AE6
:10C2E00045444746414043424D4C4F4E49484B4AD6
:10C2F00055545756515053525D5C5F5E59585B5AC6
:10C30000A5A4A7A6A1A0A3A2ADACAFAEA9A8ABAAB5
:10C31000B5B4B7B6B1B0B3B2BDBCBFBEB9B8BBBAA5
:10C3200085848786818083828D8C8F8E89888B8A95
:10C3300095949796919093929D9C9F9E99989B9A85
:10C34000E5E4E7E6E1E0E3E2EDECEFEEE9E8EBEA75
:10C35000F5F4F7F6F1F0F3F2FDFCFEFEF9F8FBFA66
:10C36000C5C4C7C6C1C0C3C2CDCCCFCEC9C8CBCA55
:10C37000D5D4D7D6D1D0D3D2DDDCDFDED9D8DBDA45
:10C3800025242726212023222D2C2F2E29282B2A35
:10C3900035343736313033323D3C3F3E39383B3A25
:10C3A00005040706010003020D0C0F0E09080B0A15
:10C3B00015141716111013121D1C1F1E19181B1A05
:10C3C00065646766616063626D6C6F6E69686B6AF5
:10C3D00075747776717073727D7C7F7E79787B7AE5
:10C3E00045444746414043424D4C4F4E49484B4AD5
:10C3F00055545756515053525D5C5F5E59585B5AC5
:10C40000A5A4A7A6A1A0A3A2ADACAFAEA9A8ABAAB4
:10C41000B5B4B7B6B1B0B3B2BDBCBFBEB9B8BBBAA4
:10C4200085848786818083828D8C8F8E89888B8A94
:10C4300095949796919093929D9C9F9E99989B9A84
:10C44000E5E4E7E6E1E0E3E2EDECEFEEE9E8EBEA74
:10C45000F5F4F7F6F1F0F3F2FDFCFEFEF9F8FBFA65
:10C46000C5C4C7C6C1C0C3C2CDCCCFCEC9C8CBCA54
:10C47000D5D4D7D6D1D0D3D2DDDCDFDED9D8DBDA44
:10C4800025242726212023222D2C2F2E29282B2A34
:10C4900035343736313033323D3C3F3E39383B3A24
:10C4A00005040706010003020D0C0F0E09080B0A14
:10C4B00015141716111013121D1C1F1E19181B1A04
:10C4C00065646766616063626D6C6F6E69686B6AF4
:10C4D00075747776717073727D7C7F7E79787B7AE4
:10C4E00045444746414043424D4C4F4E49484B4AD4
:10C4F00055545756515053525D5C5F5E59585B5AC4
:10C50000A5A4A7A6A1A0A3A2ADACAFAEA9A8ABAAB3
:10C51000B5B4B7B6B1B0B3B2BDBCBFBEB9B8BBBAA3
:10C5200085848786818083828D8C8F8E89888B8A93
:10C5300095949796919093929D9C9F9E99989B9A83
:10C54000E5E4E7E6E1E0E3E2EDECEFEEE9E8EBEA73
:10C55000F5F4F7F6F1F0F3F2FDFCFEFEF9F8FBFA64
:10C56000C5C4C7C6C1C0C3C2CDCCCFCEC9C8CBCA53
:10C57000D5D4D7D6D1D0D3D2DDDCDFDED9D8DBDA43
:10C5800025242726212023222D2C2F2E29282B2A33
:10C5900035343736313033323D3C3F3E39383B3A23
:10C5A00005040706010003020D0C0F0E09080B0A13
:10C5B00015141716111013121D1C1F1E19181B1A03
:10C5C00065646766616063626D6C6F6E69686B6AF3
:10C5D00075747776717073727D7C7F7E79787B7AE3
:10C5E00045444746414043424D4C4F4E49484B4AD3
:10C5F00055545756515053525D5C5F5E59585B5AC3
:10C60000A5A4A7A6A1A0A3A2ADACAFAEA9A8ABAAB2
:10C61000B5B4B7B6B1B0B3B2BDBCBFBEB9B8BBBAA2
:10C6200085848786818083828D8C8F8E89888B8A92
:10C6300095949796919093929D9C9F9E99989B9A82
:10C64000E5E4E7E6E1E0E3E2EDECEFEEE9E8EBEA72
:10C65000F5F4F7F6F1F0F3F2FDFCFEFEF9F8FBFA63
:10C66000C5C4C7C6C1C0C3C2CDCCCFCEC9C8CBCA52
:10C67000D5D4D7D6D1D0D3D2DDDCDFDED9D8DBDA42
:10C6800025242726212023222D2C2F2E29282B2A32
:10C6900035343736313033323D3C3F3E39383B3A22
:10C6A00005040706010003020D0C0F0E09080B0A12
:10C6B00015141716111013121D1C1F1E19181B1A02
:10C6C00065646766616063626D6C6F6E69686B6AF2
:10C6D00075747776717073727D7C7F7E79787B7AE2
:10C6E00045444746414043424D4C4F4E49484B4AD2
:10C6F00055545756515053525D5C5F5E59585B5AC2
:10C70000A5A4A7A6A1A0A3A2ADACAFAEA9A8ABAAB1
:10C71000B5B4B7B6B1B0B3B2BDBCBFBEB9B8BBBAA1
:10C7200085848786818083828D8C8F8E89888B8A91
:10C7300095949796919093929D9C9F9E99989B9A81
:10C74000E5E4E7E6E1E0E3E2EDECEFEEE9E8EBEA71
:10C75000F5F4F7F6F1F0F3F2FDFCFEFEF9F8FBFA62
:10C76000C5C4C7C6C1C0C3C2CDCCCFCEC9C8CBCA51
:10C77000D5D4D7D6D1D0D3D2DDDCDFDED9D8DBDA41
:10C7800025242726212023222D2C2F2E29282B2A31
:10C7900035343736313033323D3C3F3E39383B3A21
:10C7A00005040706010003020D0C0F0E09080B0A11
:10C7B00015141716111013121D1C1F1E19181B1A01
:10C7C00065646766616063626D6C6F6E69686B6AF1
:10C7D00075747776717073727D7C7F7E79787B7AE1
:10C7E00045444746414043424D4C4F4E49484B4AD1
:10C7F00055545756515053525D5C5F5E59585B5AC1
:10C80000A5A4A7A6A1A0A3A2ADACAFAEA9A8ABAAB0
:10C81000B5B4B7B6B1B0B3B2BDBCBFBEB9B8BBBAA0
:10C8200085848786818083828D8C8F8E89888B8A90
:10C8300095949796919093929D9C9F9E99989B9A80
:10C84000E5E4E7E6E1E0E3E2EDECEFEEE9E8EBEA70
:10C85000F5F4F7F6F1F0F3F2FDFCFEFEF9F8FBFA61
:10C86000C5C4C7C6C1C0C3C2CDCCCFCEC9C8CBCA50
:10C87000D5D4D7D6D1D0D3D2DDDCDFDED9D8DBDA40
:10C8800025242726212023222D2C2F2E29282B2A30
:10C8900035343736313033323D3C3F3E39383B3A20
:10C8A00005040706010003020D0C0F0E09080B0A10
:10C8B00015141716111013121D1C1F1E19181B1A00
:10C8C00065646766616063626D6C6F6E69686B6AF0
:10C8D00075747776717073727D7C7F7E79787B7AE0
:10C8E00045444746414043424D4C4F4E49484B4AD0
:10C8F00055545756515053525D5C5F5E59585B5AC0
:10C90000A5A4A7A6A1A0A3A2ADACAFAEA9A8ABAAAF
:10C91000B5B4B7B6B1B0B3B2BDBCBFBEB9B8BBBA9F
:10C9200085848786818083828D8C8F8E89888B8A8F
:10C9300095949796919093929D9C9F9E99989B9A7F
:10C94000E5E4E7E6E1E0E3E2EDECEFEEE9E8EBEA6F
:10C95000F5F4F7F6F1F0F3F2FDFCFEFEF9F8FBFA60
:10C96000C5C4C7C6C1C0C3C2CDCCCFCEC9C8CBCA4F
:10C97000D5D4D7D6D1D0D3D2DDDCDFDED9D8DBDA3F
:10C9800025242726212023222D2C2F2E29282B2A2F
:10C9900035343736313033323D3C3F3E39383B3A1F
:10C9A00005040706010003020D0C0F0E09080B0A0F
:10C9B00015141716111013121D1C1F1E19181B1AFF
:10C9C00065646766616063626D6C6F6E69686B6AEF
:10C9D00075747776717073727D7C7F7E79787B7ADF
:10C9E00045444746414043424D4C4F4E49484B4ACF
:10C9F00055545756515053525D5C5F5E59585B5ABF
:10CA0000A5A4A7A6A1A0A3A2ADACAFAEA9A8ABAAAE
:10CA1000B5B4B7B6B1B0B3B2BDBCBFBEB9B8BBBA9E
:10CA200085848786818083828D8C8F8E89888B8A8E
:10CA300095949796919093929D9C9F9E99989B9A7E
:10CA4000E5E4E7E6E1E0E3E2EDECEFEEE9E8EBEA6E
:10CA5000F5F4F7F6F1F0F3F2FDFCFEFEF9F8FBFA5F
:10CA6000C5C4C7C6C1C0C3C2CDCCCFCEC9C8CBCA4E
:10CA7000D5D4D7D6D1D0D3D2DDDCDFDED9D8DBDA3E
:10CA800025242726212023222D2C2F2E29282B2A2E
:10CA900035343736313033323D3C3F3E39383B3A1E
:10CAA00005040706010003020D0C0F0E09080B0A0E
:10CAB00015141716111013121D1C1F1E19181B1AFE
:10CAC00065646766616063626D6C6F6E69686B6AEE
:10CAD00075747776717073727D7C7F7E79787B7ADE
:10CAE00045444746414043424D4C4F4E49484B4ACE
:10CAF00055545756515053525D5C5F5E59585B5ABE
:10CB0000A5A4A7A6A1A0A3A2ADACAFAEA9A8ABAAAD
:10CB1000B5B4B7B6B1B0B3B2BDBCBFBEB9B8BBBA9D
:10CB200085848786818083828D8C8F8E89888B8A8D
:10CB300095949796919093929D9C9F9E99989B9A7D
:10CB4000E5E4E7E6E1E0E3E2EDECEFEEE9E8EBEA6D
:10CB5000F5F4F7F6F1F0F3F2FDFCFEFEF9F8FBFA5E
:10CB6000C5C4C7C6C1C0C3C2CDCCCFCEC9C8CBCA4D
:10CB7000D5D4D7D6D1D0D3D2DDDCDFDED9D8DBDA3D
:10CB800025242726212023222D2C2F2E29282B2A2D
:10CB900035343736313033323D3C3F3E39383B3A1D
:10CBA00005040706010003020D0C0F0E09080B0A0D
:10CBB00015141716111013121D1C1F1E19181B1AFD
:10CBC00065646766616063626D6C6F6E69686B6AED
:10CBD00075747776717073727D7C7F7E79787B7ADD
:10CBE00045444746414043424D4C4F4E49484B4ACD
:10CBF00055545756515053525D5C5F5E59585B5ABD
:10CC0000A5A4A7A6A1A0A3A2ADACAFAEA9A8ABAAAC
:10CC1000B5B4B7B6B1B0B3B2BDBCBFBEB9B8BBBA9C
:10CC200085848786818083828D8C8F8E89888B8A8C
:10CC300095949796919093929D9C9F9E99989B9A7C
:10CC4000E5E4E7E6E1E0E3E2EDECEFEEE9E8EBEA6C
:10CC5000F5F4F7F6F1F0F3F2FDFCFEFEF9F8FBFA5D
:10CC6000C5C4C7C6C1C0C3C2CDCCCFCEC9C8CBCA4C
:10CC7000D5D4D7D6D1D0D3D2DDDCDFDED9D8DBDA3C
:10CC800025242726212023222D2C2F2E29282B2A2C
:10CC900035343736313033323D3C3F3E39383B3A1C
:10CCA00005040706010003020D0C0F0E09080B0A0C
:10CCB00015141716111013121D1C1F1E19181B1AFC
:10CCC00065646766616063626D6C6F6E69686B6AEC
:10CCD00075747776717073727D7C7F7E79787B7ADC
:10CCE00045444746414043424D4C4F4E49484B4ACC
:10CCF00055545756515053525D5C5F5E59585B5ABC
:10CD0000A5A4A7A6A1A0A3A2ADACAFAEA9A8ABAAAB
:10CD1000B5B4B7B6B1B0B3B2BDBCBFBEB9B8BBBA9B
:10CD200085848786818083828D8C8F8E89888B8A8B
:10CD300095949796919093929D9C9F9E99989B9A7B
:10CD4000E5E4E7E6E1E0E3E2EDECEFEEE9E8EBEA6B
:10CD5000F5F4F7F6F1F0F3F2FDFCFEFEF9F8FBFA5C
:10CD6000C5C4C7C6C1C0C3C2CDCCCFCEC9C8CBCA4B
:10CD7000D5D4D7D6D1D0D3D2DDDCDFDED9D8DBDA3B
:10CD800025242726212023222D2C2F2E29282B2A2B
:10CD900035343736313033323D3C3F3E39383B3A1B
:10CDA00005040706010003020D0C0F0E09080B0A0B
:10CDB00015141716111013121D1C1F1E19181B1AFB
:10CDC00065646766616063626D6C6F6E69686B6AEB
:10CDD00075747776717073727D7C7F7E79787B7ADB
:10CDE00045444746414043424D4C4F4E49484B4ACB
:10CDF00055545756515053525D5C5F5E59585B5ABB
:10CE0000A5A4A7A6A1A0A3A2ADACAFAEA9A8ABAAAA
:10CE1000B5B4B7B6B1B0B3B2BDBCBFBEB9B8BBBA9A
:10CE200085848786818083828D8C8F8E89888B8A8A
:10CE300095949796919093929D9C9F9E99989B9A7A
:10CE4000E5E4E7E6E1E0E3E2EDECEFEEE9E8EBEA6A
:10CE5000F5F4F7F6F1F0F3F2FDFCFEFEF9F8FBFA5B
:10CE6000C5C4C7C6C1C0C3C2CDCCCFCEC9C8CBCA4A
:10CE7000D5D4D7D6D1D0D3D2DDDCDFDED9D8DBDA3A
:10CE800025242726212023222D2C2F2E29282B2A2A
:10CE900035343736313033323D3C3F3E39383B3A1A
:10CEA00005040706010003020D0C0F0E09080B0A0A
:10CEB00015141716111013121D1C1F1E19181B1AFA
:10CEC00065646766616063626D6C6F6E69686B6AEA
:10CED00075747776717073727D7C7F7E79787B7ADA
:10CEE00045444746414043424D4C4F4E49484B4ACA
:10CEF00055545756515053525D5C5F5E59585B5ABA
:10CF0000A5A4A7A6A1A0A3A2ADACAFAEA9A8ABAAA9
:10CF1000B5B4B7B6B1B0B3B2BDBCBFBEB9B8BBBA99
:10CF200085848786818083828D8C8F8E89888B8A89
:10CF300095949796919093929D9C9F9E99989B9A79
:10CF4000E5E4E7E6E1E0E3E2EDECEFEEE9E8EBEA69
:10CF5000F5F4F7F6F1F0F3F2FDFCFEFEF9F8FBFA5A
:10CF6000C5C4C7C6C1C0C3C2CDCCCFCEC9C8CBCA49
:10CF7000D5D4D7D6D1D0D3D2DDDCDFDED9D8DBDA39
:10CF800025242726212023222D2C2F2E29282B2A29
:10CF900035343736313033323D3C3F3E39383B3A19
:10CFA00005040706010003020D0C0F0E09080B0A09
:10CFB00015141716111013121D1C1F1E19181B1AF9
:10CFC00065646766616063626D6C6F6E69686B6AE9
:10CFD00075747776717073727D7C7F7E79787B7AD9
:10CFE00045444746414043424D4C4F4E49484B4AC9
:10CFF00055545756515053525D5C5F5E59585B5AB9
:10D00000A5A4A7A6A1A0A3A2ADACAFAEA9A8ABAAA8
:10D01000B5B4B7B6B1B0B3B2BDBCBFBEB9B8BBBA98
:10D0200085848786818083828D8C8F8E89888B8A88
:10D0300095949796919093929D9C9F9E99989B9A78
:10D04000E5E4E7E6E1E0E3E2EDECEFEEE9E8EBEA68
:10D05000F5F4F7F6F1F0F3F2FDFCFEFEF9F8FBFA59
:10D06000C5C4C7C6C1C0C3C2CDCCCFCEC9C8CBCA48
:10D07000D5D4D7D6D1D0D3D2DDDCDFDED9D8DBDA38
:10D0800025242726212023222D2C2F2E29282B2A28
:10D0900035343736313033323D3C3F3E39383B3A18
:10D0A00005040706010003020D0C0F0E09080B0A08
:10D0B00015141716111013121D1C1F1E19181B1AF8
:10D0C00065646766616063626D6C6F6E69686B6AE8
:10D0D00075747776717073727D7C7F7E79787B7AD8
:10D0E00045444746414043424D4C4F4E49484B4AC8
:10D0F00055545756515053525D5C5F5E59585B5AB8
:10D10000A5A4A7A6A1A0A3A2ADACAFAEA9A8ABAAA7
:10D11000B5B4B7B6B1B0B3B2BDBCBFBEB9B8BBBA97
:10D1200085848786818083828D8C8F8E89888B8A87
:10D1300095949796919093929D9C9F9E99989B9A77
:10D14000E5E4E7E6E1E0E3E2EDECEFEEE9E8EBEA67
:10D15000F5F4F7F6F1F0F3F2FDFCFEFEF9F8FBFA58
:10D16000C5C4C7C6C1C0C3C2CDCCCFCEC9C8CBCA47
:10D17000D5D4D7D6D1D0D3D2DDDCDFDED9D8DBDA37
:10D1800025242726212023222D2C2F2E29282B2A27
:10D1900035343736313033323D3C3F3E39383B3A17
:10D1A00005040706010003020D0C0F0E09080B0A07
:10D1B00015141716111013121D1C1F1E19181B1AF7
:10D1C00065646766616063626D6C6F6E69686B6AE7
:10D1D00075747776717073727D7C7F7E79787B7AD7
:10D1E00045444746414043424D4C4F4E49484B4AC7
:10D1F00055545756515053525D5C5F5E59585B5AB7
:10D20000A5A4A7A6A1A0A3A2ADACAFAEA9A8ABAAA6
:10D21000B5B4B7B6B1B0B3B2BDBCBFBEB9B8BBBA96
:10D2200085848786818083828D8C8F8E89888B8A86
:10D2300095949796919093929D9C9F9E99989B9A76
:10D24000E5E4E7E6E1E0E3E2EDECEFEEE9E8EBEA66
:10D25000F5F4F7F6F1F0F3F2FDFCFEFEF9F8FBFA57
:10D26000C5C4C7C6C1C0C3C2CDCCCFCEC9C8CBCA46
:10D27000D5D4D7D6D1D0D3D2DDDCDFDED9D8DBDA36
:10D2800025242726212023222D2C2F2E29282B2A26
:10D2900035343736313033323D3C3F3E39383B3A16
:10D2A00005040706010003020D0C0F0E09080B0A06
:10D2B00015141716111013121D1C1F1E19181B1AF6
:10D2C00065646766616063626D6C6F6E69686B6AE6
:10D2D00075747776717073727D7C7F7E79787B7AD6
:10D2E00045444746414043424D4C4F4E49484B4AC6
:10D2F00055545756515053525D5C5F5E59585B5AB6
:10D30000A5A4A7A6A1A0A3A2ADACAFAEA9A8ABAAA5
:10D31000B5B4B7B6B1B0B3B2BDBCBFBEB9B8BBBA95
:10D3200085848786818083828D8C8F8E89888B8A85
:10D3300095949796919093929D9C9F9E99989B9A75
:10D34000E5E4E7E6E1E0E3E2EDECEFEEE9E8EBEA65
:10D35000F5F4F7F6F1F0F3F2FDFCFEFEF9F8FBFA56
:10D36000C5C4C7C6C1C0C3C2CDCCCFCEC9C8CBCA45
:10D37000D5D4D7D6D1D0D3D2DDDCDFDED9D8DBDA35
:10D3800025242726212023222D2C2F2E29282B2A25
:10D3900035343736313033323D3C3F3E39383B3A15
:10D3A00005040706010003020D0C0F0E09080B0A05
:10D3B00015141716111013121D1C1F1E19181B1AF5
:10D3C00065646766616063626D6C6F6E69686B6AE5
:10D3D00075747776717073727D7C7F7E79787B7AD5
:10D3E00045444746414043424D4C4F4E49484B4AC5
:10D3F00055545756515053525D5C5F5E59585B5AB5
:10D40000A5A4A7A6A1A0A3A2ADACAFAEA9A8ABAAA4
:10D41000B5B4B7B6B1B0B3B2BDBCBFBEB9B8BBBA94
:10D4200085848786818083828D8C8F8E89888B8A84
:10D4300095949796919093929D9C9F9E99989B9A74
:10D44000E5E4E7E6E1E0E3E2EDECEFEEE9E8EBEA64
:10D45000F5F4F7F6F1F0F3F2FDFCFEFEF9F8FBFA55
:10D46000C5C4C7C6C1C0C3C2CDCCCFCEC9C8CBCA44
:10D47000D5D4D7D6D1D0D3D2DDDCDFDED9D8DBDA34
:10D4800025242726212023222D2C2F2E29282B2A24
:10D4900035343736313033323D3C3F3E39383B3A14
:10D4A00005040706010003020D0C0F0E09080B0A04
:10D4B00015141716111013121D1C1F1E19181B1AF4
:10D4C00065646766616063626D6C6F6E69686B6AE4
:10D4D00075747776717073727D7C7F7E79787B7AD4
:10D4E00045444746414043424D4C4F4E49484B4AC4
:10D4F00055545756515053525D5C5F5E59585B5AB4
:10D50000A5A4A7A6A1A0A3A2ADACAFAEA9A8ABAAA3
:10D51000B5B4B7B6B1B0B3B2BDBCBFBEB9B8BBBA93
:10D5200085848786818083828D8C8F8E89888B8A83
:10D5300095949796919093929D9C9F9E99989B9A73
:10D54000E5E4E7E6E1E0E3E2EDECEFEEE9E8EBEA63
:10D55000F5F4F7F6F1F0F3F2FDFCFEFEF9F8FBFA54
:10D56000C5C4C7C6C1C0C3C2CDCCCFCEC9C8CBCA43
:10D57000D5D4D7D6D1D0D3D2DDDCDFDED9D8DBDA33
:10D5800025242726212023222D2C2F2E29282B2A23
:10D5900035343736313033323D3C3F3E39383B3A13
:10D5A00005040706010003020D0C0F0E09080B0A03
:10D5B00015141716111013121D1C1F1E19181B1AF3
:10D5C00065646766616063626D6C6F6E69686B6AE3
:10D5D00075747776717073727D7C7F7E79787B7AD3
:10D5E00045444746414043424D4C4F4E49484B4AC3
:10D5F00055545756515053525D5C5F5E59585B5AB3
:10D60000A5A4A7A6A1A0A3A2ADACAFAEA9A8ABAAA2
:10D61000B5B4B7B6B1B0B3B2BDBCBFBEB9B8BBBA92
:10D6200085848786818083828D8C8F8E89888B8A82
:10D6300095949796919093929D9C9F9E99989B9A72
:10D64000E5E4E7E6E1E0E3E2EDECEFEEE9E8EBEA62
:10D65000F5F4F7F6F1F0F3F2FDFCFEFEF9F8FBFA53
:10D66000C5C4C7C6C1C0C3C2CDCCCFCEC9C8CBCA42
:10D67000D5D4D7D6D1D0D3D2DDDCDFDED9D8DBDA32
:10D6800025242726212023222D2C2F2E29282B2A22
:10D6900035343736313033323D3C3F3E39383B3A12
:10D6A00005040706010003020D0C0F0E09080B0A02
:10D6B00015141716111013121D1C1F1E19181B1AF2
:10D6C00065646766616063626D6C6F6E69686B6AE2
:10D6D00075747776717073727D7C7F7E79787B7AD2
:10D6E00045444746414043424D4C4F4E49484B4AC2
:10D6F00055545756515053525D5C5F5E59585B5AB2
:10D70000A5A4A7A6A1A0A3A2ADACAFAEA9A8ABAAA1
:10D71000B5B4B7B6B1B0B3B2BDBCBFBEB9B8BBBA91
:10D7200085848786818083828D8C8F8E89888B8A81
:10D7300095949796919093929D9C9F9E99989B9A71
:10D74000E5E4E7E6E1E0E3E2EDECEFEEE9E8EBEA61
:10D75000F5F4F7F6F1F0F3F2FDFCFEFEF9F8FBFA52
:10D76000C5C4C7C6C1C0C3C2CDCCCFCEC9C8CBCA41
:10D77000D5D4D7D6D1D0D3D2DDDCDFDED9D8DBDA31
:10D7800025242726212023222D2C2F2E29282B2A21
:10D7900035343736313033323D3C3F3E39383B3A11
:10D7A00005040706010003020D0C0F0E09080B0A01
:10D7B00015141716111013121D1C1F1E19181B1AF1
:10D7C00065646766616063626D6C6F6E69686B6AE1
:10D7D00075747776717073727D7C7F7E79787B7AD1
:10D7E00045444746414043424D4C4F4E49484B4AC1
:10D7F00055545756515053525D5C5F5E59585B5AB1
:10D80000A5A4A7A6A1A0A3A2ADACAFAEA9A8ABAAA0
:10D81000B5B4B7B6B1B0B3B2BDBCBFBEB9B8BBBA90
:10D8200085848786818083828D8C8F8E89888B8A80
:10D8300095949796919093929D9C9F9E99989B9A70
:10D84000E5E4E7E6E1E0E3E2EDECEFEEE9E8EBEA60
:10D85000F5F4F7F6F1F0F3F2FDFCFEFEF9F8FBFA51
:10D86000C5C4C7C6C1C0C3C2CDCCCFCEC9C8CBCA40
:10D87000D5D4D7D6D1D0D3D2DDDCDFDED9D8DBDA30
:10D8800025242726212023222D2C2F2E29282B2A20
:10D8900035343736313033323D3C3F3E39383B3A10
:10D8A00005040706010003020D0C0F0E09080B0A00
:10D8B00015141716111013121D1C1F1E19181B1AF0
:10D8C00065646766616063626D6C6F6E69686B6AE0
:10D8D00075747776717073727D7C7F7E79787B7AD0
:10D8E00045444746414043424D4C4F4E49484B4AC0
:10D8F00055545756515053525D5C5F5E59585B5AB0
:10D90000A5A4A7A6A1A0A3A2ADACAFAEA9A8ABAA9F
:10D91000B5B4B7B6B1B0B3B2BDBCBFBEB9B8BBBA8F
:10D9200085848786818083828D8C8F8E89888B8A7F
:10D9300095949796919093929D9C9F9E99989B9A6F
:10D94000E5E4E7E6E1E0E3E2EDECEFEEE9E8EBEA5F
:10D95000F5F4F7F6F1F0F3F2FDFCFEFEF9F8FBFA50
:10D96000C5C4C7C6C1C0C3C2CDCCCFCEC9C8CBCA3F
:10D97000D5D4D7D6D1D0D3D2DDDCDFDED9D8DBDA2F
:10D9800025242726212023222D2C2F2E29282B2A1F
:10D9900035343736313033323D3C3F3E39383B3A0F
:10D9A00005040706010003020D0C0F0E09080B0AFF
:10D9B00015141716111013121D1C1F1E19181B1AEF
:10D9C00065646766616063626D6C6F6E69686B6ADF
:10D9D00075747776717073727D7C7F7E79787B7ACF
:10D9E00045444746414043424D4C4F4E49484B4ABF
:10D9F00055545756515053525D5C5F5E59585B5AAF
:10DA0000A5A4A7A6A1A0A3A2ADACAFAEA9A8ABAA9E
:10DA1000B5B4B7B6B1B0B3B2BDBCBFBEB9B8BBBA8E
:10DA200085848786818083828D8C8F8E89888B8A7E
:10DA300095949796919093929D9C9F9E99989B9A6E
:10DA4000E5E4E7E6E1E0E3E2EDECEFEEE9E8EBEA5E
:10DA5000F5F4F7F6F1F0F3F2FDFCFEFEF9F8FBFA4F
:10DA6000C5C4C7C6C1C0C3C2CDCCCFCEC9C8CBCA3E
:10DA7000D5D4D7D6D1D0D3D2DDDCDFDED9D8DBDA2E
:10DA800025242726212023222D2C2F2E29282B2A1E
:10DA900035343736313033323D3C3F3E39383B3A0E
:10DAA00005040706010003020D0C0F0E09080B0AFE
:10DAB00015141716111013121D1C1F1E19181B1AEE
:10DAC00065646766616063626D6C6F6E69686B6ADE
:10DAD00075747776717073727D7C7F7E79787B7ACE
:10DAE00045444746414043424D4C4F4E49484B4ABE
:10DAF00055545756515053525D5C5F5E59585B5AAE
:10DB0000A5A4A7A6A1A0A3A2ADACAFAEA9A8ABAA9D
:10DB1000B5B4B7B6B1B0B3B2BDBCBFBEB9B8BBBA8D
:10DB200085848786818083828D8C8F8E89888B8A7D
:10DB300095949796919093929D9C9F9E99989B9A6D
:10DB4000E5E4E7E6E1E0E3E2EDECEFEEE9E8EBEA5D
:10DB5000F5F4F7F6F1F0F3F2FDFCFEFEF9F8FBFA4E
:10DB6000C5C4C7C6C1C0C3C2CDCCCFCEC9C8CBCA3D
:10DB7000D5D4D7D6D1D0D3D2DDDCDFDED9D8DBDA2D
:10DB800025242726212023222D2C2F2E29282B2A1D
:10DB900035343736313033323D3C3F3E39383B3A0D
:10DBA00005040706010003020D0C0F0E09080B0AFD
:10DBB00015141716111013121D1C1F1E19181B1AED
:10DBC00065646766616063626D6C6F6E69686B6ADD
:10DBD00075747776717073727D7C7F7E79787B7ACD
:10DBE00045444746414043424D4C4F4E49484B4ABD
:10DBF00055545756515053525D5C5F5E59585B5AAD
:10DC0000A5A4A7A6A1A0A3A2ADACAFAEA9A8ABAA9C
:10DC1000B5B4B7B6B1B0B3B2BDBCBFBEB9B8BBBA8C
:10DC200085848786818083828D8C8F8E89888B8A7C
:10DC300095949796919093929D9C9F9E99989B9A6C
:10DC4000E5E4E7E6E1E0E3E2EDECEFEEE9E8EBEA5C
:10DC5000F5F4F7F6F1F0F3F2FDFCFEFEF9F8FBFA4D
:10DC6000C5C4C7C6C1C0C3C2CDCCCFCEC9C8CBCA3C
:10DC7000D5D4D7D6D1D0D3D2DDDCDFDED9D8DBDA2C
:10DC800025242726212023222D2C2F2E29282B2A1C
:10DC900035343736313033323D3C3F3E39383B3A0C
:10DCA00005040706010003020D0C0F0E09080B0AFC
:10DCB00015141716111013121D1C1F1E19181B1AEC
:10DCC00065646766616063626D6C6F6E69686B6ADC
:10DCD00075747776717073727D7C7F7E79787B7ACC
:10DCE00045444746414043424D4C4F4E49484B4ABC
:10DCF00055545756515053525D5C5F5E59585B5AAC
:10DD0000A5A4A7A6A1A0A3A2ADACAFAEA9A8ABAA9B
:10DD1000B5B4B7B6B1B0B3B2BDBCBFBEB9B8BBBA8B
:10DD200085848786818083828D8C8F8E89888B8A7B
:10DD300095949796919093929D9C9F9E99989B9A6B
:10DD4000E5E4E7E6E1E0E3E2EDECEFEEE9E8EBEA5B
:10DD5000F5F4F7F6F1F0F3F2FDFCFEFEF9F8FBFA4C
:10DD6000C5C4C7C6C1C0C3C2CDCCCFCEC9C8CBCA3B
:10DD7000D5D4D7D6D1D0D3D2DDDCDFDED9D8DBDA2B
:10DD800025242726212023222D2C2F2E29282B2A1B
:10DD900035343736313033323D3C3F3E39383B3A0B
:10DDA00005040706010003020D0C0F0E09080B0AFB
:10DDB00015141716111013121D1C1F1E19181B1AEB
:10DDC00065646766616063626D6C6F6E69686B6ADB
:10DDD00075747776717073727D7C7F7E79787B7ACB
:10DDE00045444746414043424D4C4F4E49484B4ABB
:10DDF00055545756515053525D5C5F5E59585B5AAB
:10DE0000A5A4A7A6A1A0A3A2ADACAFAEA9A8ABAA9A
:10DE1000B5B4B7B6B1B0B3B2BDBCBFBEB9B8BBBA8A
:10DE200085848786818083828D8C8F8E89888B8A7A
:10DE300095949796919093929D9C9F9E99989B9A6A
:10DE4000E5E4E7E6E1E0E3E2EDECEFEEE9E8EBEA5A
:10DE5000F5F4F7F6F1F0F3F2FDFCFEFEF9F8FBFA4B
:10DE6000C5C4C7C6C1C0C3C2CDCCCFCEC9C8CBCA3A
:10DE7000D5D4D7D6D1D0D3D2DDDCDFDED9D8DBDA2A
:10DE800025242726212023222D2C2F2E29282B2A1A
:10DE900035343736313033323D3C3F3E39383B3A0A
:10DEA00005040706010003020D0C0F0E09080B0AFA
:10DEB00015141716111013121D1C1F1E19181B1AEA
:10DEC00065646766616063626D6C6F6E69686B6ADA
:10DED00075747776717073727D7C7F7E79787B7ACA
:10DEE00045444746414043424D4C4F4E49484B4ABA
:10DEF00055545756515053525D5C5F5E59585B5AAA
:10DF0000A5A4A7A6A1A0A3A2ADACAFAEA9A8ABAA99
:10DF1000B5B4B7B6B1B0B3B2BDBCBFBEB9B8BBBA89
:10DF200085848786818083828D8C8F8E89888B8A79
:10DF300095949796919093929D9C9F9E99989B9A69
:10DF4000E5E4E7E6E1E0E3E2EDECEFEEE9E8EBEA59
:10DF5000F5F4F7F6F1F0F3F2FDFCFEFEF9F8FBFA4A
:10DF6000C5C4C7C6C1C0C3C2CDCCCFCEC9C8CBCA39
:10DF7000D5D4D7D6D1D0D3D2DDDCDFDED9D8DBDA29
:10DF800025242726212023222D2C2F2E29282B2A19
:10DF900035343736313033323D3C3F3E39383B3A09
:10DFA00005040706010003020D0C0F0E09080B0AF9
:10DFB00015141716111013121D1C1F1E19181B1AE9
:10DFC00065646766616063626D6C6F6E69686B6AD9
:10DFD00075747776717073727D7C7F7E79787B7AC9
:10DFE00045444746414043424D4C4F4E49484B4AB9
:10DFF00055545756515053525D5C5F5E59585B5AA9
:10E00000A5A4A7A6A1A0A3A2ADACAFAEA9A8ABAA98
:10E01000B5B4B7B6B1B0B3B2BDBCBFBEB9B8BBBA88
:10E0200085848786818083828D8C8F8E89888B8A78
:10E0300095949796919093929D9C9F9E99989B9A68
:10E04000E5E4E7E6E1E0E3E2EDECEFEEE9E8EBEA58
:10E05000F5F4F7F6F1F0F3F2FDFCFEFEF9F8FBFA49
:10E06000C5C4C7C6C1C0C3C2CDCCCFCEC9C8CBCA38
:10E07000D5D4D7D6D1D0D3D2DDDCDFDED9D8DBDA28
:10E0800025242726212023222D2C2F2E29282B2A18
:10E0900035343736313033323D3C3F3E39383B3A08
:10E0A00005040706010003020D0C0F0E09080B0AF8
:10E0B00015141716111013121D1C1F1E19181B1AE8
:10E0C00065646766616063626D6C6F6E69686B6AD8
:10E0D00075747776717073727D7C7F7E79787B7AC8
:10E0E00045444746414043424D4C4F4E49484B4AB8
:10E0F00055545756515053525D5C5F5E59585B5AA8
:10E10000A5A4A7A6A1A0A3A2ADACAFAEA9A8ABAA97
:10E11000B5B4B7B6B1B0B3B2BDBCBFBEB9B8BBBA87
:10E1200085848786818083828D8C8F8E89888B8A77
:10E1300095949796919093929D9C9F9E99989B9A67
:10E14000E5E4E7E6E1E0E3E2EDECEFEEE9E8EBEA57
:10E15000F5F4F7F6F1F0F3F2FDFCFEFEF9F8FBFA48
:10E16000C5C4C7C6C1C0C3C2CDCCCFCEC9C8CBCA37
:10E17000D5D4D7D6D1D0D3D2DDDCDFDED9D8DBDA27
:10E1800025242726212023222D2C2F2E29282B2A17
:10E1900035343736313033323D3C3F3E39383B3A07
:10E1A00005040706010003020D0C0F0E09080B0AF7
:10E1B00015141716111013121D1C1F1E19181B1AE7
:10E1C00065646766616063626D6C6F6E69686B6AD7
:10E1D00075747776717073727D7C7F7E79787B7AC7
:10E1E00045444746414043424D4C4F4E49484B4AB7
:10E1F00055545756515053525D5C5F5E59585B5AA7
:10E20000A5A4A7A6A1A0A3A2ADACAFAEA9A8ABAA96
:10E21000B5B4B7B6B1B0B3B2BDBCBFBEB9B8BBBA86
:10E2200085848786818083828D8C8F8E89888B8A76
:10E2300095949796919093929D9C9F9E99989B9A66
:10E24000E5E4E7E6E1E0E3E2EDECEFEEE9E8EBEA56
:10E25000F5F4F7F6F1F0F3F2FDFCFEFEF9F8FBFA47
:10E26000C5C4C7C6C1C0C3C2CDCCCFCEC9C8CBCA36
:10E27000D5D4D7D6D1D0D3D2DDDCDFDED9D8DBDA26
:10E2800025242726212023222D2C2F2E29282B2A16
:10E2900035343736313033323D3C3F3E39383B3A06
:10E2A00005040706010003020D0C0F0E09080B0AF6
:10E2B00015141716111013121D1C1F1E19181B1AE6
:10E2C00065646766616063626D6C6F6E69686B6AD6
:10E2D00075747776717073727D7C7F7E79787B7AC6
:10E2E00045444746414043424D4C4F4E49484B4AB6
:10E2F00055545756515053525D5C5F5E59585B5AA6
:10E30000A5A4A7A6A1A0A3A2ADACAFAEA9A8ABAA95
:10E31000B5B4B7B6B1B0B3B2BDBCBFBEB9B8BBBA85
:10E3200085848786818083828D8C8F8E89888B8A75
:10E3300095949796919093929D9C9F9E99989B9A65
:10E34000E5E4E7E6E1E0E3E2EDECEFEEE9E8EBEA55
:10E35000F5F4F7F6F1F0F3F2FDFCFEFEF9F8FBFA46
:10E36000C5C4C7C6C1C0C3C2CDCCCFCEC9C8CBCA35
:10E37000D5D4D7D6D1D0D3D2DDDCDFDED9D8DBDA25
:10E3800025242726212023222D2C2F2E29282B2A15
:10E3900035343736313033323D3C3F3E39383B3A05
:10E3A00005040706010003020D0C0F0E09080B0AF5
:10E3B00015141716111013121D1C1F1E19181B1AE5
:10E3C00065646766616063626D6C6F6E69686B6AD5
:10E3D00075747776717073727D7C7F7E79787B7AC5
:10E3E00045444746414043424D4C4F4E49484B4AB5
:10E3F00055545756515053525D5C5F5E59585B5AA5
:10E40000A5A4A7A6A1A0A3A2ADACAFAEA9A8ABAA94
:10E41000B5B4B7B6B1B0B3B2BDBCBFBEB9B8BBBA84
:10E4200085848786818083828D8C8F8E89888B8A74
:10E4300095949796919093929D9C9F9E99989B9A64
:10E44000E5E4E7E6E1E0E3E2EDECEFEEE9E8EBEA54
:10E45000F5F4F7F6F1F0F3F2FDFCFEFEF9F8FBFA45
:10E46000C5C4C7C6C1C0C3C2CDCCCFCEC9C8CBCA34
:10E47000D5D4D7D6D1D0D3D2DDDCDFDED9D8DBDA24
:10E4800025242726212023222D2C2F2E29282B2A14
:10E4900035343736313033323D3C3F3E39383B3A04
:10E4A00005040706010003020D0C0F0E09080B0AF4
:10E4B00015141716111013121D1C1F1E19181B1AE4
:10E4C00065646766616063626D6C6F6E69686B6AD4
:10E4D00075747776717073727D7C7F7E79787B7AC4
:10E4E00045444746414043424D4C4F4E49484B4AB4
:10E4F00055545756515053525D5C5F5E59585B5AA4
:10E50000A5A4A7A6A1A0A3A2ADACAFAEA9A8ABAA93
:10E51000B5B4B7B6B1B0B3B2BDBCBFBEB9B8BBBA83
:10E5200085848786818083828D8C8F8E89888B8A73
:10E5300095949796919093929D9C9F9E99989B9A63
:10E54000E5E4E7E6E1E0E3E2EDECEFEEE9E8EBEA53
:10E55000F5F4F7F6F1F0F3F2FDFCFEFEF9F8FBFA44
:10E56000C5C4C7C6C1C0C3C2CDCCCFCEC9C8CBCA33
:10E57000D5D4D7D6D1D0D3D2DDDCDFDED9D8DBDA23
:10E5800025242726212023222D2C2F2E29282B2A13
:10E5900035343736313033323D3C3F3E39383B3A03
:10E5A00005040706010003020D0C0F0E09080B0AF3
:10E5B00015141716111013121D1C1F1E19181B1AE3
:10E5C00065646766616063626D6C6F6E69686B6AD3
:10E5D00075747776717073727D7C7F7E79787B7AC3
:10E5E00045444746414043424D4C4F4E49484B4AB3
:10E5F00055545756515053525D5C5F5E59585B5AA3
:10E60000A5A4A7A6A1A0A3A2ADACAFAEA9A8ABAA92
:10E61000B5B4B7B6B1B0B3B2BDBCBFBEB9B8BBBA82
:10E6200085848786818083828D8C8F8E89888B8A72
:10E6300095949796919093929D9C9F9E99989B9A62
:10E64000E5E4E7E6E1E0E3E2EDECEFEEE9E8EBEA52
:10E65000F5F4F7F6F1F0F3F2FDFCFEFEF9F8FBFA43
:10E66000C5C4C7C6C1C0C3C2CDCCCFCEC9C8CBCA32
:10E67000D5D4D7D6D1D0D3D2DDDCDFDED9D8DBDA22
:10E6800025242726212023222D2C2F2E29282B2A12
:10E6900035343736313033323D3C3F3E39383B3A02
:10E6A00005040706010003020D0C0F0E09080B0AF2
:10E6B00015141716111013121D1C1F1E19181B1AE2
:10E6C00065646766616063626D6C6F6E69686B6AD2
:10E6D00075747776717073727D7C7F7E79787B7AC2
:10E6E00045444746414043424D4C4F4E49484B4AB2
:10E6F00055545756515053525D5C5F5E59585B5AA2
:10E70000A5A4A7A6A1A0A3A2ADACAFAEA9A8ABAA91
:10E71000B5B4B7B6B1B0B3B2BDBCBFBEB9B8BBBA81
:10E7200085848786818083828D8C8F8E89888B8A71
:10E7300095949796919093929D9C9F9E99989B9A61
:10E74000E5E4E7E6E1E0E3E2EDECEFEEE9E8EBEA51
:10E75000F5F4F7F6F1F0F3F2FDFCFEFEF9F8FBFA42
:10E76000C5C4C7C6C1C0C3C2CDCCCFCEC9C8CBCA31
:10E77000D5D4D7D6D1D0D3D2DDDCDFDED9D8DBDA21
:10E7800025242726212023222D2C2F2E29282B2A11
:10E7900035343736313033323D3C3F3E39383B3A01
:10E7A00005040706010003020D0C0F0E09080B0AF1
:10E7B00015141716111013121D1C1F1E19181B1AE1
:10E7C00065646766616063626D6C6F6E69686B6AD1
:10E7D00075747776717073727D7C7F7E79787B7AC1
:10E7E00045444746414043424D4C4F4E49484B4AB1
:10E7F00055545756515053525D5C5F5E59585B5AA1
:10E80000A5A4A7A6A1A0A3A2ADACAFAEA9A8ABAA90
:10E81000B5B4B7B6B1B0B3B2BDBCBFBEB9B8BBBA80
:10E8200085848786818083828D8C8F8E89888B8A70
:10E8300095949796919093929D9C9F9E99989B9A60
:10E84000E5E4E7E6E1E0E3E2EDECEFEEE9E8EBEA50
:10E85000F5F4F7F6F1F0F3F2FDFCFEFEF9F8FBFA41
:10E86000C5C4C7C6C1C0C3C2CDCCCFCEC9C8CBCA30
:10E87000D5D4D7D6D1D0D3D2DDDCDFDED9D8DBDA20
:10E8800025242726212023222D2C2F2E29282B2A10
:10E8900035343736313033323D3C3F3E39383B3A00
:10E8A00005040706010003020D0C0F0E09080B0AF0
:10E8B00015141716111013121D1C1F1E19181B1AE0
:10E8C00065646766616063626D6C6F6E69686B6AD0
:10E8D00075747776717073727D7C7F7E79787B7AC0
:10E8E00045444746414043424D4C4F4E49484B4AB0
:10E8F00055545756515053525D5C5F5E59585B5AA0
:10E90000A5A4A7A6A1A0A3A2ADACAFAEA9A8ABAA8F
:10E91000B5B4B7B6B1B0B3B2BDBCBFBEB9B8BBBA7F
:10E9200085848786818083828D8C8F8E89888B8A6F
:10E9300095949796919093929D9C9F9E99989B9A5F
:10E94000E5E4E7E6E1E0E3E2EDECEFEEE9E8EBEA4F
:10E95000F5F4F7F6F1F0F3F2FDFCFEFEF9F8FBFA40
:10E96000C5C4C7C6C1C0C3C2CDCCCFCEC9C8CBCA2F
:10E97000D5D4D7D6D1D0D3D2DDDCDFDED9D8DBDA1F
:10E9800025242726212023222D2C2F2E29282B2A0F
:10E9900035343736313033323D3C3F3E39383B3AFF
:10E9A00005040706010003020D0C0F0E09080B0AEF
:10E9B00015141716111013121D1C1F1E19181B1ADF
:10E9C00065646766616063626D6C6F6E69686B6ACF
:10E9D00075747776717073727D7C7F7E79787B7ABF
:10E9E00045444746414043424D4C4F4E49484B4AAF
:10E9F00055545756515053525D5C5F5E59585B5A9F
:10EA0000A5A4A7A6A1A0A3A2ADACAFAEA9A8ABAA8E
:10EA1000B5B4B7B6B1B0B3B2BDBCBFBEB9B8BBBA7E
:10EA200085848786818083828D8C8F8E89888B8A6E
:10EA300095949796919093929D9C9F9E99989B9A5E
:10EA4000E5E4E7E6E1E0E3E2EDECEFEEE9E8EBEA4E
:10EA5000F5F4F7F6F1F0F3F2FDFCFEFEF9F8FBFA3F
:10EA6000C5C4C7C6C1C0C3C2CDCCCFCEC9C8CBCA2E
:10EA7000D5D4D7D6D1D0D3D2DDDCDFDED9D8DBDA1E
:10EA800025242726212023222D2C2F2E29282B2A0E
:10EA900035343736313033323D3C3F3E39383B3AFE
:10EAA00005040706010003020D0C0F0E09080B0AEE
:10EAB00015141716111013121D1C1F1E19181B1ADE
:10EAC00065646766616063626D6C6F6E69686B6ACE
:10EAD00075747776717073727D7C7F7E79787B7ABE
:10EAE00045444746414043424D4C4F4E49484B4AAE
:10EAF00055545756515053525D5C5F5E59585B5A9E
:10EB0000A5A4A7A6A1A0A3A2ADACAFAEA9A8ABAA8D
:10EB1000B5B4B7B6B1B0B3B2BDBCBFBEB9B8BBBA7D
:10EB200085848786818083828D8C8F8E89888B8A6D
:10EB300095949796919093929D9C9F9E99989B9A5D
:10EB4000E5E4E7E6E1E0E3E2EDECEFEEE9E8EBEA4D
:10EB5000F5F4F7F6F1F0F3F2FDFCFEFEF9F8FBFA3E
:10EB6000C5C4C7C6C1C0C3C2CDCCCFCEC9C8CBCA2D
:10EB7000D5D4D7D6D1D0D3D2DDDCDFDED9D8DBDA1D
:10EB800025242726212023222D2C2F2E29282B2A0D
:10EB900035343736313033323D3C3F3E39383B3AFD
:10EBA00005040706010003020D0C0F0E09080B0AED
:10EBB00015141716111013121D1C1F1E19181B1ADD
:10EBC00065646766616063626D6C6F6E69686B6ACD
:10EBD00075747776717073727D7C7F7E79787B7ABD
:10EBE00045444746414043424D4C4F4E49484B4AAD
:10EBF00055545756515053525D5C5F5E59585B5A9D
:10EC0000A5A4A7A6A1A0A3A2ADACAFAEA9A8ABAA8C
:10EC1000B5B4B7B6B1B0B3B2BDBCBFBEB9B8BBBA7C
:10EC200085848786818083828D8C8F8E89888B8A6C
:10EC300095949796919093929D9C9F9E99989B9A5C
:10EC4000E5E4E7E6E1E0E3E2EDECEFEEE9E8EBEA4C
:10EC5000F5F4F7F6F1F0F3F2FDFCFEFEF9F8FBFA3D
:10EC6000C5C4C7C6C1C0C3C2CDCCCFCEC9C8CBCA2C
:10EC7000D5D4D7D6D1D0D3D2DDDCDFDED9D8DBDA1C
:10EC800025242726212023222D2C2F2E29282B2A0C
:10EC900035343736313033323D3C3F3E39383B3AFC
:10ECA00005040706010003020D0C0F0E09080B0AEC
:10ECB00015141716111013121D1C1F1E19181B1ADC
:10ECC00065646766616063626D6C6F6E69686B6ACC
:10ECD00075747776717073727D7C7F7E79787B7ABC
:10ECE00045444746414043424D4C4F4E49484B4AAC
:10ECF00055545756515053525D5C5F5E59585B5A9C
:10ED0000A5A4A7A6A1A0A3A2ADACAFAEA9A8ABAA8B
:10ED1000B5B4B7B6B1B0B3B2BDBCBFBEB9B8BBBA7B
:10ED200085848786818083828D8C8F8E89888B8A6B
:10ED300095949796919093929D9C9F9E99989B9A5B
:10ED4000E5E4E7E6E1E0E3E2EDECEFEEE9E8EBEA4B
:10ED5000F5F4F7F6F1F0F3F2FDFCFEFEF9F8FBFA3C
:10ED6000C5C4C7C6C1C0C3C2CDCCCFCEC9C8CBCA2B
:10ED7000D5D4D7D6D1D0D3D2DDDCDFDED9D8DBDA1B
:10ED800025242726212023222D2C2F2E29282B2A0B
:10ED900035343736313033323D3C3F3E39383B3AFB
:10EDA00005040706010003020D0C0F0E09080B0AEB
:10EDB00015141716111013121D1C1F1E19181B1ADB
:10EDC00065646766616063626D6C6F6E69686B6ACB
:10EDD00075747776717073727D7C7F7E79787B7ABB
:10EDE00045444746414043424D4C4F4E49484B4AAB
:10EDF00055545756515053525D5C5F5E59585B5A9B
:10EE0000A5A4A7A6A1A0A3A2ADACAFAEA9A8ABAA8A
:10EE1000B5B4B7B6B1B0B3B2BDBCBFBEB9B8BBBA7A
:10EE200085848786818083828D8C8F8E89888B8A6A
:10EE300095949796919093929D9C9F9E99989B9A5A
:10EE4000E5E4E7E6E1E0E3E2EDECEFEEE9E8EBEA4A
:10EE5000F5F4F7F6F1F0F3F2FDFCFEFEF9F8FBFA3B
:10EE6000C5C4C7C6C1C0C3C2CDCCCFCEC9C8CBCA2A
:10EE7000D5D4D7D6D1D0D3D2DDDCDFDED9D8DBDA1A
:10EE800025242726212023222D2C2F2E29282B2A0A
:10EE900035343736313033323D3C3F3E39383B3AFA
:10EEA00005040706010003020D0C0F0E09080B0AEA
:10EEB00015141716111013121D1C1F1E19181B1ADA
:10EEC00065646766616063626D6C6F6E69686B6ACA
:10EED00075747776717073727D7C7F7E79787B7ABA
:10EEE00045444746414043424D4C4F4E49484B4AAA
:10EEF00055545756515053525D5C5F5E59585B5A9A
:10EF0000A5A4A7A6A1A0A3A2ADACAFAEA9A8ABAA89
:10EF1000B5B4B7B6B1B0B3B2BDBCBFBEB9B8BBBA79
:10EF200085848786818083828D8C8F8E89888B8A69
:10EF300095949796919093929D9C9F9E99989B9A59
:10EF4000E5E4E7E6E1E0E3E2EDECEFEEE9E8EBEA49
:10EF5000F5F4F7F6F1F0F3F2FDFCFEFEF9F8FBFA3A
:10EF6000C5C4C7C6C1C0C3C2CDCCCFCEC9C8CBCA29
:10EF7000D5D4D7D6D1D0D3D2DDDCDFDED9D8DBDA19
:10EF800025242726212023222D2C2F2E29282B2A09
:10EF900035343736313033323D3C3F3E39383B3AF9
:10EFA00005040706010003020D0C0F0E09080B0AE9
:10EFB00015141716111013121D1C1F1E19181B1AD9
:10EFC00065646766616063626D6C6F6E69686B6AC9
:10EFD00075747776717073727D7C7F7E79787B7AB9
:10EFE00045444746414043424D4C4F4E49484B4AA9
:10EFF00055545756515053525D5C5F5E59585B5A99
:10F00000A5A4A7A6A1A0A3A2ADACAFAEA9A8ABAA88
:10F01000B5B4B7B6B1B0B3B2BDBCBFBEB9B8BBBA78
:10F0200085848786818083828D8C8F8E89888B8A68
:10F0300095949796919093929D9C9F9E99989B9A58
:10F04000E5E4E7E6E1E0E3E2EDECEFEEE9E8EBEA48
:10F05000F5F4F7F6F1F0F3F2FDFCFEFEF9F8FBFA39
:10F06000C5C4C7C6C1C0C3C2CDCCCFCEC9C8CBCA28
:10F07000D5D4D7D6D1D0D3D2DDDCDFDED9D8DBDA18
:10F0800025242726212023222D2C2F2E29282B2A08
:10F0900035343736313033323D3C3F3E39383B3AF8
:10F0A00005040706010003020D0C0F0E09080B0AE8
:10F0B00015141716111013121D1C1F1E19181B1AD8
:10F0C00065646766616063626D6C6F6E69686B6AC8
:10F0D00075747776717073727D7C7F7E79787B7AB8
:10F0E00045444746414043424D4C4F4E49484B4AA8
:10F0F00055545756515053525D5C5F5E59585B5A98
:10F10000A5A4A7A6A1A0A3A2ADACAFAEA9A8ABAA87
:10F11000B5B4B7B6B1B0B3B2BDBCBFBEB9B8BBBA77
:10F1200085848786818083828D8C8F8E89888B8A67
:10F1300095949796919093929D9C9F9E99989B9A57
:10F14000E5E4E7E6E1E0E3E2EDECEFEEE9E8EBEA47
:10F15000F5F4F7F6F1F0F3F2FDFCFEFEF9F8FBFA38
:10F16000C5C4C7C6C1C0C3C2CDCCCFCEC9C8CBCA27
:10F17000D5D4D7D6D1D0D3D2DDDCDFDED9D8DBDA17
:10F1800025242726212023222D2C2F2E29282B2A07
:10F1900035343736313033323D3C3F3E39383B3AF7
:10F1A00005040706010003020D0C0F0E09080B0AE7
:10F1B00015141716111013121D1C1F1E19181B1AD7
:10F1C00065646766616063626D6C6F6E69686B6AC7
:10F1D00075747776717073727D7C7F7E79787B7AB7
:10F1E00045444746414043424D4C4F4E49484B4AA7
:10F1F00055545756515053525D5C5F5E59585B5A97
:10F20000A5A4A7A6A1A0A3A2ADACAFAEA9A8ABAA86
:10F21000B5B4B7B6B1B0B3B2BDBCBFBEB9B8BBBA76
:10F2200085848786818083828D8C8F8E89888B8A66
:10F2300095949796919093929D9C9F9E99989B9A56
:10F24000E5E4E7E6E1E0E3E2EDECEFEEE9E8EBEA46
:10F25000F5F4F7F6F1F0F3F2FDFCFEFEF9F8FBFA37
:10F26000C5C4C7C6C1C0C3C2CDCCCFCEC9C8CBCA26
:10F27000D5D4D7D6D1D0D3D2DDDCDFDED9D8DBDA16
:10F2800025242726212023222D2C2F2E29282B2A06
:10F2900035343736313033323D3C3F3E39383B3AF6
:10F2A00005040706010003020D0C0F0E09080B0AE6
:10F2B00015141716111013121D1C1F1E19181B1AD6
:10F2C00065646766616063626D6C6F6E69686B6AC6
:10F2D00075747776717073727D7C7F7E79787B7AB6
:10F2E00045444746414043424D4C4F4E49484B4AA6
:10F2F00055545756515053525D5C5F5E59585B5A96
:10F30000A5A4A7A6A1A0A3A2ADACAFAEA9A8ABAA85
:10F31000B5B4B7B6B1B0B3B2BDBCBFBEB9B8BBBA75
:10F3200085848786818083828D8C8F8E89888B8A65
:10F3300095949796919093929D9C9F9E99989B9A55
:10F34000E5E4E7E6E1E0E3E2EDECEFEEE9E8EBEA45
:10F35000F5F4F7F6F1F0F3F2FDFCFEFEF9F8FBFA36
:10F36000C5C4C7C6C1C0C3C2CDCCCFCEC9C8CBCA25
:10F37000D5D4D7D6D1D0D3D2DDDCDFDED9D8DBDA15
:10F3800025242726212023222D2C2F2E29282B2A05
:10F3900035343736313033323D3C3F3E39383B3AF5
:10F3A00005040706010003020D0C0F0E09080B0AE5
:10F3B00015141716111013121D1C1F1E19181B1AD5
:10F3C00065646766616063626D6C6F6E69686B6AC5
:10F3D00075747776717073727D7C7F7E79787B7AB5
:10F3E00045444746414043424D4C4F4E49484B4AA5
:10F3F00055545756515053525D5C5F5E59585B5A95
:10F40000A5A4A7A6A1A0A3A2ADACAFAEA9A8ABAA84
:10F41000B5B4B7B6B1B0B3B2BDBCBFBEB9B8BBBA74
:10F4200085848786818083828D8C8F8E89888B8A64
:10F4300095949796919093929D9C9F9E99989B9A54
:10F44000E5E4E7E6E1E0E3E2EDECEFEEE9E8EBEA44
:10F45000F5F4F7F6F1F0F3F2FDFCFEFEF9F8FBFA35
:10F46000C5C4C7C6C1C0C3C2CDCCCFCEC9C8CBCA24
:10F47000D5D4D7D6D1D0D3D2DDDCDFDED9D8DBDA14
:10F4800025242726212023222D2C2F2E29282B2A04
:10F4900035343736313033323D3C3F3E39383B3AF4
:10F4A00005040706010003020D0C0F0E09080B0AE4
:10F4B00015141716111013121D1C1F1E19181B1AD4
:10F4C00065646766616063626D6C6F6E69686B6AC4
:10F4D00075747776717073727D7C7F7E79787B7AB4
:10F4E00045444746414043424D4C4F4E49484B4AA4
:10F4F00055545756515053525D5C5F5E59585B5A94
:10F50000A5A4A7A6A1A0A3A2ADACAFAEA9A8ABAA83
:10F51000B5B4B7B6B1B0B3B2BDBCBFBEB9B8BBBA73
:10F5200085848786818083828D8C8F8E89888B8A63
:10F5300095949796919093929D9C9F9E99989B9A53
:10F54000E5E4E7E6E1E0E3E2EDECEFEEE9E8EBEA43
:10F55000F5F4F7F6F1F0F3F2FDFCFEFEF9F8FBFA34
:10F56000C5C4C7C6C1C0C3C2CDCCCFCEC9C8CBCA23
:10F57000D5D4D7D6D1D0D3D2DDDCDFDED9D8DBDA13
:10F5800025242726212023222D2C2F2E29282B2A03
:10F5900035343736313033323D3C3F3E39383B3AF3
:10F5A00005040706010003020D0C0F0E09080B0AE3
:10F5B00015141716111013121D1C1F1E19181B1AD3
:10F5C00065646766616063626D6C6F6E69686B6AC3
:10F5D00075747776717073727D7C7F7E79787B7AB3
:10F5E00045444746414043424D4C4F4E49484B4AA3
:10F5F00055545756515053525D5C5F5E59585B5A93
:10F60000A5A4A7A6A1A0A3A2ADACAFAEA9A8ABAA82
:10F61000B5B4B7B6B1B0B3B2BDBCBFBEB9B8BBBA72
:10F6200085848786818083828D8C8F8E89888B8A62
:10F6300095949796919093929D9C9F9E99989B9A52
:10F64000E5E4E7E6E1E0E3E2EDECEFEEE9E8EBEA42
:10F65000F5F4F7F6F1F0F3F2FDFCFEFEF9F8FBFA33
:10F66000C5C4C7C6C1C0C3C2CDCCCFCEC9C8CBCA22
:10F67000D5D4D7D6D1D0D3D2DDDCDFDED9D8DBDA12
:10F6800025242726212023222D2C2F2E29282B2A02
:10F6900035343736313033323D3C3F3E39383B3AF2
:10F6A00005040706010003020D0C0F0E09080B0AE2
:10F6B00015141716111013121D1C1F1E19181B1AD2
:10F6C00065646766616063626D6C6F6E69686B6AC2
:10F6D00075747776717073727D7C7F7E79787B7AB2
:10F6E00045444746414043424D4C4F4E49484B4AA2
:10F6F00055545756515053525D5C5F5E59585B5A92
:10F70000A5A4A7A6A1A0A3A2ADACAFAEA9A8ABAA81
:10F71000B5B4B7B6B1B0B3B2BDBCBFBEB9B8BBBA71
:10F7200085848786818083828D8C8F8E89888B8A61
:10F7300095949796919093929D9C9F9E99989B9A51
:10F74000E5E4E7E6E1E0E3E2EDECEFEEE9E8EBEA41
:10F75000F5F4F7F6F1F0F3F2FDFCFEFEF9F8FBFA32
:10F76000C5C4C7C6C1C0C3C2CDCCCFCEC9C8CBCA21
:10F77000D5D4D7D6D1D0D3D2DDDCDFDED9D8DBDA11
:10F7800025242726212023222D2C2F2E29282B2A01
:10F7900035343736313033323D3C3F3E39383B3AF1
:10F7A00005040706010003020D0C0F0E09080B0AE1
:10F7B00015141716111013121D1C1F1E19181B1AD1
:10F7C00065646766616063626D6C6F6E69686B6AC1
:10F7D00075747776717073727D7C7F7E79787B7AB1
:10F7E00045444746414043424D4C4F4E49484B4AA1
:10F7F00055545756515053525D5C5F5E59585B5A91
:10F80000A5A4A7A6A1A0A3A2ADACAFAEA9A8ABAA80
:10F81000B5B4B7B6B1B0B3B2BDBCBFBEB9B8BBBA70
:10F8200085848786818083828D8C8F8E89888B8A60
:10F8300095949796919093929D9C9F9E99989B9A50
:10F84000E5E4E7E6E1E0E3E2EDECEFEEE9E8EBEA40
:10F85000F5F4F7F6F1F0F3F2FDFCFEFEF9F8FBFA31
:10F86000C5C4C7C6C1C0C3C2CDCCCFCEC9C8CBCA20
:10F87000D5D4D7D6D1D0D3D2DDDCDFDED9D8DBDA10
:10F8800025242726212023222D2C2F2E29282B2A00
:10F8900035343736313033323D3C3F3E39383B3AF0
:10F8A00005040706010003020D0C0F0E09080B0AE0
:10F8B00015141716111013121D1C1F1E19181B1AD0
:10F8C00065646766616063626D6C6F6E69686B6AC0
:10F8D00075747776717073727D7C7F7E79787B7AB0
:10F8E00045444746414043424D4C4F4E49484B4AA0
:10F8F00055545756515053525D5C5F5E59585B5A90
:10F90000A5A4A7A6A1A0A3A2ADACAFAEA9A8ABAA7F
:10F91000B5B4B7B6B1B0B3B2BDBCBFBEB9B8BBBA6F
:10F9200085848786818083828D8C8F8E89888B8A5F
:10F9300095949796919093929D9C9F9E99989B9A4F
:10F94000E5E4E7E6E1E0E3E2EDECEFEEE9E8EBEA3F
:10F95000F5F4F7F6F1F0F3F2FDFCFEFEF9F8FBFA30
:10F96000C5C4C7C6C1C0C3C2CDCCCFCEC9C8CBCA1F
:10F97000D5D4D7D6D1D0D3D2DDDCDFDED9D8DBDA0F
:10F9800025242726212023222D2C2F2E29282B2AFF
:10F9900035343736313033323D3C3F3E39383B3AEF
:10F9A00005040706010003020D0C0F0E09080B0ADF
:10F9B00015141716111013121D1C1F1E19181B1ACF
:10F9C00065646766616063626D6C6F6E69686B6ABF
:10F9D00075747776717073727D7C7F7E79787B7AAF
:10F9E00045444746414043424D4C4F4E49484B4A9F
:10F9F00055545756515053525D5C5F5E59585B5A8F
:10FA0000A5A4A7A6A1A0A3A2ADACAFAEA9A8ABAA7E
:10FA1000B5B4B7B6B1B0B3B2BDBCBFBEB9B8BBBA6E
:10FA200085848786818083828D8C8F8E89888B8A5E
:10FA300095949796919093929D9C9F9E99989B9A4E
:10FA4000E5E4E7E6E1E0E3E2EDECEFEEE9E8EBEA3E
:10FA5000F5F4F7F6F1F0F3F2FDFCFEFEF9F8FBFA2F
:10FA6000C5C4C7C6C1C0C3C2CDCCCFCEC9C8CBCA1E
:10FA7000D5D4D7D6D1D0D3D2DDDCDFDED9D8DBDA0E
:10FA800025242726212023222D2C2F2E29282B2AFE
:10FA900035343736313033323D3C3F3E39383B3AEE
:10FAA00005040706010003020D0C0F0E09080B0ADE
:10FAB00015141716111013121D1C1F1E19181B1ACE
:10FAC00065646766616063626D6C6F6E69686B6ABE
:10FAD00075747776717073727D7C7F7E79787B7AAE
:10FAE00045444746414043424D4C4F4E49484B4A9E
:10FAF00055545756515053525D5C5F5E59585B5A8E
:10FB0000A5A4A7A6A1A0A3A2ADACAFAEA9A8ABAA7D
:10FB1000B5B4B7B6B1B0B3B2BDBCBFBEB9B8BBBA6D
:10FB200085848786818083828D8C8F8E89888B8A5D
:10FB300095949796919093929D9C9F9E99989B9A4D
:10FB4000E5E4E7E6E1E0E3E2EDECEFEEE9E8EBEA3D
:10FB5000F5F4F7F6F1F0F3F2FDFCFEFEF9F8FBFA2E
:10FB6000C5C4C7C6C1C0C3C2CDCCCFCEC9C8CBCA1D
:10FB7000D5D4D7D6D1D0D3D2DDDCDFDED9D8DBDA0D
:10FB800025242726212023222D2C2F2E29282B2AFD
:10FB900035343736313033323D3C3F3E39383B3AED
:10FBA00005040706010003020D0C0F0E09080B0ADD
:10FBB00015141716111013121D1C1F1E19181B1ACD
:10FBC00065646766616063626D6C6F6E69686B6ABD
:10FBD00075747776717073727D7C7F7E79787B7AAD
:10FBE00045444746414043424D4C4F4E49484B4A9D
:10FBF00055545756515053525D5C5F5E59585B5A8D
:10FC0000A5A4A7A6A1A0A3A2ADACAFAEA9A8ABAA7C
:10FC1000B5B4B7B6B1B0B3B2BDBCBFBEB9B8BBBA6C
:10FC200085848786818083828D8C8F8E89888B8A5C
:10FC300095949796919093929D9C9F9E99989B9A4C
:10FC4000E5E4E7E6E1E0E3E2EDECEFEEE9E8EBEA3C
:10FC5000F5F4F7F6F1F0F3F2FDFCFEFEF9F8FBFA2D
:10FC6000C5C4C7C6C1C0C3C2CDCCCFCEC9C8CBCA1C
:10FC7000D5D4D7D6D1D0D3D2DDDCDFDED9D8DBDA0C
:10FC800025242726212023222D2C2F2E29282B2AFC
:10FC900035343736313033323D3C3F3E39383B3AEC
:10FCA00005040706010003020D0C0F0E09080B0ADC
:10FCB00015141716111013121D1C1F1E19181B1ACC
:10FCC00065646766616063626D6C6F6E69686B6ABC
:10FCD00075747776717073727D7C7F7E79787B7AAC
:10FCE00045444746414043424D4C4F4E49484B4A9C
:10FCF00055545756515053525D5C5F5E59585B5A8C
:10FD0000A5A4A7A6A1A0A3A2ADACAFAEA9A8ABAA7B
:10FD1000B5B4B7B6B1B0B3B2BDBCBFBEB9B8BBBA6B
:10FD200085848786818083828D8C8F8E89888B8A5B
:10FD300095949796919093929D9C9F9E99989B9A4B
:10FD4000E5E4E7E6E1E0E3E2EDECEFEEE9E8EBEA3B
:10FD5000F5F4F7F6F1F0F3F2FDFCFEFEF9F8FBFA2C
:10FD6000C5C4C7C6C1C0C3C2CDCCCFCEC9C8CBCA1B
:10FD7000D5D4D7D6D1D0D3D2DDDCDFDED9D8DBDA0B
:10FD800025242726212023222D2C2F2E29282B2AFB
:10FD900035343736313033323D3C3F3E39383B3AEB
:10FDA00005040706010003020D0C0F0E09080B0ADB
:10FDB00015141716111013121D1C1F1E19181B1ACB
:10FDC00065646766616063626D6C6F6E69686B6ABB
:10FDD00075747776717073727D7C7F7E79787B7AAB
:10FDE00045444746414043424D4C4F4E49484B4A9B
:10FDF00055545756515053525D5C5F5E59585B5A8B
:10FE0000A5A4A7A6A1A0A3A2ADACAFAEA9A8ABAA7A
:10FE1000B5B4B7B6B1B0B3B2BDBCBFBEB9B8BBBA6A
:10FE200085848786818083828D8C8F8E89888B8A5A
:10FE300095949796919093929D9C9F9E99989B9A4A
:10FE4000E5E4E7E6E1E0E3E2EDECEFEEE9E8EBEA3A
:10FE5000F5F4F7F6F1F0F3F2FDFCFEFEF9F8FBFA2B
:10FE6000C5C4C7C6C1C0C3C2CDCCCFCEC9C8CBCA1A
:10FE7000D5D4D7D6D1D0D3D2DDDCDFDED9D8DBDA0A
:10FE800025242726212023222D2C2F2E29282B2AFA
:10FE900035343736313033323D3C3F3E39383B3AEA
:10FEA00005040706010003020D0C0F0E09080B0ADA
:10FEB00015141716111013121D1C1F1E19181B1ACA
:10FEC00065646766616063626D6C6F6E69686B6ABA
:10FED00075747776717073727D7C7F7E79787B7AAA
:10FEE00045444746414043424D4C4F4E49484B4A9A
:10FEF00055545756515053525D5C5F5E59585B5A8A
:10FF0000A5A4A7A6A1A0A3A2ADACAFAEA9A8ABAA79
:10FF1000B5B4B7B6B1B0B3B2BDBCBFBEB9B8BBBA69
:10FF200085848786818083828D8C8F8E89888B8A59
:10FF300095949796919093929D9C9F9E99989B9A49
:10FF4000E5E4E7E6E1E0E3E2EDECEFEEE9E8EBEA39
:10FF5000F5F4F7F6F1F0F3F2FDFCFEFEF9F8FBFA2A
:10FF6000C5C4C7C6C1C0C3C2CDCCCFCEC9C8CBCA19
:10FF7000D5D4D7D6D1D0D3D2DDDCDFDED9D8DBDA09
:10FF800025242726212023222D2C2F2E29282B2AF9
:10FF900035343736313033323D3C3F3E39383B3AE9
:10FFA00005040706010003020D0C0F0E09080B0AD9
:10FFB00015141716111013121D1C1F1E19181B1AC9
:10FFC00065646766616063626D6C6F6E69686B6AB9
:10FFD00075747776717073727D7C7F7E79787B7AA9
:10FFE00045444746414043424D4C4F4E49484B4A99
:10FFF00055545756515053525D5C5F5E59585B5A89
:020000040020DA
:10000000A5A4A7A6A1A0A3A2ADACAFAEA9A8ABAA78
:10001000B5B4B7B6B1B0B3B2BDBCBFBEB9B8BBBA68
:020000040030CA
:10000000A5A4A7A6A1A0A3A2ADADAFAEA9A8ABAA77
:10001000B5B4B7B6B1B0B3B2BDBCBFBEB9B8BBBA68
:030020008584874D
:020000040038C2
:10000000A5A4A7A6A1A0A3A2ADACAFAEA9A8ABAA78
:10001000B5B4B7B6B1B0B3B2BDBCBFBEB9B8BBBA68
:1000200085848786818083828D8C8F8E89888B8A58
:1000300095949796919093929D9C9F9E99989B9A48
:10004000E5E4E7E6E1E0E3E2EDECEFEEE9E8EBEA38
:10005000F5F4F7F6F1F0F3F2FDFCFEFEF9F8FBFA29
:10006000C5C4C7C6C1C0C3C2CDCCCFCEC9C8CBCA18
:10007000D5D4D7D6D1D0D3D2DDDCDFDED9D8DBDA08
:1000800025242726212023222D2C2F2E29282B2AF8
:1000900035343736313033323D3C3F3E39383B3AE8
:1000A00005040706010003020D0C0F0E09080B0AD8
:1000B00015141716111013121D1C1F1E19181B1AC8
:1000C00065646766616063626D6C6F6E69686B6AB8
:1000D00075747776717073727D7C7F7E79787B7AA8
:1000E00045444746414043424D4C4F4E49484B4A98
:1000F00055545756515053525D5C5F5E59585B5A88
:10010000A5A4A7A6A1A0A3A2ADACAFAEA9A8ABAA77
:10011000B5B4B7B6B1B0B3B2BDBCBFBEB9B8BBBA67
:1001200085848786818083828D8C8F8E89888B8A57
:1001300095949796919093929D9C9F9E99989B9A47
:10014000E5E4E7E6E1E0E3E2EDECEFEEE9E8EBEA37
:10015000F5F4F7F6F1F0F3F2FDFCFEFEF9F8FBFA28
:10016000C5C4C7C6C1C0C3C2CDCCCFCEC9C8CBCA17
:10017000D5D4D7D6D1D0D3D2DDDCDFDED9D8DBDA07
:1001800025242726212023222D2C2F2E29282B2AF7
:1001900035343736313033323D3C3F3E39383B3AE7
:1001A00005040706010003020D0C0F0E09080B0AD7
:1001B00015141716111013121D1C1F1E19181B1AC7
:1001C00065646766616063626D6C6F6E69686B6AB7
:1001D00075747776717073727D7C7F7E79787B7AA7
:1001E00045444746414043424D4C4F4E49484B4A97
:1001F00055545756515053525D5C5F5E59585B5A87
:10020000A5A4A7A6A1A0A3A2ADACAFAEA9A8ABAA76
:10021000B5B4B7B6B1B0B3B2BDBCBFBEB9B8BBBA66
:1002200085848786818083828D8C8F8E89888B8A56
:1002300095949796919093929D9C9F9E99989B9A46
:10024000E5E4E7E6E1E0E3E2EDECEFEEE9E8EBEA36
:10025000F5F4F7F6F1F0F3F2FDFCFEFEF9F8FBFA27
:10026000C5C4C7C6C1C0C3C2CDCCCFCEC9C8CBCA16
:10027000D5D4D7D6D1D0D3D2DDDCDFDED9D8DBDA06
:1002800025242726212023222D2C2F2E29282B2AF6
:1002900035343736313033323D3C3F3E39383B3AE6
:1002A00005040706010003020D0C0F0E09080B0AD6
:1002B00015141716111013121D1C1F1E19181B1AC6
:1002C00065646766616063626D6C6F6E69686B6AB6
:1002D00075747776717073727D7C7F7E79787B7AA6
:1002E00045444746414043424D4C4F4E49484B4A96
:1002F00055545756515053525D5C5F5E59585B5A86
:10030000A5A4A7A6A1A0A3A2ADACAFAEA9A8ABAA75
:10031000B5B4B7B6B1B0B3B2BDBCBFBEB9B8BBBA65
:1003200085848786818083828D8C8F8E89888B8A55
:1003300095949796919093929D9C9F9E99989B9A45
:10034000E5E4E7E6E1E0E3E2EDECEFEEE9E8EBEA35
:10035000F5F4F7F6F1F0F3F2FDFCFEFEF9F8FBFA26
:10036000C5C4C7C6C1C0C3C2CDCCCFCEC9C8CBCA15
:10037000D5D4D7D6D1D0D3D2DDDCDFDED9D8DBDA05
:1003800025242726212023222D2C2F2E29282B2AF5
:1003900035343736313033323D3C3F3E39383B3AE5
:1003A00005040706010003020D0C0F0E09080B0AD5
:1003B00015141716111013121D1C1F1E19181B1AC5
:1003C00065646766616063626D6C6F6E69686B6AB5
:1003D00075747776717073727D7C7F7E79787B7AA5
:1003E00045444746414043424D4C4F4E49484B4A95
:1003F00055545756515053525D5C5F5E59585B5A85
:00000001FF
